period,red,blue,date
26066,"05,11,21,23,24,29",16,2026-06-11
26065,"07,08,16,24,30,32",02,2026-06-09
26064,"01,09,15,18,29,33",15,2026-06-07
26063,"02,08,25,28,30,31",02,2026-06-04
26062,"02,04,07,14,28,29",09,2026-06-02
26061,"01,04,05,15,23,28",07,2026-05-31
26060,"07,09,10,16,22,27",11,2026-05-28
26059,"08,16,26,28,29,30",15,2026-05-26
26058,"01,04,07,21,29,30",01,2026-05-24
26057,"01,10,22,24,28,30",07,2026-05-21
26056,"10,19,21,22,31,33",05,2026-05-19
26055,"04,11,24,25,32,33",13,2026-05-17
26054,"13,20,25,29,30,33",02,2026-05-14
26053,"01,02,03,08,13,14",02,2026-05-12
26052,"01,03,11,22,26,31",11,2026-05-10
26051,"09,14,15,16,29,30",10,2026-05-07
26050,"06,09,25,27,28,30",03,2026-05-05
26049,"03,04,14,15,18,20",02,2026-05-03
26048,"09,15,18,24,28,33",01,2026-04-30
26047,"07,16,21,24,27,30",07,2026-04-28
26046,"02,09,10,24,31,33",16,2026-04-26
26045,"04,11,15,17,24,30",15,2026-04-23
26044,"02,14,17,18,22,30",01,2026-04-21
26043,"06,09,14,16,25,32",16,2026-04-19
26042,"02,07,12,19,24,31",10,2026-04-16
26041,"02,08,10,17,19,24",13,2026-04-14
26040,"03,04,14,22,23,33",04,2026-04-12
26039,"08,17,18,21,25,30",05,2026-04-09
26038,"01,02,13,23,25,27",05,2026-04-07
26037,"11,22,27,29,31,33",12,2026-04-05
26036,"06,10,12,15,22,28",08,2026-04-02
26035,"02,06,12,24,25,32",02,2026-03-31
26034,"01,03,07,13,22,23",07,2026-03-29
26033,"03,06,13,21,28,29",06,2026-03-26
26032,"01,03,11,18,31,33",02,2026-03-24
26031,"03,10,12,13,18,33",08,2026-03-22
26030,"10,11,14,19,22,24",04,2026-03-19
26029,"06,19,22,23,28,31",05,2026-03-17
26028,"02,06,09,17,25,28",15,2026-03-15
26027,"02,13,17,18,25,26",13,2026-03-12
26026,"02,09,16,22,25,29",03,2026-03-10
26025,"02,03,15,20,23,24",10,2026-03-08
26024,"01,02,13,21,23,29",14,2026-03-05
26023,"01,03,08,10,23,29",06,2026-03-03
26022,"15,18,23,25,28,32",11,2026-03-01
26021,"03,13,25,26,30,31",04,2026-02-26
26020,"01,13,14,21,24,30",02,2026-02-24
26019,"07,08,16,17,18,30",01,2026-02-12
26018,"11,15,17,22,25,30",07,2026-02-10
26017,"01,03,05,18,29,32",04,2026-02-08
26016,"04,05,09,10,27,30",13,2026-02-05
26015,"07,10,13,22,27,31",12,2026-02-03
26014,"07,13,19,22,26,32",01,2026-02-01
26013,"04,09,12,13,16,20",01,2026-01-29
26012,"03,05,07,16,20,24",08,2026-01-27
26011,"02,03,04,20,31,32",04,2026-01-25
26010,"04,09,10,15,19,26",12,2026-01-22
26009,"03,06,13,19,23,25",10,2026-01-20
26008,"06,09,16,27,31,33",10,2026-01-18
26007,"09,13,19,27,29,30",01,2026-01-15
26006,"02,06,22,23,24,28",15,2026-01-13
26005,"01,20,22,27,30,33",10,2026-01-11
26004,"03,07,08,09,18,32",10,2026-01-08
26003,"05,06,09,21,28,30",16,2026-01-06
26002,"01,05,07,18,30,32",02,2026-01-04
26001,"02,06,11,12,13,33",15,2026-01-01
25151,"08,09,14,22,28,30",04,2025-12-30
25150,"06,13,17,19,24,31",08,2025-12-28
25149,"01,02,04,06,22,30",10,2025-12-25
25148,"03,04,09,10,15,22",16,2025-12-23
25147,"01,03,05,08,22,33",08,2025-12-21
25146,"05,07,12,24,26,28",02,2025-12-18
25145,"11,12,15,18,25,32",14,2025-12-16
25144,"01,08,15,20,26,33",13,2025-12-14
25143,"02,09,12,13,15,24",03,2025-12-11
25142,"02,13,15,23,27,31",16,2025-12-09
25141,"02,04,05,10,12,13",06,2025-12-07
25140,"01,03,04,12,18,24",05,2025-12-04
25139,"02,05,17,22,30,33",06,2025-12-02
25138,"10,13,14,23,24,27",15,2025-11-30
25137,"02,08,11,23,27,29",05,2025-11-27
25136,"08,10,14,23,28,32",12,2025-11-25
25135,"01,02,05,09,25,32",10,2025-11-23
25134,"03,05,09,13,26,29",12,2025-11-20
25133,"05,14,17,19,20,33",07,2025-11-18
25132,"04,08,10,21,23,32",11,2025-11-16
25131,"03,13,14,18,24,31",03,2025-11-13
25130,"01,05,08,14,19,23",06,2025-11-11
25129,"03,04,07,13,20,30",03,2025-11-09
25128,"02,10,18,19,24,27",01,2025-11-06
25127,"03,09,15,17,19,28",03,2025-11-04
25126,"02,12,13,16,19,25",10,2025-11-02
25125,"03,09,12,13,26,32",09,2025-10-30
25124,"01,02,18,19,21,33",13,2025-10-28
25123,"07,09,23,24,25,26",10,2025-10-26
25122,"16,18,19,20,25,31",13,2025-10-23
25121,"06,08,10,25,29,30",08,2025-10-21
25120,"01,02,04,07,13,32",07,2025-10-19
25119,"06,09,23,26,28,32",11,2025-10-16
25118,"01,10,11,16,24,26",03,2025-10-14
25117,"06,08,17,20,25,33",10,2025-10-12
25116,"02,04,08,24,28,31",09,2025-10-09
25115,"02,03,08,19,24,30",02,2025-10-07
25114,"01,20,21,25,26,27",10,2025-10-05
25113,"08,10,13,15,24,31",16,2025-09-30
25112,"03,09,11,13,20,32",02,2025-09-28
25111,"09,14,18,28,31,33",12,2025-09-25
25110,"01,05,11,14,16,19",08,2025-09-23
25109,"05,06,09,17,18,31",03,2025-09-21
25108,"01,09,14,17,22,33",07,2025-09-18
25107,"02,03,10,15,25,33",13,2025-09-16
25106,"04,05,17,22,26,30",04,2025-09-14
25105,"04,07,18,24,26,28",08,2025-09-11
25104,"02,05,15,16,24,32",16,2025-09-09
25103,"13,16,21,25,28,31",16,2025-09-07
25102,"04,09,16,17,18,31",07,2025-09-04
25101,"05,08,09,10,16,21",05,2025-09-02
25100,"12,16,17,25,30,31",16,2025-08-31
25099,"09,11,15,17,22,26",14,2025-08-28
25098,"05,08,13,17,18,29",02,2025-08-26
25097,"03,05,16,23,26,31",14,2025-08-24
25096,"07,09,11,12,16,29",15,2025-08-21
25095,"15,16,22,23,26,32",04,2025-08-19
25094,"11,13,17,19,23,29",16,2025-08-17
25093,"09,11,12,24,25,26",10,2025-08-14
25092,"02,11,14,17,23,24",12,2025-08-12
25091,"03,04,17,19,25,27",14,2025-08-10
25090,"06,11,12,21,27,28",15,2025-08-07
25089,"04,06,08,18,31,33",05,2025-08-05
25088,"01,03,13,18,21,25",06,2025-08-03
25087,"02,06,14,15,24,26",08,2025-07-31
25086,"02,06,08,10,17,24",06,2025-07-29
25085,"11,14,15,18,21,24",13,2025-07-27
25084,"06,08,10,14,24,33",15,2025-07-24
25083,"10,15,16,17,27,29",12,2025-07-22
25082,"04,06,09,14,32,33",11,2025-07-20
25081,"03,06,18,20,23,28",05,2025-07-17
25080,"03,07,08,10,16,19",05,2025-07-15
25079,"08,11,14,15,30,32",05,2025-07-13
25078,"06,15,17,30,32,33",14,2025-07-10
25077,"04,07,08,15,20,21",15,2025-07-08
25076,"02,06,09,12,14,30",08,2025-07-06
25075,"10,12,14,19,20,21",15,2025-07-03
25074,"03,04,12,20,32,33",13,2025-07-01
25073,"02,07,10,27,30,33",11,2025-06-29
25072,"02,14,17,25,27,29",05,2025-06-26
25071,"01,12,18,23,25,28",07,2025-06-24
25070,"02,03,15,21,22,33",06,2025-06-22
25069,"02,04,19,23,27,30",05,2025-06-19
25068,"05,07,08,19,20,31",07,2025-06-17
25067,"01,05,10,17,20,22",05,2025-06-15
25066,"06,22,24,27,28,30",04,2025-06-12
25065,"06,10,13,14,15,20",11,2025-06-10
25064,"02,10,13,22,29,33",16,2025-06-08
25063,"02,19,21,22,28,30",01,2025-06-05
25062,"06,08,09,13,25,31",14,2025-06-03
25061,"06,07,09,10,11,32",09,2025-06-01
25060,"06,14,18,25,28,30",01,2025-05-29
25059,"04,10,11,12,13,24",01,2025-05-27
25058,"02,06,07,09,10,20",06,2025-05-25
25057,"04,09,15,16,25,30",14,2025-05-22
25056,"01,02,10,14,28,31",03,2025-05-20
25055,"02,05,22,27,29,33",12,2025-05-18
25054,"05,07,10,21,24,27",16,2025-05-15
25053,"06,09,10,13,30,33",07,2025-05-13
25052,"06,07,10,17,20,26",09,2025-05-11
25051,"01,02,03,04,17,22",01,2025-05-08
25050,"09,12,15,18,22,33",16,2025-05-06
25049,"03,06,19,27,29,33",11,2025-05-04
25048,"16,21,22,23,27,31",10,2025-05-01
25047,"01,14,21,22,23,31",12,2025-04-29
25046,"02,03,10,16,29,33",01,2025-04-27
25045,"02,14,19,24,29,33",13,2025-04-24
25044,"02,03,07,08,14,28",11,2025-04-22
25043,"03,12,16,19,20,32",13,2025-04-20
25042,"07,13,19,23,27,33",12,2025-04-17
25041,"06,10,17,19,25,31",06,2025-04-15
25040,"02,06,08,09,10,24",11,2025-04-13
25039,"08,10,12,15,17,23",11,2025-04-10
25038,"06,19,20,23,26,33",09,2025-04-08
25037,"03,06,11,20,21,31",02,2025-04-06
25036,"05,11,13,16,19,32",07,2025-04-03
25035,"01,08,16,18,25,31",01,2025-04-01
25034,"05,08,13,14,24,26",12,2025-03-30
25033,"03,05,18,25,26,33",08,2025-03-27
25032,"03,08,10,14,16,21",03,2025-03-25
25031,"01,05,06,08,23,28",01,2025-03-23
25030,"04,06,07,30,31,33",06,2025-03-20
25029,"05,15,16,25,30,33",16,2025-03-18
25028,"04,09,14,15,18,25",15,2025-03-16
25027,"05,07,08,15,16,23",06,2025-03-13
25026,"09,10,12,14,19,32",07,2025-03-11
25025,"12,15,21,23,25,30",02,2025-03-09
25024,"10,11,22,27,30,32",15,2025-03-06
25023,"09,12,13,24,25,33",07,2025-03-04
25022,"11,17,18,20,28,30",10,2025-03-02
25021,"07,08,16,18,25,32",14,2025-02-27
25020,"04,11,13,16,26,30",15,2025-02-25
25019,"05,13,17,18,22,23",11,2025-02-23
25018,"03,09,18,21,28,29",11,2025-02-20
25017,"04,12,15,18,28,29",05,2025-02-18
25016,"02,03,12,16,20,29",14,2025-02-16
25015,"04,11,15,24,25,33",15,2025-02-13
25014,"06,07,09,13,21,27",05,2025-02-11
25013,"04,14,16,23,24,30",14,2025-02-09
25012,"07,11,13,18,27,31",11,2025-02-06
25011,"06,13,17,22,24,29",11,2025-01-26
25010,"04,06,07,16,17,21",08,2025-01-23
25009,"02,04,11,12,23,25",06,2025-01-21
25008,"09,14,16,17,25,33",11,2025-01-19
25007,"07,08,14,18,21,27",11,2025-01-16
25006,"01,07,08,17,20,22",06,2025-01-14
25005,"10,16,19,27,28,30",09,2025-01-12
25004,"03,07,17,27,29,32",04,2025-01-09
25003,"10,19,20,26,28,29",15,2025-01-07
25002,"09,12,13,15,22,26",11,2025-01-05
25001,"02,03,17,18,22,33",16,2025-01-02
24151,"05,10,16,19,29,32",04,2024-12-31
24150,"13,14,20,22,26,32",02,2024-12-29
24149,"03,09,16,17,18,22",16,2024-12-26
24148,"02,06,15,16,21,23",11,2024-12-24
24147,"05,11,13,16,21,30",10,2024-12-22
24146,"02,04,11,22,27,32",10,2024-12-19
24145,"01,03,16,22,23,30",03,2024-12-17
24144,"02,09,11,17,20,30",11,2024-12-15
24143,"02,05,11,22,30,33",10,2024-12-12
24142,"04,06,13,21,22,25",06,2024-12-10
24141,"01,02,07,15,24,29",12,2024-12-08
24140,"04,07,08,17,22,26",15,2024-12-05
24139,"15,16,20,22,23,29",14,2024-12-03
24138,"02,07,11,21,27,28",02,2024-12-01
24137,"04,09,10,19,26,27",12,2024-11-28
24136,"03,11,15,21,25,26",03,2024-11-26
24135,"05,11,17,18,30,31",13,2024-11-24
24134,"02,04,13,16,18,20",16,2024-11-21
24133,"01,11,15,27,30,33",01,2024-11-19
24132,"01,04,25,27,28,33",03,2024-11-17
24131,"04,05,11,15,20,32",13,2024-11-14
24130,"01,08,12,17,19,24",16,2024-11-12
24129,"09,10,13,19,24,32",01,2024-11-10
24128,"01,08,13,18,20,26",16,2024-11-07
24127,"02,05,13,20,27,32",10,2024-11-05
24126,"14,18,23,24,26,33",10,2024-11-03
24125,"01,04,13,18,26,30",03,2024-10-31
24124,"02,14,15,17,25,30",11,2024-10-29
24123,"02,15,22,26,30,33",04,2024-10-27
24122,"05,07,09,16,17,29",15,2024-10-24
24121,"01,07,10,13,27,33",03,2024-10-22
24120,"01,05,07,11,18,19",07,2024-10-20
24119,"02,09,26,27,31,32",14,2024-10-17
24118,"02,03,04,06,11,15",14,2024-10-15
24117,"03,12,14,16,29,32",12,2024-10-13
24116,"01,15,20,22,31,32",03,2024-10-10
24115,"03,10,11,19,27,28",07,2024-10-08
24114,"07,11,18,24,27,32",04,2024-10-06
24113,"04,05,23,24,26,31",11,2024-09-29
24112,"08,11,16,25,29,32",03,2024-09-26
24111,"01,04,11,12,22,30",16,2024-09-24
24110,"04,13,17,23,25,33",14,2024-09-22
24109,"03,04,24,28,29,33",09,2024-09-19
24108,"01,08,09,23,24,30",08,2024-09-17
24107,"01,06,08,13,17,19",09,2024-09-15
24106,"03,08,11,22,31,33",04,2024-09-12
24105,"02,05,17,19,29,33",04,2024-09-10
24104,"05,16,23,24,26,29",04,2024-09-08
24103,"12,21,23,27,32,33",15,2024-09-05
24102,"09,15,18,21,22,25",01,2024-09-03
24101,"08,12,15,17,19,30",08,2024-09-01
24100,"13,14,19,20,27,30",05,2024-08-29
24099,"04,12,17,24,26,27",16,2024-08-27
24098,"03,08,10,20,30,31",02,2024-08-25
24097,"04,10,12,13,18,30",03,2024-08-22
24096,"02,04,14,18,23,27",13,2024-08-20
24095,"04,06,09,14,16,21",03,2024-08-18
24094,"06,13,17,22,25,27",09,2024-08-15
24093,"01,05,07,11,12,15",12,2024-08-13
24092,"03,08,11,12,18,29",05,2024-08-11
24091,"13,15,16,19,20,24",10,2024-08-08
24090,"07,11,17,24,31,32",12,2024-08-06
24089,"03,06,09,15,18,31",01,2024-08-04
24088,"03,08,10,17,30,32",10,2024-08-01
24087,"03,09,18,19,20,26",11,2024-07-30
24086,"17,19,20,23,25,31",02,2024-07-28
24085,"01,05,15,21,23,27",15,2024-07-25
24084,"01,08,10,13,19,29",13,2024-07-23
24083,"03,09,14,29,32,33",15,2024-07-21
24082,"01,02,13,16,17,29",16,2024-07-18
24081,"01,06,12,17,23,25",04,2024-07-16
24080,"06,11,12,27,29,30",13,2024-07-14
24079,"02,03,06,07,16,26",04,2024-07-11
24078,"05,09,14,21,22,26",12,2024-07-09
24077,"01,04,06,14,17,22",08,2024-07-07
24076,"03,22,24,27,29,32",15,2024-07-04
24075,"03,05,08,18,22,28",01,2024-07-02
24074,"07,08,10,22,24,32",07,2024-06-30
24073,"03,09,12,18,28,30",01,2024-06-27
24072,"01,14,20,21,23,27",06,2024-06-25
24071,"02,08,19,28,30,31",14,2024-06-23
24070,"04,13,18,20,22,28",05,2024-06-20
24069,"06,13,20,21,24,32",06,2024-06-18
24068,"01,02,07,19,20,21",01,2024-06-16
24067,"01,11,13,17,25,29",03,2024-06-13
24066,"08,09,12,22,26,32",13,2024-06-11
24065,"03,05,09,10,19,22",14,2024-06-09
24064,"06,08,17,18,28,30",05,2024-06-06
24063,"07,14,16,23,28,32",04,2024-06-04
24062,"01,07,10,16,18,27",16,2024-06-02
24061,"01,09,18,22,25,28",02,2024-05-30
24060,"01,02,06,10,22,28",15,2024-05-28
24059,"01,03,14,25,31,33",07,2024-05-26
24058,"08,12,13,17,27,29",13,2024-05-23
24057,"03,08,17,18,23,31",08,2024-05-21
24056,"05,18,20,24,25,26",06,2024-05-19
24055,"02,04,06,07,16,29",03,2024-05-16
24054,"08,13,20,25,31,32",03,2024-05-14
24053,"07,14,21,22,28,33",07,2024-05-12
24052,"07,10,11,15,17,21",03,2024-05-09
24051,"05,09,13,20,23,28",06,2024-05-07
24050,"01,03,07,10,22,33",02,2024-05-05
24049,"12,15,17,23,26,32",11,2024-05-02
24048,"02,09,15,19,26,28",02,2024-04-30
24047,"07,08,21,26,29,30",15,2024-04-28
24046,"02,06,10,11,17,29",15,2024-04-25
24045,"02,08,19,23,24,26",03,2024-04-23
24044,"02,06,17,25,32,33",06,2024-04-21
24043,"04,06,07,14,15,24",08,2024-04-18
24042,"02,04,05,14,26,32",14,2024-04-16
24041,"02,09,12,22,25,33",16,2024-04-14
24040,"11,14,18,19,23,26",02,2024-04-11
24039,"02,06,12,29,30,31",10,2024-04-09
24038,"08,10,18,23,27,31",02,2024-04-07
24037,"01,04,05,06,12,14",13,2024-04-04
24036,"02,08,09,12,21,31",02,2024-04-02
24035,"05,07,14,17,22,32",06,2024-03-31
24034,"02,09,12,19,21,31",04,2024-03-28
24033,"06,10,11,18,20,32",05,2024-03-26
24032,"01,03,04,11,12,21",16,2024-03-24
24031,"09,10,13,25,30,32",02,2024-03-21
24030,"01,08,22,25,29,33",10,2024-03-19
24029,"12,18,23,25,28,33",04,2024-03-17
24028,"03,07,08,11,18,19",05,2024-03-14
24027,"02,06,13,27,28,32",13,2024-03-12
24026,"04,07,18,19,20,25",06,2024-03-10
24025,"08,15,21,22,25,33",13,2024-03-07
24024,"03,07,21,24,26,30",10,2024-03-05
24023,"01,10,22,25,28,32",10,2024-03-03
24022,"02,09,11,14,18,26",06,2024-02-29
24021,"04,06,16,17,23,24",11,2024-02-27
24020,"03,08,12,14,17,33",08,2024-02-25
24019,"05,11,12,16,17,20",08,2024-02-22
24018,"06,15,17,24,28,29",16,2024-02-20
24017,"04,17,19,20,25,32",04,2024-02-18
24016,"07,12,20,24,32,33",04,2024-02-06
24015,"03,08,17,18,20,30",15,2024-02-04
24014,"01,02,10,22,24,25",13,2024-02-01
24013,"01,07,10,14,21,25",07,2024-01-30
24012,"01,03,07,18,22,28",15,2024-01-28
24011,"08,12,16,20,27,31",06,2024-01-25
24010,"11,16,20,21,23,24",04,2024-01-23
24009,"01,04,07,10,17,23",14,2024-01-21
24008,"08,20,21,23,27,30",13,2024-01-18
24007,"04,05,06,07,20,22",15,2024-01-16
24006,"07,18,20,21,26,32",05,2024-01-14
24005,"05,06,20,23,25,32",03,2024-01-11
24004,"09,13,17,18,21,27",04,2024-01-09
24003,"01,05,08,13,32,33",03,2024-01-07
24002,"04,09,10,17,19,20",09,2024-01-04
24001,"03,07,16,26,27,32",16,2024-01-02
23151,"01,15,16,20,25,27",05,2023-12-31
23150,"10,17,25,26,30,33",05,2023-12-28
23149,"02,10,19,24,26,33",15,2023-12-26
23148,"03,05,07,09,19,20",08,2023-12-24
23147,"05,06,14,16,19,32",12,2023-12-21
23146,"02,03,06,11,20,32",09,2023-12-19
23145,"07,10,21,22,23,24",11,2023-12-17
23144,"12,16,17,22,25,27",08,2023-12-14
23143,"05,07,09,16,23,30",15,2023-12-12
23142,"02,08,20,21,27,33",14,2023-12-10
23141,"01,08,11,12,21,23",03,2023-12-07
23140,"03,04,11,14,30,31",05,2023-12-05
23139,"12,14,19,21,27,31",11,2023-12-03
23138,"03,22,28,30,31,33",04,2023-11-30
23137,"03,12,17,19,23,27",11,2023-11-28
23136,"03,05,10,21,22,26",10,2023-11-26
23135,"05,06,11,13,28,30",07,2023-11-23
23134,"05,08,09,17,22,33",04,2023-11-21
23133,"04,05,10,14,22,25",03,2023-11-19
23132,"03,09,11,15,25,27",01,2023-11-16
23131,"06,07,14,20,26,32",01,2023-11-14
23130,"04,10,17,22,23,32",16,2023-11-12
23129,"08,09,12,17,32,33",04,2023-11-09
23128,"07,16,20,21,27,33",01,2023-11-07
23127,"03,08,19,22,26,32",14,2023-11-05
23126,"10,24,26,28,29,31",16,2023-11-02
23125,"11,14,15,27,30,33",04,2023-10-31
23124,"02,03,17,18,25,30",11,2023-10-29
23123,"10,13,15,22,29,32",15,2023-10-26
23122,"07,08,14,18,20,30",05,2023-10-24
23121,"02,12,16,25,30,31",12,2023-10-22
23120,"03,08,13,24,27,29",08,2023-10-19
23119,"01,02,03,19,21,28",15,2023-10-17
23118,"01,02,11,19,25,29",04,2023-10-15
23117,"02,11,14,17,18,28",08,2023-10-12
23116,"02,08,09,13,24,27",12,2023-10-10
23115,"02,07,16,21,26,27",16,2023-10-08
23114,"07,09,15,16,17,26",09,2023-10-05
23113,"01,02,13,18,25,27",03,2023-09-28
23112,"09,12,13,22,24,31",04,2023-09-26
23111,"05,06,12,17,20,33",09,2023-09-24
23110,"02,06,20,25,29,33",16,2023-09-21
23109,"06,08,10,13,16,28",13,2023-09-19
23108,"01,03,06,08,18,24",09,2023-09-17
23107,"03,07,18,25,29,33",14,2023-09-14
23106,"07,09,10,20,22,24",07,2023-09-12
23105,"01,03,05,26,30,32",16,2023-09-10
23104,"10,19,23,25,30,31",12,2023-09-07
23103,"05,06,13,24,25,29",15,2023-09-05
23102,"01,09,10,13,21,28",10,2023-09-03
23101,"01,05,09,15,18,26",04,2023-08-31
23100,"05,06,12,15,23,25",04,2023-08-29
23099,"09,11,14,19,27,33",05,2023-08-27
23098,"02,10,11,14,21,27",11,2023-08-24
23097,"01,09,14,19,29,30",15,2023-08-22
23096,"08,11,18,26,31,32",15,2023-08-20
23095,"03,08,16,17,22,26",11,2023-08-17
23094,"06,10,12,14,30,31",12,2023-08-15
23093,"10,21,24,25,27,32",07,2023-08-13
23092,"03,12,24,25,32,33",13,2023-08-10
23091,"16,20,22,26,30,32",16,2023-08-08
23090,"01,02,09,26,30,31",07,2023-08-06
23089,"08,13,15,27,28,31",11,2023-08-03
23088,"01,14,18,26,31,33",05,2023-08-01
23087,"02,09,15,17,28,33",01,2023-07-30
23086,"08,09,10,22,26,32",12,2023-07-27
23085,"11,18,23,24,31,33",13,2023-07-25
23084,"09,13,14,17,19,27",03,2023-07-23
23083,"07,10,12,16,17,30",12,2023-07-20
23082,"04,18,19,24,27,30",16,2023-07-18
23081,"01,11,15,16,22,31",15,2023-07-16
23080,"01,02,04,09,25,31",08,2023-07-13
23079,"05,06,09,12,21,22",07,2023-07-11
23078,"06,08,14,19,30,31",08,2023-07-09
23077,"07,09,14,22,26,27",01,2023-07-06
23076,"03,04,15,18,19,22",09,2023-07-04
23075,"13,15,24,28,30,31",01,2023-07-02
23074,"02,08,09,18,19,21",03,2023-06-29
23073,"01,03,15,16,25,32",10,2023-06-27
23072,"02,06,10,24,25,33",09,2023-06-25
23071,"05,12,15,19,24,26",06,2023-06-22
23070,"03,05,25,31,32,33",04,2023-06-20
23069,"12,14,17,20,21,26",02,2023-06-18
23068,"11,12,15,18,29,33",02,2023-06-15
23067,"01,03,12,19,28,32",14,2023-06-13
23066,"02,07,08,10,26,31",06,2023-06-11
23065,"02,14,17,20,26,33",14,2023-06-08
23064,"01,07,11,12,16,18",04,2023-06-06
23063,"04,08,17,20,22,27",13,2023-06-04
23062,"11,19,23,24,26,33",15,2023-06-01
23061,"01,04,06,11,12,22",15,2023-05-30
23060,"09,11,17,19,30,31",11,2023-05-28
23059,"02,06,13,22,27,32",06,2023-05-25
23058,"10,17,22,26,30,33",11,2023-05-23
23057,"02,05,10,17,24,32",03,2023-05-21
23056,"08,14,15,18,23,33",08,2023-05-18
23055,"03,04,20,23,27,32",13,2023-05-16
23054,"05,06,09,10,15,26",12,2023-05-14
23053,"01,07,14,20,27,30",15,2023-05-11
23052,"03,04,05,08,12,17",06,2023-05-09
23051,"22,26,29,30,32,33",14,2023-05-07
23050,"02,07,09,14,22,23",05,2023-05-04
23049,"05,07,14,23,25,27",02,2023-05-02
23048,"02,03,10,24,28,30",08,2023-04-30
23047,"05,07,14,23,31,33",07,2023-04-27
23046,"06,08,17,25,26,28",03,2023-04-25
23045,"03,06,12,21,27,28",04,2023-04-23
23044,"02,08,15,22,24,26",16,2023-04-20
23043,"05,08,12,20,24,28",10,2023-04-18
23042,"10,17,20,23,27,30",10,2023-04-16
23041,"01,06,12,13,15,24",06,2023-04-13
23040,"09,16,17,24,29,31",08,2023-04-11
23039,"02,03,09,13,19,28",09,2023-04-09
23038,"02,09,14,17,31,33",08,2023-04-06
23037,"08,23,25,26,29,31",12,2023-04-04
23036,"13,14,18,19,24,30",09,2023-04-02
23035,"01,04,09,10,20,33",06,2023-03-30
23034,"02,03,09,11,12,17",15,2023-03-28
23033,"08,09,13,23,24,26",05,2023-03-26
23032,"06,19,20,26,28,33",01,2023-03-23
23031,"07,14,27,29,31,33",05,2023-03-21
23030,"02,03,07,16,30,31",06,2023-03-19
23029,"03,07,12,24,28,33",08,2023-03-16
23028,"05,07,10,17,20,22",14,2023-03-14
23027,"08,10,22,27,32,33",08,2023-03-12
23026,"01,18,26,30,31,33",03,2023-03-09
23025,"04,16,20,21,31,32",14,2023-03-07
23024,"03,06,09,17,27,28",03,2023-03-05
23023,"05,08,10,15,24,25",09,2023-03-02
23022,"10,11,18,19,23,31",03,2023-02-28
23021,"02,05,06,19,21,27",04,2023-02-26
23020,"01,12,17,18,26,27",05,2023-02-23
23019,"06,12,26,28,29,32",15,2023-02-21
23018,"10,12,17,19,25,31",13,2023-02-19
23017,"05,11,18,20,26,28",12,2023-02-16
23016,"14,16,19,23,28,30",03,2023-02-14
23015,"02,03,14,21,29,32",08,2023-02-12
23014,"06,07,18,23,27,30",05,2023-02-09
23013,"06,10,14,22,23,33",13,2023-02-07
23012,"03,04,07,22,26,30",06,2023-02-05
23011,"06,07,16,17,21,22",04,2023-02-02
23010,"04,05,13,18,27,29",12,2023-01-31
23009,"03,04,19,23,30,32",06,2023-01-29
23008,"05,13,18,20,26,28",06,2023-01-17
23007,"05,06,09,22,25,31",03,2023-01-15
23006,"02,10,12,14,24,26",05,2023-01-12
23005,"02,06,08,13,14,19",16,2023-01-10
23004,"01,07,15,16,20,25",16,2023-01-08
23003,"05,08,18,25,30,32",06,2023-01-05
23002,"02,06,10,16,18,22",13,2023-01-03
23001,"09,16,18,22,28,32",02,2023-01-01
22150,"01,07,11,12,22,28",05,2022-12-29
22149,"02,22,26,29,32,33",14,2022-12-27
22148,"02,15,16,17,21,31",14,2022-12-25
22147,"02,03,07,13,20,30",10,2022-12-22
22146,"06,07,13,18,26,31",06,2022-12-20
22145,"03,21,25,30,31,33",11,2022-12-18
22144,"07,20,22,23,31,32",05,2022-12-15
22143,"07,08,13,29,30,33",03,2022-12-13
22142,"01,03,13,16,21,27",03,2022-12-11
22141,"05,12,13,17,20,27",14,2022-12-08
22140,"08,09,18,19,20,27",15,2022-12-06
22139,"06,07,09,16,17,19",14,2022-12-04
22138,"02,14,19,21,25,28",11,2022-12-01
22137,"08,21,23,27,28,33",01,2022-11-29
22136,"08,10,14,15,18,22",08,2022-11-27
22135,"09,11,13,24,28,32",06,2022-11-24
22134,"01,05,14,17,24,31",14,2022-11-22
22133,"05,08,16,17,21,25",12,2022-11-20
22132,"01,03,18,26,32,33",04,2022-11-17
22131,"03,05,10,13,19,29",06,2022-11-15
22130,"02,08,15,17,26,28",12,2022-11-13
22129,"10,12,14,22,24,27",07,2022-11-10
22128,"03,12,18,24,27,29",01,2022-11-08
22127,"03,04,09,10,29,33",13,2022-11-06
22126,"01,13,15,17,26,33",13,2022-11-03
22125,"02,03,07,12,20,31",16,2022-11-01
22124,"05,10,13,18,24,26",01,2022-10-30
22123,"10,13,16,20,21,25",05,2022-10-27
22122,"06,08,17,19,24,28",05,2022-10-25
22121,"12,17,22,27,30,31",02,2022-10-23
22120,"02,15,19,26,27,29",02,2022-10-20
22119,"02,05,15,18,26,27",04,2022-10-18
22118,"02,06,07,11,14,33",08,2022-10-16
22117,"04,13,17,18,28,29",06,2022-10-13
22116,"08,14,26,27,30,33",01,2022-10-11
22115,"06,07,18,20,27,29",09,2022-10-09
22114,"01,05,15,19,26,29",13,2022-10-06
22113,"13,14,20,24,27,29",02,2022-09-29
22112,"03,05,08,17,25,31",01,2022-09-27
22111,"02,10,11,13,28,31",01,2022-09-25
22110,"09,13,15,18,20,28",15,2022-09-22
22109,"04,11,13,19,22,33",11,2022-09-20
22108,"01,07,13,17,18,31",15,2022-09-18
22107,"03,09,11,15,19,28",16,2022-09-15
22106,"17,20,22,23,24,31",01,2022-09-13
22105,"06,12,13,15,21,23",15,2022-09-11
22104,"01,08,19,25,26,31",01,2022-09-08
22103,"06,09,12,14,20,28",10,2022-09-06
22102,"09,10,12,18,29,32",14,2022-09-04
22101,"04,16,18,19,27,28",04,2022-09-01
22100,"02,06,07,15,20,21",15,2022-08-30
22099,"01,11,23,24,26,32",15,2022-08-28
22098,"02,03,04,06,21,33",05,2022-08-25
22097,"04,05,10,13,30,31",14,2022-08-23
22096,"03,16,17,19,25,33",07,2022-08-21
22095,"04,13,14,18,20,28",08,2022-08-18
22094,"06,11,13,16,19,31",02,2022-08-16
22093,"21,22,24,28,29,32",14,2022-08-14
22092,"07,10,16,20,21,27",11,2022-08-11
22091,"08,18,20,22,24,28",10,2022-08-09
22090,"01,04,25,27,29,30",07,2022-08-07
22089,"02,07,15,29,31,33",15,2022-08-04
22088,"03,09,15,17,20,22",06,2022-08-02
22087,"05,06,09,13,23,25",08,2022-07-31
22086,"01,04,08,21,23,24",11,2022-07-28
22085,"07,09,14,31,32,33",13,2022-07-26
22084,"03,18,23,24,25,32",09,2022-07-24
22083,"08,12,13,14,19,20",05,2022-07-21
22082,"04,10,11,23,30,32",14,2022-07-19
22081,"04,08,11,21,27,30",01,2022-07-17
22080,"05,12,15,17,18,27",04,2022-07-14
22079,"01,09,15,17,22,23",16,2022-07-12
22078,"01,04,05,15,17,31",09,2022-07-10
22077,"03,17,18,19,20,27",16,2022-07-07
22076,"08,09,10,13,24,29",02,2022-07-05
22075,"01,02,04,25,26,30",10,2022-07-03
22074,"05,07,15,19,29,33",15,2022-06-30
22073,"06,10,14,15,26,29",12,2022-06-28
22072,"05,14,15,16,18,32",12,2022-06-26
22071,"04,07,15,18,29,33",01,2022-06-23
22070,"04,06,09,27,28,33",02,2022-06-21
22069,"06,07,13,19,26,29",08,2022-06-19
22068,"07,12,15,24,26,29",06,2022-06-16
22067,"01,05,13,21,26,29",15,2022-06-14
22066,"06,11,14,20,27,30",09,2022-06-12
22065,"09,14,18,23,28,31",02,2022-06-09
22064,"04,06,12,13,17,31",16,2022-06-07
22063,"06,08,09,17,22,31",11,2022-06-05
22062,"16,18,20,21,23,33",05,2022-06-02
22061,"01,03,16,18,29,33",06,2022-05-31
22060,"16,18,19,24,28,32",01,2022-05-29
22059,"06,09,18,19,29,33",06,2022-05-26
22058,"06,13,14,23,31,33",01,2022-05-24
22057,"12,15,20,26,30,33",16,2022-05-22
22056,"01,06,11,14,17,26",15,2022-05-19
22055,"02,04,09,26,28,33",03,2022-05-17
22054,"08,12,21,27,28,33",11,2022-05-15
22053,"10,14,18,23,27,33",15,2022-05-12
22052,"07,24,27,29,31,32",15,2022-05-10
22051,"02,05,11,17,21,33",01,2022-05-08
22050,"03,05,08,14,27,33",08,2022-05-05
22049,"02,04,07,18,25,26",10,2022-05-03
22048,"05,07,17,20,26,31",14,2022-05-01
22047,"03,07,08,14,27,30",09,2022-04-28
22046,"02,11,24,25,27,30",14,2022-04-26
22045,"03,12,17,18,19,28",04,2022-04-24
22044,"01,07,08,21,23,29",06,2022-04-21
22043,"02,17,20,23,25,27",08,2022-04-19
22042,"05,10,11,21,22,30",13,2022-04-17
22041,"05,07,21,22,24,29",14,2022-04-14
22040,"03,12,14,16,31,33",12,2022-04-12
22039,"02,06,07,10,15,20",05,2022-04-10
22038,"09,12,13,16,24,32",04,2022-04-07
22037,"01,10,13,20,22,32",14,2022-04-05
22036,"02,03,14,16,26,31",02,2022-04-03
22035,"08,12,13,19,23,25",15,2022-03-31
22034,"14,17,26,31,32,33",10,2022-03-29
22033,"05,12,19,22,25,26",05,2022-03-27
22032,"04,10,11,14,23,32",07,2022-03-24
22031,"01,10,11,22,26,32",07,2022-03-22
22030,"12,23,24,26,27,30",05,2022-03-20
22029,"03,08,10,13,26,32",08,2022-03-17
22028,"05,11,20,22,23,29",09,2022-03-15
22027,"14,15,18,19,26,32",09,2022-03-13
22026,"03,04,10,15,22,24",02,2022-03-10
22025,"06,19,24,25,28,32",04,2022-03-08
22024,"07,09,10,14,19,24",15,2022-03-06
22023,"07,12,17,19,24,25",02,2022-03-03
22022,"01,07,11,15,17,19",06,2022-03-01
22021,"03,07,22,24,26,31",14,2022-02-27
22020,"09,11,14,22,30,32",01,2022-02-24
22019,"05,06,14,20,21,25",08,2022-02-22
22018,"07,11,16,17,30,32",16,2022-02-20
22017,"06,09,24,29,30,32",07,2022-02-17
22016,"05,10,19,20,29,31",14,2022-02-15
22015,"06,14,16,27,28,31",07,2022-02-13
22014,"06,07,13,14,15,27",04,2022-02-10
22013,"02,03,04,07,10,18",15,2022-02-08
22012,"04,07,08,29,30,31",01,2022-01-27
22011,"06,15,23,24,25,33",15,2022-01-25
22010,"12,18,19,20,21,32",15,2022-01-23
22009,"04,15,17,19,25,28",16,2022-01-20
22008,"02,03,07,09,20,21",13,2022-01-18
22007,"01,20,22,23,25,28",16,2022-01-16
22006,"03,06,09,15,22,31",02,2022-01-13
22005,"07,10,12,16,19,31",16,2022-01-11
22004,"05,19,24,28,30,32",14,2022-01-09
22003,"02,05,16,17,18,30",06,2022-01-06
22002,"02,12,21,23,25,31",08,2022-01-04
22001,"06,13,15,17,20,21",03,2022-01-02
21150,"09,14,20,21,24,26",04,2021-12-30
21149,"05,10,15,18,19,32",05,2021-12-28
21148,"10,12,15,17,19,20",08,2021-12-26
21147,"05,10,11,13,27,28",09,2021-12-23
21146,"07,09,21,22,26,32",03,2021-12-21
21145,"04,07,10,14,16,26",09,2021-12-19
21144,"02,05,13,15,23,26",07,2021-12-16
21143,"01,09,11,13,20,29",09,2021-12-14
21142,"04,07,17,19,20,24",16,2021-12-12
21141,"01,14,19,23,26,30",10,2021-12-09
21140,"05,10,16,26,27,33",01,2021-12-07
21139,"12,14,19,23,24,27",01,2021-12-05
21138,"11,14,15,16,27,32",09,2021-12-02
21137,"03,07,10,14,21,24",01,2021-11-30
21136,"02,06,09,15,19,28",16,2021-11-28
21135,"03,10,17,19,21,31",04,2021-11-25
21134,"01,02,16,19,25,31",08,2021-11-23
21133,"01,03,12,19,27,31",10,2021-11-21
21132,"01,04,06,14,20,28",08,2021-11-18
21131,"08,11,18,19,20,24",01,2021-11-16
21130,"08,09,15,24,26,30",06,2021-11-14
21129,"04,15,21,27,28,29",10,2021-11-11
21128,"05,17,20,21,23,33",04,2021-11-09
21127,"07,15,16,20,27,29",07,2021-11-07
21126,"19,20,23,27,28,31",01,2021-11-04
21125,"14,19,20,23,24,31",09,2021-11-02
21124,"01,03,18,22,29,32",02,2021-10-31
21123,"06,14,15,19,29,31",05,2021-10-28
21122,"04,05,12,15,18,28",07,2021-10-26
21121,"04,05,12,16,22,30",15,2021-10-24
21120,"01,07,08,12,13,18",05,2021-10-21
21119,"03,09,10,11,28,29",13,2021-10-19
21118,"02,06,14,18,20,31",13,2021-10-17
21117,"03,05,17,21,27,33",04,2021-10-14
21116,"06,14,17,18,31,33",06,2021-10-12
21115,"02,10,12,15,24,27",08,2021-10-10
21114,"04,06,08,14,24,27",02,2021-10-07
21113,"04,07,10,22,27,30",02,2021-10-05
21112,"05,06,21,25,28,33",07,2021-09-30
21111,"17,20,22,23,26,28",06,2021-09-28
21110,"10,13,15,24,31,32",02,2021-09-26
21109,"02,03,10,17,20,26",16,2021-09-23
21108,"11,15,18,24,26,32",09,2021-09-21
21107,"02,03,17,19,25,30",01,2021-09-19
21106,"01,04,07,14,30,31",03,2021-09-16
21105,"10,14,15,22,27,32",09,2021-09-14
21104,"01,07,17,20,22,28",15,2021-09-12
21103,"10,13,15,25,29,30",15,2021-09-09
21102,"05,09,15,24,27,30",09,2021-09-07
21101,"02,04,12,22,29,31",01,2021-09-05
21100,"07,09,12,13,14,29",16,2021-09-02
21099,"09,11,17,18,20,27",15,2021-08-31
21098,"01,10,13,18,26,32",05,2021-08-29
21097,"03,11,12,13,25,28",12,2021-08-26
21096,"01,07,11,14,15,26",11,2021-08-24
21095,"08,12,17,24,27,28",13,2021-08-22
21094,"09,11,24,25,28,33",15,2021-08-19
21093,"05,11,15,23,28,33",03,2021-08-17
21092,"02,07,08,10,12,31",03,2021-08-15
21091,"04,06,16,24,26,33",16,2021-08-12
21090,"05,06,12,14,27,28",08,2021-08-10
21089,"01,02,07,13,23,24",12,2021-08-08
21088,"04,12,15,16,19,26",06,2021-08-05
21087,"02,13,16,19,23,24",04,2021-08-03
21086,"06,08,10,14,28,29",01,2021-08-01
21085,"05,06,07,11,14,20",02,2021-07-29
21084,"05,07,09,11,21,28",01,2021-07-27
21083,"04,09,11,25,28,33",04,2021-07-25
21082,"03,06,11,13,26,32",05,2021-07-22
21081,"01,03,05,18,22,23",01,2021-07-20
21080,"05,08,22,23,24,29",09,2021-07-18
21079,"01,03,10,24,28,29",13,2021-07-15
21078,"04,06,15,26,27,31",12,2021-07-13
21077,"08,15,17,25,27,30",10,2021-07-11
21076,"03,09,21,23,30,32",06,2021-07-08
21075,"12,15,16,21,22,29",01,2021-07-06
21074,"04,05,09,14,25,27",07,2021-07-04
21073,"01,06,18,22,24,25",08,2021-07-01
21072,"01,09,15,16,19,21",15,2021-06-29
21071,"01,07,24,31,32,33",08,2021-06-27
21070,"01,05,11,15,16,29",15,2021-06-24
21069,"06,11,18,20,23,26",05,2021-06-22
21068,"04,14,18,24,31,32",15,2021-06-20
21067,"01,11,19,23,25,29",09,2021-06-17
21066,"02,06,19,26,30,33",15,2021-06-15
21065,"01,04,08,19,29,33",16,2021-06-13
21064,"04,06,08,15,16,18",16,2021-06-10
21063,"04,05,06,09,23,24",09,2021-06-08
21062,"12,13,15,20,22,25",10,2021-06-06
21061,"04,09,12,18,20,23",01,2021-06-03
21060,"10,11,17,20,29,30",15,2021-06-01
21059,"01,09,11,18,32,33",14,2021-05-30
21058,"09,11,13,18,19,28",14,2021-05-27
21057,"05,06,09,17,25,33",16,2021-05-25
21056,"08,21,22,23,29,32",01,2021-05-23
21055,"03,11,12,16,22,28",10,2021-05-20
21054,"07,13,21,22,24,31",02,2021-05-18
21053,"07,10,14,16,24,33",16,2021-05-16
21052,"03,04,06,19,21,30",14,2021-05-13
21051,"08,09,10,19,27,29",15,2021-05-11
21050,"02,09,10,16,25,28",08,2021-05-09
21049,"04,11,13,22,25,32",01,2021-05-06
21048,"04,15,17,22,29,32",03,2021-05-04
21047,"03,07,13,16,24,29",01,2021-05-02
21046,"05,09,13,21,28,33",06,2021-04-29
21045,"01,04,14,15,17,32",02,2021-04-27
21044,"05,07,14,17,26,28",13,2021-04-25
21043,"02,03,17,18,23,24",01,2021-04-22
21042,"05,09,10,22,25,27",08,2021-04-20
21041,"02,09,18,23,26,32",14,2021-04-18
21040,"02,06,07,24,28,29",16,2021-04-15
21039,"02,08,21,24,29,31",13,2021-04-13
21038,"05,07,09,16,18,27",06,2021-04-11
21037,"13,17,19,24,26,30",12,2021-04-08
21036,"01,02,06,11,21,26",11,2021-04-06
21035,"12,14,18,20,26,28",11,2021-04-04
21034,"04,10,12,18,23,25",01,2021-04-01
21033,"02,12,13,14,31,33",06,2021-03-30
21032,"01,05,08,15,16,30",03,2021-03-28
21031,"06,11,21,25,28,31",07,2021-03-25
21030,"08,09,13,27,29,31",05,2021-03-23
21029,"08,10,15,17,22,30",12,2021-03-21
21028,"11,16,23,26,27,33",05,2021-03-18
21027,"05,07,09,16,20,26",08,2021-03-16
21026,"03,05,13,19,20,25",03,2021-03-14
21025,"06,08,14,17,18,30",11,2021-03-11
21024,"01,04,06,10,11,18",02,2021-03-09
21023,"02,21,22,23,27,28",11,2021-03-07
21022,"10,15,17,25,31,32",06,2021-03-04
21021,"04,08,17,24,28,33",13,2021-03-02
21020,"01,03,06,07,09,11",02,2021-02-28
21019,"12,16,17,24,28,29",08,2021-02-25
21018,"02,08,14,23,25,32",06,2021-02-23
21017,"09,15,18,29,32,33",02,2021-02-21
21016,"03,08,09,13,15,18",10,2021-02-07
21015,"06,14,16,26,28,29",07,2021-02-04
21014,"04,15,21,25,29,33",06,2021-02-02
21013,"06,09,12,16,27,31",06,2021-01-31
21012,"03,06,14,18,20,26",01,2021-01-28
21011,"05,10,16,23,27,33",14,2021-01-26
21010,"01,04,11,19,32,33",05,2021-01-24
21009,"02,04,07,24,25,32",13,2021-01-21
21008,"01,05,07,14,18,33",07,2021-01-19
21007,"02,04,12,21,25,32",16,2021-01-17
21006,"06,08,22,24,25,26",01,2021-01-14
21005,"07,09,14,26,30,31",04,2021-01-12
21004,"02,03,07,08,17,22",15,2021-01-10
21003,"06,09,16,18,22,29",11,2021-01-07
21002,"06,10,13,25,26,32",11,2021-01-05
21001,"02,03,13,18,20,31",11,2021-01-03
20134,"02,09,10,20,22,26",01,2020-12-31
20133,"03,19,22,23,27,29",07,2020-12-29
20132,"01,04,11,12,14,23",04,2020-12-27
20131,"08,19,22,26,27,30",07,2020-12-24
20130,"08,09,11,14,17,29",16,2020-12-22
20129,"01,02,05,15,28,33",04,2020-12-20
20128,"08,10,15,16,23,26",10,2020-12-17
20127,"01,04,18,19,26,31",07,2020-12-15
20126,"03,07,12,14,23,28",11,2020-12-13
20125,"05,12,16,26,30,31",13,2020-12-10
20124,"16,18,19,20,29,33",12,2020-12-08
20123,"01,03,18,19,26,29",03,2020-12-06
20122,"12,15,17,24,26,31",15,2020-12-03
20121,"02,04,06,21,25,29",03,2020-12-01
20120,"01,02,03,04,09,10",12,2020-11-29
20119,"01,09,22,28,32,33",15,2020-11-26
20118,"11,13,19,26,30,33",05,2020-11-24
20117,"07,08,09,10,16,27",07,2020-11-22
20116,"05,06,14,16,19,27",10,2020-11-19
20115,"01,04,12,20,25,32",02,2020-11-17
20114,"01,05,11,24,30,32",03,2020-11-15
20113,"01,03,07,10,22,32",11,2020-11-12
20112,"02,09,12,17,28,32",05,2020-11-10
20111,"06,09,17,22,24,26",16,2020-11-08
20110,"02,06,09,14,22,25",04,2020-11-05
20109,"06,13,16,20,23,32",13,2020-11-03
20108,"10,12,15,17,23,32",05,2020-11-01
20107,"03,09,11,24,25,28",16,2020-10-29
20106,"02,04,11,15,18,28",10,2020-10-27
20105,"06,14,19,20,22,24",01,2020-10-25
20104,"04,08,10,16,27,29",09,2020-10-22
20103,"04,09,10,22,28,32",08,2020-10-20
20102,"09,10,19,25,26,29",08,2020-10-18
20101,"10,17,24,25,28,30",15,2020-10-15
20100,"01,07,15,16,20,23",07,2020-10-13
20099,"05,06,11,12,15,30",12,2020-10-11
20098,"06,08,11,22,25,33",02,2020-10-08
20097,"02,08,21,25,26,30",10,2020-10-06
20096,"01,20,23,26,27,32",15,2020-09-29
20095,"03,09,16,17,20,26",02,2020-09-27
20094,"10,15,17,27,29,31",08,2020-09-24
20093,"04,05,10,13,15,19",15,2020-09-22
20092,"01,06,12,18,22,24",03,2020-09-20
20091,"01,09,11,12,16,19",16,2020-09-17
20090,"02,21,23,26,31,32",06,2020-09-15
20089,"02,14,16,21,29,30",10,2020-09-13
20088,"01,06,12,26,29,30",12,2020-09-10
20087,"11,15,20,23,25,33",10,2020-09-08
20086,"02,04,06,15,24,27",06,2020-09-06
20085,"01,02,05,09,19,24",16,2020-09-03
20084,"03,07,16,17,23,30",07,2020-09-01
20083,"01,19,25,26,30,31",12,2020-08-30
20082,"02,08,11,17,21,30",09,2020-08-27
20081,"01,05,13,14,27,33",15,2020-08-25
20080,"14,15,18,22,31,33",01,2020-08-23
20079,"05,12,20,21,22,29",14,2020-08-20
20078,"03,11,14,16,21,32",04,2020-08-18
20077,"03,10,16,21,25,27",12,2020-08-16
20076,"10,15,16,18,20,27",06,2020-08-13
20075,"03,11,13,20,24,30",16,2020-08-11
20074,"04,08,09,13,19,33",12,2020-08-09
20073,"05,07,11,13,27,29",03,2020-08-06
20072,"06,08,10,15,17,26",04,2020-08-04
20071,"09,11,12,13,22,23",08,2020-08-02
20070,"01,02,04,06,19,21",15,2020-07-30
20069,"03,09,10,13,18,26",04,2020-07-28
20068,"12,16,21,26,27,32",10,2020-07-26
20067,"04,07,09,23,27,30",08,2020-07-23
20066,"02,09,13,17,26,28",07,2020-07-21
20065,"09,15,18,21,23,26",08,2020-07-19
20064,"01,03,07,21,27,32",01,2020-07-16
20063,"12,15,16,22,29,32",14,2020-07-14
20062,"10,14,17,22,26,27",05,2020-07-12
20061,"08,17,24,26,27,31",04,2020-07-09
20060,"05,09,14,20,24,30",08,2020-07-07
20059,"02,04,10,17,22,25",14,2020-07-05
20058,"01,03,11,12,19,26",07,2020-07-02
20057,"09,14,21,23,26,32",03,2020-06-30
20056,"02,05,08,12,26,31",14,2020-06-28
20055,"01,05,07,23,28,30",12,2020-06-25
20054,"03,10,19,25,26,31",02,2020-06-23
20053,"02,14,15,16,32,33",01,2020-06-21
20052,"02,08,13,29,32,33",15,2020-06-18
20051,"03,06,08,11,19,28",08,2020-06-16
20050,"04,09,17,20,32,33",15,2020-06-14
20049,"01,07,09,12,18,22",04,2020-06-11
20048,"12,14,18,23,30,32",02,2020-06-09
20047,"04,10,17,19,28,32",01,2020-06-07
20046,"13,19,25,26,27,32",08,2020-06-04
20045,"02,03,15,21,22,33",16,2020-06-02
20044,"07,08,16,17,19,24",07,2020-05-31
20043,"01,11,24,25,27,30",07,2020-05-28
20042,"02,06,07,11,14,31",03,2020-05-26
20041,"06,07,16,22,24,25",13,2020-05-24
20040,"01,06,12,16,19,21",04,2020-05-21
20039,"02,09,10,11,16,29",02,2020-05-19
20038,"01,06,07,18,23,24",15,2020-05-17
20037,"01,04,11,13,17,24",15,2020-05-14
20036,"07,09,16,22,24,32",06,2020-05-12
20035,"10,14,24,25,28,33",11,2020-05-10
20034,"02,08,15,16,26,32",03,2020-05-07
20033,"07,10,12,21,31,32",01,2020-05-05
20032,"03,11,13,14,15,26",13,2020-05-03
20031,"02,05,09,15,16,27",09,2020-04-30
20030,"17,18,21,29,30,32",03,2020-04-28
20029,"01,12,18,20,30,32",05,2020-04-26
20028,"05,06,15,18,26,32",08,2020-04-23
20027,"12,13,14,24,25,28",06,2020-04-21
20026,"01,04,09,18,19,31",06,2020-04-19
20025,"01,09,10,15,20,29",02,2020-04-16
20024,"10,13,27,28,29,31",08,2020-04-14
20023,"04,05,20,21,30,33",08,2020-04-12
20022,"02,10,20,22,25,30",02,2020-04-09
20021,"02,06,14,16,27,31",07,2020-04-07
20020,"01,06,09,13,15,22",14,2020-04-05
20019,"15,19,27,28,30,33",03,2020-04-02
20018,"05,07,08,11,17,22",13,2020-03-31
20017,"02,04,07,15,20,27",04,2020-03-29
20016,"05,06,08,17,24,27",07,2020-03-26
20015,"08,09,22,24,30,33",01,2020-03-24
20014,"02,07,08,10,12,16",07,2020-03-22
20013,"02,08,10,20,21,30",14,2020-03-19
20012,"04,13,14,23,26,31",09,2020-03-17
20011,"04,05,07,17,18,29",01,2020-03-15
20010,"11,14,22,27,31,32",09,2020-03-12
20009,"03,06,08,14,19,26",12,2020-01-21
20008,"01,04,06,10,11,28",16,2020-01-19
20007,"05,12,17,20,25,31",10,2020-01-16
20006,"03,04,05,10,16,32",09,2020-01-14
20005,"11,16,17,22,26,32",04,2020-01-12
20004,"02,15,17,27,32,33",03,2020-01-09
20003,"09,17,26,29,30,32",03,2020-01-07
20002,"04,09,14,15,16,29",11,2020-01-05
20001,"02,15,23,26,29,30",02,2020-01-02
19151,"02,06,09,18,24,26",14,2019-12-31
19150,"02,09,14,22,27,29",02,2019-12-29
19149,"01,06,27,28,31,33",07,2019-12-26
19148,"09,10,13,20,26,27",08,2019-12-24
19147,"01,09,12,14,23,27",12,2019-12-22
19146,"01,04,10,12,30,32",14,2019-12-19
19145,"01,08,13,17,18,19",16,2019-12-17
19144,"02,12,15,19,27,30",03,2019-12-15
19143,"05,13,15,16,26,32",09,2019-12-12
19142,"08,14,24,27,29,33",09,2019-12-10
19141,"10,13,14,15,17,33",14,2019-12-08
19140,"02,04,09,11,14,22",05,2019-12-05
19139,"08,14,20,23,30,33",11,2019-12-03
19138,"02,06,12,30,31,32",11,2019-12-01
19137,"07,10,13,19,23,31",06,2019-11-28
19136,"12,14,15,17,29,33",12,2019-11-26
19135,"03,06,10,11,27,33",03,2019-11-24
19134,"01,04,06,22,29,30",03,2019-11-21
19133,"03,07,16,21,24,31",07,2019-11-19
19132,"04,06,11,14,19,33",07,2019-11-17
19131,"09,17,19,20,24,31",04,2019-11-14
19130,"01,07,09,11,24,32",16,2019-11-12
19129,"03,04,07,09,15,26",07,2019-11-10
19128,"03,08,12,16,17,19",08,2019-11-07
19127,"02,06,07,12,17,24",10,2019-11-05
19126,"02,14,17,29,32,33",16,2019-11-03
19125,"02,11,12,26,27,29",03,2019-10-31
19124,"04,09,30,31,32,33",01,2019-10-29
19123,"02,06,08,17,28,30",06,2019-10-27
19122,"04,10,15,19,21,23",02,2019-10-24
19121,"02,06,15,21,30,31",02,2019-10-22
19120,"10,12,27,31,32,33",03,2019-10-20
19119,"04,20,22,24,26,33",07,2019-10-17
19118,"12,14,15,25,28,31",04,2019-10-15
19117,"03,05,11,28,32,33",01,2019-10-13
19116,"01,08,09,13,16,33",01,2019-10-10
19115,"04,10,11,14,15,29",05,2019-10-08
19114,"02,04,09,11,12,30",01,2019-09-29
19113,"01,05,19,21,25,33",15,2019-09-26
19112,"03,12,14,17,23,27",01,2019-09-24
19111,"07,18,20,22,24,33",01,2019-09-22
19110,"01,18,22,26,27,28",08,2019-09-19
19109,"03,06,07,17,28,31",10,2019-09-17
19108,"07,13,19,22,25,32",13,2019-09-15
19107,"02,06,08,23,27,32",02,2019-09-12
19106,"02,14,22,27,30,33",14,2019-09-10
19105,"02,13,15,17,26,33",01,2019-09-08
19104,"01,05,16,17,18,24",10,2019-09-05
19103,"04,12,14,21,27,29",12,2019-09-03
19102,"03,08,12,16,20,32",12,2019-09-01
19101,"01,04,09,21,31,33",05,2019-08-29
19100,"01,04,12,13,30,32",08,2019-08-27
19099,"07,14,22,23,27,30",08,2019-08-25
19098,"03,11,12,14,17,26",09,2019-08-22
19097,"03,05,18,24,25,31",09,2019-08-20
19096,"05,07,12,18,27,32",11,2019-08-18
19095,"02,05,14,19,21,28",01,2019-08-15
19094,"05,10,12,18,19,27",06,2019-08-13
19093,"05,07,08,09,20,22",02,2019-08-11
19092,"09,17,27,28,32,33",08,2019-08-08
19091,"07,10,21,24,29,32",11,2019-08-06
19090,"02,03,06,08,14,22",04,2019-08-04
19089,"02,04,14,16,20,22",11,2019-08-01
19088,"13,14,15,21,23,29",13,2019-07-30
19087,"04,05,07,09,21,30",04,2019-07-28
19086,"16,22,24,26,28,31",06,2019-07-25
19085,"01,04,14,18,24,29",04,2019-07-23
19084,"04,08,14,18,20,27",03,2019-07-21
19083,"06,15,17,26,28,31",03,2019-07-18
19082,"07,16,19,22,24,28",02,2019-07-16
19081,"05,24,27,29,31,32",10,2019-07-14
19080,"03,06,08,20,24,32",07,2019-07-11
19079,"01,03,06,09,19,31",16,2019-07-09
19078,"01,17,27,29,31,33",12,2019-07-07
19077,"09,11,13,18,21,22",15,2019-07-04
19076,"12,15,19,20,29,32",14,2019-07-02
19075,"05,08,20,22,31,33",03,2019-06-30
19074,"12,21,27,29,31,33",04,2019-06-27
19073,"01,02,06,12,16,18",08,2019-06-25
19072,"02,09,13,15,22,30",15,2019-06-23
19071,"01,08,19,24,29,30",04,2019-06-20
19070,"06,15,18,19,24,32",09,2019-06-18
19069,"06,11,16,19,21,25",01,2019-06-16
19068,"03,14,20,24,26,33",10,2019-06-13
19067,"04,06,08,11,30,33",11,2019-06-11
19066,"01,14,17,20,22,32",04,2019-06-09
19065,"06,09,11,15,20,26",10,2019-06-06
19064,"12,20,24,25,30,33",12,2019-06-04
19063,"01,14,19,22,29,31",16,2019-06-02
19062,"07,13,16,23,26,30",01,2019-05-30
19061,"03,17,19,24,27,31",12,2019-05-28
19060,"03,04,14,20,23,27",01,2019-05-26
19059,"04,05,07,09,16,18",06,2019-05-23
19058,"07,08,12,21,23,27",12,2019-05-21
19057,"04,05,06,08,13,18",16,2019-05-19
19056,"13,14,17,19,21,29",01,2019-05-16
19055,"01,06,11,15,19,31",10,2019-05-14
19054,"07,10,11,15,24,26",11,2019-05-12
19053,"04,16,22,25,29,31",08,2019-05-09
19052,"03,06,09,13,16,19",16,2019-05-07
19051,"08,09,10,13,15,28",09,2019-05-05
19050,"04,06,10,11,21,23",02,2019-05-02
19049,"03,10,13,22,23,28",15,2019-04-30
19048,"03,07,10,12,18,29",10,2019-04-28
19047,"03,11,18,25,30,33",14,2019-04-25
19046,"02,12,16,22,25,32",06,2019-04-23
19045,"01,06,17,19,27,31",14,2019-04-21
19044,"06,14,16,17,23,29",07,2019-04-18
19043,"01,06,12,13,24,32",13,2019-04-16
19042,"15,17,19,22,25,26",04,2019-04-14
19041,"02,09,13,23,24,26",16,2019-04-11
19040,"05,06,09,18,23,31",11,2019-04-09
19039,"06,07,11,14,27,32",08,2019-04-07
19038,"09,12,21,27,29,30",05,2019-04-04
19037,"01,07,12,14,18,25",10,2019-04-02
19036,"02,10,13,16,23,32",08,2019-03-31
19035,"01,05,07,09,10,20",16,2019-03-28
19034,"09,11,15,22,24,26",03,2019-03-26
19033,"09,15,19,21,23,29",15,2019-03-24
19032,"04,08,09,13,28,33",04,2019-03-21
19031,"03,13,15,18,21,33",16,2019-03-19
19030,"04,05,07,10,12,22",16,2019-03-17
19029,"08,11,17,23,32,33",10,2019-03-14
19028,"04,19,22,26,29,30",11,2019-03-12
19027,"02,06,08,10,11,17",13,2019-03-10
19026,"03,13,15,19,20,27",14,2019-03-07
19025,"15,16,21,27,30,33",04,2019-03-05
19024,"01,08,23,25,28,29",10,2019-03-03
19023,"01,10,14,15,18,31",13,2019-02-28
19022,"03,07,11,21,30,33",07,2019-02-26
19021,"02,05,07,08,20,27",04,2019-02-24
19020,"02,12,13,23,27,28",12,2019-02-21
19019,"03,11,17,18,24,25",06,2019-02-19
19018,"04,11,18,19,26,32",04,2019-02-17
19017,"04,05,24,28,30,33",09,2019-02-14
19016,"05,07,09,11,19,25",05,2019-02-12
19015,"11,15,16,20,24,31",04,2019-02-03
19014,"01,02,03,14,19,33",03,2019-01-31
19013,"05,07,14,16,18,21",01,2019-01-29
19012,"07,10,21,23,31,33",14,2019-01-27
19011,"10,13,19,21,24,30",07,2019-01-24
19010,"02,04,05,08,11,30",02,2019-01-22
19009,"01,07,10,22,31,32",15,2019-01-20
19008,"02,06,09,13,28,32",12,2019-01-17
19007,"06,10,14,15,19,23",15,2019-01-15
19006,"01,05,10,19,26,28",12,2019-01-13
19005,"21,22,26,28,31,32",07,2019-01-10
19004,"08,12,16,19,26,32",03,2019-01-08
19003,"13,17,20,21,22,27",01,2019-01-06
19002,"04,05,06,08,09,18",11,2019-01-03
19001,"06,10,13,15,32,33",15,2019-01-01
18153,"01,07,17,23,25,31",11,2018-12-30
18152,"04,14,16,23,28,29",03,2018-12-27
18151,"05,15,19,25,26,29",15,2018-12-25
18150,"06,08,15,19,20,31",05,2018-12-23
18149,"01,07,08,10,12,24",01,2018-12-20
18148,"03,06,18,19,21,31",01,2018-12-18
18147,"03,15,17,23,27,30",11,2018-12-16
18146,"02,10,11,17,18,29",16,2018-12-13
18145,"03,09,13,22,23,25",06,2018-12-11
18144,"08,13,17,18,20,27",13,2018-12-09
18143,"04,06,15,28,32,33",14,2018-12-06
18142,"05,08,10,11,27,28",11,2018-12-04
18141,"11,14,16,18,24,33",04,2018-12-02
18140,"01,15,20,22,25,28",14,2018-11-29
18139,"11,18,20,23,31,32",15,2018-11-27
18138,"01,10,25,27,30,32",09,2018-11-25
18137,"03,05,11,15,20,23",09,2018-11-22
18136,"10,12,15,25,26,27",14,2018-11-20
18135,"01,03,06,10,11,29",16,2018-11-18
18134,"03,16,18,31,32,33",12,2018-11-15
18133,"02,04,11,12,18,32",13,2018-11-13
18132,"01,02,09,10,15,22",06,2018-11-11
18131,"21,22,24,31,32,33",01,2018-11-08
18130,"05,12,17,18,24,28",12,2018-11-06
18129,"02,04,06,16,18,19",16,2018-11-04
18128,"06,07,08,19,22,23",02,2018-11-01
18127,"02,05,06,07,11,15",12,2018-10-30
18126,"01,06,08,09,14,22",05,2018-10-28
18125,"03,10,11,14,15,32",02,2018-10-25
18124,"09,13,14,19,22,25",02,2018-10-23
18123,"13,21,24,27,31,32",01,2018-10-21
18122,"05,07,20,22,30,32",10,2018-10-18
18121,"06,08,14,19,23,25",11,2018-10-16
18120,"03,04,18,26,27,33",01,2018-10-14
18119,"03,13,14,16,25,27",12,2018-10-11
18118,"08,12,21,22,27,31",09,2018-10-09
18117,"08,11,15,17,23,25",05,2018-10-07
18116,"05,14,17,22,23,28",15,2018-10-04
18115,"01,13,19,24,26,29",11,2018-10-02
18114,"01,07,15,16,20,27",14,2018-09-30
18113,"01,06,09,16,25,26",09,2018-09-27
18112,"05,08,18,25,26,31",04,2018-09-25
18111,"01,07,14,24,25,28",08,2018-09-23
18110,"11,13,16,21,22,23",02,2018-09-20
18109,"10,11,18,23,31,33",15,2018-09-18
18108,"05,13,18,21,26,30",02,2018-09-16
18107,"01,02,05,12,20,22",01,2018-09-13
18106,"04,18,19,24,25,26",10,2018-09-11
18105,"04,05,13,18,19,25",01,2018-09-09
18104,"02,03,06,19,25,29",01,2018-09-06
18103,"02,09,15,22,23,24",16,2018-09-04
18102,"02,06,11,19,21,28",05,2018-09-02
18101,"01,03,14,26,29,33",09,2018-08-30
18100,"02,11,14,15,29,33",02,2018-08-28
18099,"03,07,08,14,25,32",06,2018-08-26
18098,"06,10,11,20,29,32",13,2018-08-23
18097,"01,02,17,20,25,28",13,2018-08-21
18096,"01,05,09,20,28,32",12,2018-08-19
18095,"10,11,12,21,26,33",09,2018-08-16
18094,"04,07,16,20,24,30",05,2018-08-14
18093,"04,18,20,21,29,33",07,2018-08-12
18092,"06,10,16,19,24,33",16,2018-08-09
18091,"06,11,13,17,25,32",07,2018-08-07
18090,"01,02,04,10,14,23",07,2018-08-05
18089,"06,09,12,14,18,27",14,2018-08-02
18088,"03,05,12,29,30,32",14,2018-07-31
18087,"01,05,10,16,18,31",03,2018-07-29
18086,"02,07,17,21,23,26",16,2018-07-26
18085,"04,10,25,26,30,33",06,2018-07-24
18084,"05,06,08,12,22,24",03,2018-07-22
18083,"04,09,18,21,32,33",03,2018-07-19
18082,"06,12,14,20,22,24",09,2018-07-17
18081,"01,02,12,16,20,26",03,2018-07-15
18080,"04,07,13,20,29,33",03,2018-07-12
18079,"14,15,17,22,24,29",13,2018-07-10
18078,"03,10,14,17,18,30",12,2018-07-08
18077,"02,05,09,15,20,24",10,2018-07-05
18076,"03,07,08,15,29,30",13,2018-07-03
18075,"07,09,12,13,22,24",11,2018-07-01
18074,"09,11,14,20,27,30",09,2018-06-28
18073,"02,09,14,15,16,23",10,2018-06-26
18072,"11,16,19,22,25,30",08,2018-06-24
18071,"02,05,06,13,16,19",03,2018-06-21
18070,"04,09,15,16,19,27",10,2018-06-19
18069,"06,13,17,19,23,31",12,2018-06-17
18068,"08,10,17,20,27,30",01,2018-06-14
18067,"01,04,09,12,15,18",05,2018-06-12
18066,"09,16,17,19,22,26",10,2018-06-10
18065,"01,04,06,14,28,33",01,2018-06-07
18064,"02,05,10,11,17,21",05,2018-06-05
18063,"05,06,10,16,20,25",12,2018-06-03
18062,"02,18,19,24,25,33",11,2018-05-31
18061,"09,10,11,12,18,23",07,2018-05-29
18060,"04,08,13,25,30,31",10,2018-05-27
18059,"04,06,08,13,22,32",11,2018-05-24
18058,"07,12,13,16,26,31",07,2018-05-22
18057,"05,15,17,19,20,30",13,2018-05-20
18056,"01,03,06,20,21,26",01,2018-05-17
18055,"07,09,10,12,22,26",07,2018-05-15
18054,"04,06,18,22,25,33",16,2018-05-13
18053,"01,04,10,11,14,27",06,2018-05-10
18052,"03,05,06,09,15,32",14,2018-05-08
18051,"05,07,20,23,27,31",04,2018-05-06
18050,"01,02,04,10,18,19",07,2018-05-03
18049,"01,03,04,11,19,23",02,2018-05-01
18048,"01,12,20,25,30,31",02,2018-04-29
18047,"06,07,12,16,22,25",07,2018-04-26
18046,"10,13,14,18,20,31",03,2018-04-24
18045,"03,04,06,25,26,30",01,2018-04-22
18044,"05,09,12,17,27,30",06,2018-04-19
18043,"01,04,06,08,21,24",07,2018-04-17
18042,"06,10,21,28,29,31",12,2018-04-15
18041,"07,08,20,23,24,32",13,2018-04-12
18040,"01,03,08,13,18,23",16,2018-04-10
18039,"08,12,18,19,23,32",03,2018-04-08
18038,"15,23,24,25,28,29",09,2018-04-05
18037,"01,06,07,08,27,30",10,2018-04-03
18036,"08,17,24,26,28,33",04,2018-04-01
18035,"07,10,11,17,23,28",15,2018-03-29
18034,"01,05,11,22,23,26",15,2018-03-27
18033,"04,19,20,22,28,33",06,2018-03-25
18032,"21,22,23,24,25,32",06,2018-03-22
18031,"02,16,18,19,27,30",14,2018-03-20
18030,"13,14,20,21,25,33",07,2018-03-18
18029,"01,02,09,14,22,25",05,2018-03-15
18028,"03,08,11,14,18,23",16,2018-03-13
18027,"02,07,09,14,18,28",05,2018-03-11
18026,"04,07,12,14,26,32",04,2018-03-08
18025,"04,13,16,19,21,25",14,2018-03-06
18024,"11,19,22,26,31,32",02,2018-03-04
18023,"12,15,16,21,26,29",16,2018-03-01
18022,"07,14,19,21,22,23",03,2018-02-27
18021,"03,04,06,11,23,28",14,2018-02-25
18020,"06,09,10,14,28,30",05,2018-02-22
18019,"03,11,12,16,21,23",09,2018-02-13
18018,"02,12,13,18,25,27",07,2018-02-11
18017,"03,06,11,26,30,32",12,2018-02-08
18016,"01,11,12,18,25,27",16,2018-02-06
18015,"11,15,20,21,26,33",15,2018-02-04
18014,"09,12,20,24,28,31",07,2018-02-01
18013,"06,08,13,15,22,33",06,2018-01-30
18012,"11,12,13,19,26,28",12,2018-01-28
18011,"03,10,21,23,27,33",11,2018-01-25
18010,"01,08,17,20,21,22",03,2018-01-23
18009,"05,10,17,23,26,32",07,2018-01-21
18008,"05,09,10,12,17,19",13,2018-01-18
18007,"13,14,20,25,27,31",12,2018-01-16
18006,"02,07,08,09,17,29",11,2018-01-14
18005,"02,20,21,28,31,33",06,2018-01-11
18004,"14,18,19,26,30,31",11,2018-01-09
18003,"01,14,16,17,20,31",04,2018-01-07
18002,"07,18,24,29,31,33",16,2018-01-04
18001,"01,08,11,26,28,31",04,2018-01-02
17154,"05,09,13,15,18,26",05,2017-12-31
17153,"07,11,12,13,18,19",16,2017-12-28
17152,"06,10,23,25,26,29",05,2017-12-26
17151,"02,05,07,09,11,27",16,2017-12-24
17150,"06,14,19,20,21,23",08,2017-12-21
17149,"05,08,15,20,27,30",13,2017-12-19
17148,"04,07,11,14,29,32",12,2017-12-17
17147,"03,07,20,21,25,31",14,2017-12-14
17146,"01,19,25,26,27,33",10,2017-12-12
17145,"02,06,12,17,25,28",12,2017-12-10
17144,"03,14,16,20,31,32",09,2017-12-07
17143,"04,06,09,14,20,29",14,2017-12-05
17142,"08,13,14,18,23,33",06,2017-12-03
17141,"01,06,07,11,13,15",05,2017-11-30
17140,"21,22,25,28,29,30",08,2017-11-28
17139,"02,14,20,24,28,32",16,2017-11-26
17138,"01,17,24,28,32,33",02,2017-11-23
17137,"05,10,20,23,26,31",03,2017-11-21
17136,"03,07,10,18,21,24",12,2017-11-19
17135,"01,06,07,14,18,26",16,2017-11-16
17134,"04,05,11,14,28,32",04,2017-11-14
17133,"06,15,17,18,23,30",11,2017-11-12
17132,"02,03,05,09,13,28",11,2017-11-09
17131,"01,07,10,11,26,27",11,2017-11-07
17130,"05,13,14,23,25,31",02,2017-11-05
17129,"05,06,09,14,21,33",02,2017-11-02
17128,"02,06,13,22,29,31",08,2017-10-31
17127,"14,15,21,24,27,32",12,2017-10-29
17126,"01,16,17,21,27,30",16,2017-10-26
17125,"01,14,23,25,29,30",03,2017-10-24
17124,"02,06,11,26,28,29",03,2017-10-22
17123,"04,05,06,11,21,31",10,2017-10-19
17122,"11,20,21,22,24,27",15,2017-10-17
17121,"11,18,19,22,24,32",07,2017-10-15
17120,"08,10,15,19,23,28",16,2017-10-12
17119,"09,16,21,25,26,31",14,2017-10-10
17118,"08,09,15,22,30,33",16,2017-10-08
17117,"01,02,08,11,14,21",09,2017-10-05
17116,"02,14,20,22,30,32",02,2017-10-03
17115,"04,10,11,25,30,31",01,2017-10-01
17114,"06,12,13,15,18,26",13,2017-09-28
17113,"04,06,16,27,29,33",05,2017-09-26
17112,"03,10,14,16,22,23",11,2017-09-24
17111,"05,10,17,19,29,32",12,2017-09-21
17110,"01,03,12,15,19,23",14,2017-09-19
17109,"08,14,16,18,21,23",16,2017-09-17
17108,"07,12,14,15,17,20",01,2017-09-14
17107,"08,09,15,17,30,32",06,2017-09-12
17106,"12,15,20,25,27,31",02,2017-09-10
17105,"03,06,07,12,25,26",07,2017-09-07
17104,"01,14,15,20,23,30",14,2017-09-05
17103,"01,21,23,25,31,33",01,2017-09-03
17102,"04,08,10,14,18,20",11,2017-08-31
17101,"01,04,11,28,31,32",16,2017-08-29
17100,"04,07,08,18,23,24",02,2017-08-27
17099,"02,05,06,16,28,29",04,2017-08-24
17098,"04,19,22,27,30,33",01,2017-08-22
17097,"05,10,18,19,30,31",03,2017-08-20
17096,"02,06,11,12,19,29",06,2017-08-17
17095,"09,10,12,19,22,29",16,2017-08-15
17094,"08,11,13,19,28,31",06,2017-08-13
17093,"07,08,09,15,22,27",12,2017-08-10
17092,"10,18,19,29,32,33",09,2017-08-08
17091,"05,07,10,23,28,29",03,2017-08-06
17090,"01,07,10,16,22,33",09,2017-08-03
17089,"11,12,13,16,23,25",12,2017-08-01
17088,"07,09,18,22,23,29",06,2017-07-30
17087,"03,06,13,14,19,28",06,2017-07-27
17086,"03,05,06,13,20,22",07,2017-07-25
17085,"01,05,06,16,25,30",09,2017-07-23
17084,"01,05,11,20,22,24",02,2017-07-20
17083,"03,08,14,20,24,26",12,2017-07-18
17082,"14,18,21,25,28,29",10,2017-07-16
17081,"03,05,14,25,26,30",05,2017-07-13
17080,"01,12,16,20,22,24",08,2017-07-11
17079,"03,07,14,23,25,27",08,2017-07-09
17078,"05,07,18,19,22,24",16,2017-07-06
17077,"01,02,04,15,17,22",14,2017-07-04
17076,"01,04,08,09,14,15",13,2017-07-02
17075,"01,03,06,19,21,29",07,2017-06-29
17074,"02,06,16,23,30,31",02,2017-06-27
17073,"03,06,16,23,26,30",14,2017-06-25
17072,"06,11,14,23,26,30",02,2017-06-22
17071,"02,03,06,14,31,32",03,2017-06-20
17070,"01,06,14,22,25,26",12,2017-06-18
17069,"02,11,12,23,29,31",05,2017-06-15
17068,"02,06,10,22,30,31",15,2017-06-13
17067,"01,03,04,10,18,29",04,2017-06-11
17066,"01,04,06,17,19,26",03,2017-06-08
17065,"02,05,08,10,12,21",07,2017-06-06
17064,"02,10,16,22,24,28",15,2017-06-04
17063,"12,16,20,22,25,31",04,2017-06-01
17062,"01,07,22,24,26,31",10,2017-05-30
17061,"06,07,12,20,26,27",11,2017-05-28
17060,"05,10,13,24,26,31",04,2017-05-25
17059,"04,08,09,15,19,25",09,2017-05-23
17058,"01,09,13,22,28,32",11,2017-05-21
17057,"18,20,22,23,30,31",16,2017-05-18
17056,"13,14,18,19,21,28",06,2017-05-16
17055,"07,12,13,20,24,31",05,2017-05-14
17054,"02,03,09,23,28,33",08,2017-05-11
17053,"04,09,11,15,29,31",06,2017-05-09
17052,"07,08,18,24,29,31",07,2017-05-07
17051,"02,05,09,15,24,25",11,2017-05-04
17050,"10,12,20,24,27,29",07,2017-05-02
17049,"01,08,14,15,20,29",10,2017-04-30
17048,"05,08,09,14,15,19",07,2017-04-27
17047,"02,05,08,10,32,33",02,2017-04-25
17046,"04,13,14,23,26,32",10,2017-04-23
17045,"05,07,16,20,21,25",05,2017-04-20
17044,"08,16,19,21,31,32",06,2017-04-18
17043,"08,13,16,23,27,31",08,2017-04-16
17042,"01,02,04,07,10,23",04,2017-04-13
17041,"04,10,13,15,22,27",04,2017-04-11
17040,"15,19,23,28,29,33",04,2017-04-09
17039,"02,04,12,14,17,24",15,2017-04-06
17038,"01,04,08,13,24,27",05,2017-04-04
17037,"11,15,20,22,25,30",05,2017-04-02
17036,"01,02,05,10,24,27",15,2017-03-30
17035,"01,06,14,24,28,32",12,2017-03-28
17034,"04,07,08,19,32,33",13,2017-03-26
17033,"05,07,15,20,23,30",15,2017-03-23
17032,"05,08,15,24,27,31",11,2017-03-21
17031,"06,10,16,26,27,29",03,2017-03-19
17030,"01,07,09,20,23,30",02,2017-03-16
17029,"02,15,21,23,25,30",10,2017-03-14
17028,"07,08,12,13,22,30",09,2017-03-12
17027,"02,04,11,14,27,30",05,2017-03-09
17026,"03,10,12,19,27,30",08,2017-03-07
17025,"02,15,16,17,22,32",07,2017-03-05
17024,"09,21,25,26,29,31",13,2017-03-02
17023,"01,03,04,11,18,22",14,2017-02-28
17022,"02,06,15,16,18,32",15,2017-02-26
17021,"02,05,10,22,32,33",09,2017-02-23
17020,"04,08,10,12,31,33",10,2017-02-21
17019,"04,06,08,12,23,25",08,2017-02-19
17018,"01,02,03,17,25,31",09,2017-02-16
17017,"03,07,08,10,22,23",12,2017-02-14
17016,"05,08,16,22,27,29",02,2017-02-12
17015,"01,08,09,14,17,32",01,2017-02-09
17014,"06,08,18,20,23,31",13,2017-02-07
17013,"08,11,28,29,31,33",06,2017-02-05
17012,"10,11,14,15,16,24",07,2017-01-26
17011,"10,11,12,23,26,29",16,2017-01-24
17010,"05,08,19,25,28,30",07,2017-01-22
17009,"02,06,08,09,15,29",14,2017-01-19
17008,"07,13,15,27,28,29",13,2017-01-17
17007,"02,04,05,24,26,33",15,2017-01-15
17006,"02,04,08,26,29,33",08,2017-01-12
17005,"06,11,12,22,23,30",05,2017-01-10
17004,"05,13,17,26,27,30",07,2017-01-08
17003,"01,04,08,15,27,32",16,2017-01-05
17002,"15,19,23,24,25,32",03,2017-01-03
17001,"09,11,14,20,25,26",15,2017-01-01
16153,"07,09,16,24,25,29",06,2016-12-29
16152,"02,08,09,16,20,22",07,2016-12-27
16151,"06,11,16,20,22,33",07,2016-12-25
16150,"02,04,05,09,13,21",05,2016-12-22
16149,"03,20,23,26,32,33",07,2016-12-20
16148,"01,02,11,20,26,30",14,2016-12-18
16147,"04,14,18,28,31,32",12,2016-12-15
16146,"03,07,15,16,17,23",10,2016-12-13
16145,"01,03,07,12,19,20",06,2016-12-11
16144,"04,10,12,27,32,33",05,2016-12-08
16143,"06,09,23,24,25,33",13,2016-12-06
16142,"01,10,17,21,23,30",12,2016-12-04
16141,"04,13,15,17,21,24",15,2016-12-01
16140,"01,02,05,17,26,32",10,2016-11-29
16139,"01,06,19,26,28,30",03,2016-11-27
16138,"07,16,20,24,25,30",07,2016-11-24
16137,"01,06,09,10,15,32",14,2016-11-22
16136,"02,07,10,20,27,29",03,2016-11-20
16135,"02,08,10,18,20,33",12,2016-11-17
16134,"11,12,13,14,18,33",13,2016-11-15
16133,"15,16,21,22,27,33",15,2016-11-13
16132,"05,08,13,19,27,28",07,2016-11-10
16131,"04,10,18,19,25,27",02,2016-11-08
16130,"03,17,21,23,27,28",01,2016-11-06
16129,"05,06,08,21,31,33",14,2016-11-03
16128,"04,09,11,17,26,27",13,2016-11-01
16127,"07,12,17,26,29,31",16,2016-10-30
16126,"02,06,12,17,18,19",10,2016-10-27
16125,"01,06,08,20,27,30",03,2016-10-25
16124,"09,15,21,24,27,32",10,2016-10-23
16123,"07,09,12,14,20,27",16,2016-10-20
16122,"15,22,23,24,28,29",08,2016-10-18
16121,"02,03,10,23,25,28",09,2016-10-16
16120,"02,05,06,21,25,28",09,2016-10-13
16119,"09,19,21,30,31,32",04,2016-10-11
16118,"09,14,22,23,31,33",14,2016-10-09
16117,"03,10,14,17,28,33",02,2016-10-06
16116,"07,18,20,23,27,31",13,2016-10-04
16115,"06,08,20,22,26,27",09,2016-10-02
16114,"05,16,20,22,27,29",09,2016-09-29
16113,"01,11,16,17,20,26",14,2016-09-27
16112,"06,12,14,15,18,25",12,2016-09-25
16111,"02,04,07,14,15,32",04,2016-09-22
16110,"05,07,28,31,32,33",08,2016-09-20
16109,"09,11,15,16,27,33",05,2016-09-18
16108,"02,03,07,08,19,26",16,2016-09-15
16107,"06,11,18,26,27,32",01,2016-09-13
16106,"04,05,13,22,25,30",04,2016-09-11
16105,"08,10,19,27,28,31",16,2016-09-08
16104,"05,09,11,18,30,31",04,2016-09-06
16103,"01,05,13,19,24,27",11,2016-09-04
16102,"05,08,10,14,17,30",13,2016-09-01
16101,"01,03,19,24,32,33",01,2016-08-30
16100,"03,10,22,23,27,29",04,2016-08-28
16099,"01,11,21,23,27,33",06,2016-08-25
16098,"02,08,25,29,31,32",06,2016-08-23
16097,"06,13,25,26,28,31",01,2016-08-21
16096,"06,13,14,21,22,24",16,2016-08-18
16095,"01,05,09,12,18,32",12,2016-08-16
16094,"06,07,10,12,18,31",10,2016-08-14
16093,"06,09,15,17,25,27",09,2016-08-11
16092,"02,13,15,23,24,29",06,2016-08-09
16091,"04,08,14,22,23,28",07,2016-08-07
16090,"02,13,17,20,21,26",07,2016-08-04
16089,"01,03,14,30,31,32",08,2016-08-02
16088,"03,14,16,18,25,33",15,2016-07-31
16087,"02,03,10,11,14,21",12,2016-07-28
16086,"09,10,11,12,15,32",05,2016-07-26
16085,"01,12,19,20,21,25",16,2016-07-24
16084,"02,04,12,18,24,26",05,2016-07-21
16083,"09,16,17,24,30,31",04,2016-07-19
16082,"06,12,14,15,17,20",09,2016-07-17
16081,"02,06,15,25,30,32",07,2016-07-14
16080,"01,16,17,24,25,32",14,2016-07-12
16079,"01,03,10,12,24,28",02,2016-07-10
16078,"02,04,08,23,26,29",02,2016-07-07
16077,"01,09,17,19,20,29",10,2016-07-05
16076,"07,08,13,22,30,32",01,2016-07-03
16075,"01,03,06,16,29,32",07,2016-06-30
16074,"06,10,11,12,20,25",12,2016-06-28
16073,"09,11,12,15,16,20",13,2016-06-26
16072,"05,16,19,22,24,25",02,2016-06-23
16071,"19,21,26,28,29,32",01,2016-06-21
16070,"03,06,11,18,23,29",01,2016-06-19
16069,"08,10,11,20,21,27",11,2016-06-16
16068,"08,19,23,28,31,32",01,2016-06-14
16067,"09,13,18,20,27,31",04,2016-06-12
16066,"03,07,13,18,19,20",05,2016-06-09
16065,"13,16,22,25,26,27",14,2016-06-07
16064,"03,12,14,17,19,26",03,2016-06-05
16063,"16,17,18,23,28,32",07,2016-06-02
16062,"12,13,15,18,19,21",09,2016-05-31
16061,"05,06,08,18,20,32",08,2016-05-29
16060,"04,05,22,26,29,32",08,2016-05-26
16059,"04,11,12,20,25,28",15,2016-05-24
16058,"03,05,18,20,24,32",11,2016-05-22
16057,"07,12,19,22,23,26",11,2016-05-19
16056,"03,04,08,11,16,18",14,2016-05-17
16055,"05,06,10,16,22,26",11,2016-05-15
16054,"06,11,16,19,28,32",04,2016-05-12
16053,"02,08,10,12,29,31",01,2016-05-10
16052,"01,06,13,19,24,28",16,2016-05-08
16051,"01,02,04,09,15,33",12,2016-05-05
16050,"09,12,24,28,29,30",02,2016-05-03
16049,"06,08,13,14,22,27",10,2016-05-01
16048,"03,08,13,14,15,30",04,2016-04-28
16047,"02,05,08,15,17,22",16,2016-04-26
16046,"07,20,25,26,27,30",14,2016-04-24
16045,"04,09,12,17,30,32",03,2016-04-21
16044,"01,03,10,12,18,30",01,2016-04-19
16043,"05,14,20,26,30,33",12,2016-04-17
16042,"07,14,17,23,26,31",09,2016-04-14
16041,"12,17,18,21,22,24",04,2016-04-12
16040,"03,13,19,20,23,26",03,2016-04-10
16039,"01,03,07,18,19,27",16,2016-04-07
16038,"03,12,13,22,28,29",03,2016-04-05
16037,"06,15,26,31,32,33",16,2016-04-03
16036,"03,04,07,09,20,22",03,2016-03-31
16035,"04,13,19,20,26,29",11,2016-03-29
16034,"03,15,21,22,23,28",15,2016-03-27
16033,"06,17,18,20,27,29",15,2016-03-24
16032,"08,12,14,15,21,27",15,2016-03-22
16031,"03,08,10,19,26,33",03,2016-03-20
16030,"10,14,19,22,25,29",12,2016-03-17
16029,"12,15,18,20,21,27",15,2016-03-15
16028,"06,08,12,21,25,29",01,2016-03-13
16027,"11,13,15,17,19,31",05,2016-03-10
16026,"04,09,12,28,30,33",01,2016-03-08
16025,"04,11,12,17,24,30",12,2016-03-06
16024,"02,05,07,14,18,31",13,2016-03-03
16023,"03,06,10,19,25,29",07,2016-03-01
16022,"04,09,19,22,23,30",07,2016-02-28
16021,"09,11,13,22,24,26",05,2016-02-25
16020,"01,02,10,12,22,24",10,2016-02-23
16019,"06,13,16,17,23,30",10,2016-02-21
16018,"12,13,14,17,21,25",04,2016-02-18
16017,"05,06,08,20,22,30",05,2016-02-16
16016,"01,20,22,24,25,26",16,2016-02-14
16015,"01,02,14,22,25,26",07,2016-02-04
16014,"02,08,10,18,20,27",07,2016-02-02
16013,"07,12,21,22,26,31",01,2016-01-31
16012,"07,12,14,16,27,32",15,2016-01-28
16011,"03,08,10,15,22,29",12,2016-01-26
16010,"02,04,12,14,19,25",06,2016-01-24
16009,"10,14,24,25,27,32",04,2016-01-21
16008,"02,15,24,29,32,33",02,2016-01-19
16007,"05,12,14,20,27,29",06,2016-01-17
16006,"13,16,18,20,28,31",12,2016-01-14
16005,"11,14,18,20,31,33",14,2016-01-12
16004,"08,10,17,22,25,33",12,2016-01-10
16003,"01,10,14,23,26,28",01,2016-01-07
16002,"09,14,17,20,24,30",16,2016-01-05
16001,"06,13,16,18,20,22",13,2016-01-03
15154,"07,09,11,15,18,25",07,2015-12-31
15153,"08,11,15,22,27,29",03,2015-12-29
15152,"11,18,19,21,29,32",12,2015-12-27
15151,"05,06,08,23,31,32",11,2015-12-24
15150,"01,03,08,11,29,31",13,2015-12-22
15149,"09,10,20,21,22,33",09,2015-12-20
15148,"09,13,14,22,26,27",07,2015-12-17
15147,"08,09,16,23,24,30",05,2015-12-15
15146,"16,17,21,28,30,32",15,2015-12-13
15145,"07,08,15,19,20,24",13,2015-12-10
15144,"01,04,07,15,28,32",16,2015-12-08
15143,"13,15,19,20,21,32",04,2015-12-06
15142,"13,17,19,20,22,25",11,2015-12-03
15141,"03,08,19,25,27,28",02,2015-12-01
15140,"06,20,28,29,30,31",12,2015-11-29
15139,"01,10,13,18,25,27",09,2015-11-26
15138,"01,02,08,16,19,24",11,2015-11-24
15137,"14,22,23,27,28,31",12,2015-11-22
15136,"02,05,12,23,28,29",01,2015-11-19
15135,"01,12,14,18,26,32",07,2015-11-17
15134,"02,05,14,19,27,31",04,2015-11-15
15133,"02,03,13,20,22,24",15,2015-11-12
15132,"03,05,11,28,30,33",01,2015-11-10
15131,"10,12,13,19,22,26",03,2015-11-08
15130,"06,14,15,16,17,22",10,2015-11-05
15129,"05,08,11,16,18,27",04,2015-11-03
15128,"01,03,08,11,22,28",06,2015-11-01
15127,"07,10,19,22,27,33",06,2015-10-29
15126,"10,11,15,20,23,29",12,2015-10-27
15125,"05,13,22,27,30,33",10,2015-10-25
15124,"02,03,05,12,18,27",01,2015-10-22
15123,"05,08,09,12,22,28",07,2015-10-20
15122,"05,07,11,16,22,25",07,2015-10-18
15121,"01,03,20,21,28,29",12,2015-10-15
15120,"16,21,24,26,27,29",16,2015-10-13
15119,"02,08,10,18,23,31",08,2015-10-11
15118,"01,04,11,21,23,31",12,2015-10-08
15117,"04,11,12,18,26,32",12,2015-10-06
15116,"04,06,15,23,26,28",11,2015-10-04
15115,"01,07,08,14,24,32",03,2015-10-01
15114,"04,07,09,13,21,26",01,2015-09-29
15113,"01,05,07,08,19,27",12,2015-09-27
15112,"01,03,10,19,20,27",11,2015-09-24
15111,"08,14,16,18,20,30",12,2015-09-22
15110,"05,07,16,17,22,23",04,2015-09-20
15109,"01,08,09,16,32,33",13,2015-09-17
15108,"02,12,19,22,24,27",15,2015-09-15
15107,"07,14,16,18,21,25",08,2015-09-13
15106,"01,03,04,23,31,32",13,2015-09-10
15105,"09,10,16,19,20,26",12,2015-09-08
15104,"09,18,21,23,25,26",01,2015-09-06
15103,"06,08,13,26,30,32",14,2015-09-03
15102,"07,09,12,14,21,23",06,2015-09-01
15101,"08,16,22,24,28,29",05,2015-08-30
15100,"02,03,11,17,19,21",08,2015-08-27
15099,"06,07,10,11,14,22",09,2015-08-25
15098,"06,09,13,26,27,33",01,2015-08-23
15097,"09,12,14,20,26,27",04,2015-08-20
15096,"06,16,17,23,24,31",07,2015-08-18
15095,"04,15,21,28,30,31",04,2015-08-16
15094,"01,04,06,13,16,17",10,2015-08-13
15093,"01,03,13,21,25,31",08,2015-08-11
15092,"09,15,19,21,26,27",01,2015-08-09
15091,"05,07,17,19,22,31",11,2015-08-06
15090,"10,12,14,22,25,33",15,2015-08-04
15089,"12,14,19,27,28,29",01,2015-08-02
15088,"02,12,20,24,29,31",09,2015-07-30
15087,"09,15,16,19,20,28",11,2015-07-28
15086,"05,06,08,16,18,22",12,2015-07-26
15085,"02,08,25,27,28,29",05,2015-07-23
15084,"15,18,20,22,28,29",15,2015-07-21
15083,"06,07,16,18,29,32",05,2015-07-19
15082,"02,08,09,14,28,30",07,2015-07-16
15081,"13,20,22,26,28,31",13,2015-07-14
15080,"14,17,25,27,28,30",02,2015-07-12
15079,"09,14,15,20,26,32",11,2015-07-09
15078,"03,07,20,22,26,29",02,2015-07-07
15077,"01,06,08,10,13,27",16,2015-07-05
15076,"01,09,10,19,23,27",09,2015-07-02
15075,"06,11,13,19,21,32",04,2015-06-30
15074,"04,07,21,25,26,29",08,2015-06-28
15073,"01,02,17,22,26,27",04,2015-06-25
15072,"01,03,05,20,21,31",05,2015-06-23
15071,"08,18,20,28,29,31",08,2015-06-21
15070,"01,07,13,19,21,29",15,2015-06-18
15069,"01,13,17,18,23,30",15,2015-06-16
15068,"06,15,18,21,26,27",10,2015-06-14
15067,"02,05,08,24,25,31",14,2015-06-11
15066,"05,08,11,17,24,28",16,2015-06-09
15065,"08,10,14,19,26,29",12,2015-06-07
15064,"11,12,14,17,23,27",01,2015-06-04
15063,"01,07,09,16,22,32",12,2015-06-02
15062,"09,14,15,18,21,26",16,2015-05-31
15061,"06,18,22,26,32,33",04,2015-05-28
15060,"01,03,18,27,31,32",13,2015-05-26
15059,"02,06,09,16,25,32",14,2015-05-24
15058,"02,09,10,18,19,20",15,2015-05-21
15057,"09,20,24,25,26,32",04,2015-05-19
15056,"01,07,08,16,18,20",14,2015-05-17
15055,"01,10,15,18,19,28",02,2015-05-14
15054,"01,02,07,10,22,26",07,2015-05-12
15053,"03,07,17,22,32,33",10,2015-05-10
15052,"02,04,11,16,25,26",12,2015-05-07
15051,"04,10,24,26,28,32",09,2015-05-05
15050,"03,09,12,16,17,31",04,2015-05-03
15049,"07,12,14,17,20,23",05,2015-04-30
15048,"13,16,17,22,25,27",10,2015-04-28
15047,"02,03,20,24,26,27",09,2015-04-26
15046,"05,07,10,14,23,31",01,2015-04-23
15045,"01,05,13,22,30,31",07,2015-04-21
15044,"02,03,04,13,14,16",02,2015-04-19
15043,"11,12,15,24,26,27",15,2015-04-16
15042,"09,10,19,21,23,32",08,2015-04-14
15041,"04,09,11,17,21,25",06,2015-04-12
15040,"13,16,18,27,30,32",16,2015-04-09
15039,"01,13,15,26,29,30",12,2015-04-07
15038,"05,06,11,12,14,33",14,2015-04-05
15037,"05,07,12,18,28,31",03,2015-04-02
15036,"04,06,16,17,26,33",03,2015-03-31
15035,"01,08,09,22,24,33",03,2015-03-29
15034,"12,13,17,18,20,27",13,2015-03-26
15033,"03,06,21,29,31,32",05,2015-03-24
15032,"11,14,16,18,29,32",16,2015-03-22
15031,"01,05,07,22,26,32",11,2015-03-19
15030,"08,11,14,15,16,26",07,2015-03-17
15029,"07,14,15,19,21,28",07,2015-03-15
15028,"04,07,10,26,27,28",14,2015-03-12
15027,"05,07,09,16,26,29",07,2015-03-10
15026,"02,13,17,21,22,33",13,2015-03-08
15025,"10,11,12,15,27,32",14,2015-03-05
15024,"09,11,16,18,23,24",10,2015-03-03
15023,"08,09,10,13,29,30",01,2015-03-01
15022,"04,07,10,16,23,25",10,2015-02-26
15021,"14,15,16,17,27,28",08,2015-02-17
15020,"01,04,07,19,22,23",04,2015-02-15
15019,"02,06,11,19,25,26",04,2015-02-12
15018,"06,09,12,14,28,29",09,2015-02-10
15017,"13,18,20,25,27,33",12,2015-02-08
15016,"02,06,10,15,17,31",13,2015-02-05
15015,"01,07,20,24,25,33",04,2015-02-03
15014,"02,12,16,19,27,30",11,2015-02-01
15013,"08,09,24,25,26,29",01,2015-01-29
15012,"03,05,22,23,29,31",06,2015-01-27
15011,"04,14,15,17,18,20",15,2015-01-25
15010,"01,02,03,08,21,31",09,2015-01-22
15009,"04,07,14,17,21,25",14,2015-01-20
15008,"04,07,10,16,20,22",03,2015-01-18
15007,"01,07,09,17,20,33",08,2015-01-15
15006,"01,10,11,29,31,33",13,2015-01-13
15005,"07,10,16,17,18,32",15,2015-01-11
15004,"02,14,15,16,23,24",10,2015-01-08
15003,"10,15,20,23,24,31",15,2015-01-06
15002,"07,15,16,25,28,32",05,2015-01-04
15001,"01,07,09,16,20,23",06,2015-01-01
14152,"08,13,15,20,21,25",12,2014-12-30
14151,"04,05,08,11,21,27",08,2014-12-28
14150,"03,08,14,22,24,32",09,2014-12-25
14149,"07,09,10,15,19,33",01,2014-12-23
14148,"01,02,05,12,15,16",13,2014-12-21
14147,"06,07,22,26,31,32",10,2014-12-18
14146,"01,06,13,20,29,32",01,2014-12-16
14145,"10,12,13,23,26,29",11,2014-12-14
14144,"03,05,06,09,10,27",14,2014-12-11
14143,"03,12,18,20,25,26",16,2014-12-09
14142,"06,21,22,23,25,28",13,2014-12-07
14141,"08,09,11,16,21,24",10,2014-12-04
14140,"06,10,11,14,17,33",06,2014-12-02
14139,"01,14,15,20,25,29",11,2014-11-30
14138,"04,06,13,29,31,33",13,2014-11-27
14137,"03,06,09,11,25,29",09,2014-11-25
14136,"03,16,19,27,31,32",10,2014-11-23
14135,"02,04,11,13,25,33",01,2014-11-20
14134,"05,16,22,23,26,28",02,2014-11-18
14133,"13,14,16,23,30,31",13,2014-11-16
14132,"05,06,14,15,18,33",08,2014-11-13
14131,"05,17,21,22,28,32",14,2014-11-11
14130,"01,02,10,24,30,33",10,2014-11-09
14129,"05,08,09,20,28,32",02,2014-11-06
14128,"05,07,08,17,18,24",14,2014-11-04
14127,"02,10,12,21,23,27",12,2014-11-02
14126,"06,11,16,17,22,27",01,2014-10-30
14125,"10,11,15,26,31,32",06,2014-10-28
14124,"02,17,20,24,31,33",04,2014-10-26
14123,"01,06,11,17,28,33",05,2014-10-23
14122,"06,09,11,16,20,29",11,2014-10-21
14121,"01,02,13,22,28,30",09,2014-10-19
14120,"01,07,12,16,23,28",04,2014-10-16
14119,"06,13,17,20,26,29",09,2014-10-14
14118,"05,07,15,18,26,30",03,2014-10-12
14117,"05,10,17,25,28,29",04,2014-10-09
14116,"09,10,14,15,19,29",16,2014-10-07
14115,"01,09,10,11,13,32",03,2014-10-05
14114,"02,07,23,30,32,33",10,2014-10-02
14113,"12,14,28,31,32,33",07,2014-09-30
14112,"01,15,16,21,24,30",03,2014-09-28
14111,"02,08,17,20,22,28",02,2014-09-25
14110,"01,08,11,13,19,30",06,2014-09-23
14109,"02,05,11,15,19,28",02,2014-09-21
14108,"03,08,09,20,23,28",02,2014-09-18
14107,"11,14,17,22,25,27",16,2014-09-16
14106,"09,14,17,18,21,25",15,2014-09-14
14105,"14,16,17,19,27,32",04,2014-09-11
14104,"02,06,12,19,27,28",13,2014-09-09
14103,"03,08,09,10,18,33",04,2014-09-07
14102,"14,16,21,24,28,31",13,2014-09-04
14101,"16,18,20,23,24,32",07,2014-09-02
14100,"01,06,09,10,14,16",11,2014-08-31
14099,"01,05,10,11,13,32",14,2014-08-28
14098,"02,13,17,20,29,31",07,2014-08-26
14097,"07,13,24,25,27,32",15,2014-08-24
14096,"12,14,17,19,22,24",08,2014-08-21
14095,"05,06,08,14,22,31",08,2014-08-19
14094,"01,10,18,20,23,29",01,2014-08-17
14093,"02,08,09,10,20,29",05,2014-08-14
14092,"03,13,18,19,22,26",07,2014-08-12
14091,"01,05,12,19,27,29",14,2014-08-10
14090,"05,09,11,19,24,32",13,2014-08-07
14089,"04,06,14,17,27,30",09,2014-08-05
14088,"03,06,11,14,16,29",15,2014-08-03
14087,"06,18,22,23,32,33",06,2014-07-31
14086,"02,04,10,12,14,30",08,2014-07-29
14085,"01,02,11,19,23,29",08,2014-07-27
14084,"01,06,09,10,13,25",08,2014-07-24
14083,"05,06,19,21,23,33",12,2014-07-22
14082,"02,04,20,25,26,29",11,2014-07-20
14081,"08,14,22,24,27,29",10,2014-07-17
14080,"05,14,16,17,25,30",07,2014-07-15
14079,"02,07,16,22,27,28",02,2014-07-13
14078,"02,03,05,06,09,17",07,2014-07-10
14077,"08,09,12,15,19,22",10,2014-07-08
14076,"06,10,12,17,18,33",11,2014-07-06
14075,"03,09,11,22,27,29",06,2014-07-03
14074,"01,03,06,13,30,31",12,2014-07-01
14073,"01,12,16,20,30,33",02,2014-06-29
14072,"01,03,07,13,19,32",16,2014-06-26
14071,"02,04,12,17,22,25",14,2014-06-24
14070,"01,07,09,19,28,29",07,2014-06-22
14069,"05,12,17,19,25,30",11,2014-06-19
14068,"04,12,13,22,27,29",16,2014-06-17
14067,"01,06,07,17,18,23",06,2014-06-15
14066,"02,05,15,17,18,21",16,2014-06-12
14065,"03,04,05,08,10,22",06,2014-06-10
14064,"02,09,15,16,29,32",14,2014-06-08
14063,"03,08,17,21,22,31",16,2014-06-05
14062,"06,09,15,24,25,26",09,2014-06-03
14061,"02,14,17,27,28,31",08,2014-06-01
14060,"03,05,14,18,25,33",06,2014-05-29
14059,"05,08,12,13,23,25",13,2014-05-27
14058,"02,03,12,13,14,25",11,2014-05-25
14057,"02,04,12,18,23,31",08,2014-05-22
14056,"01,11,18,20,28,29",01,2014-05-20
14055,"02,09,14,19,21,30",04,2014-05-18
14054,"01,04,05,11,29,30",14,2014-05-15
14053,"14,17,19,22,26,31",02,2014-05-13
14052,"09,13,15,28,30,33",08,2014-05-11
14051,"10,16,19,21,23,24",13,2014-05-08
14050,"03,17,23,25,26,32",13,2014-05-06
14049,"06,07,16,17,23,32",06,2014-05-04
14048,"06,09,16,17,24,25",16,2014-05-01
14047,"08,10,11,12,19,29",15,2014-04-29
14046,"02,10,11,17,18,22",10,2014-04-27
14045,"02,04,09,11,19,22",15,2014-04-24
14044,"04,09,21,27,28,33",12,2014-04-22
14043,"02,05,09,14,24,33",09,2014-04-20
14042,"12,15,20,25,28,33",14,2014-04-17
14041,"07,11,16,18,21,22",02,2014-04-15
14040,"03,04,06,11,12,15",08,2014-04-13
14039,"03,11,15,19,20,31",07,2014-04-10
14038,"04,07,22,23,24,33",16,2014-04-08
14037,"06,13,14,24,25,30",07,2014-04-06
14036,"01,07,08,09,11,22",03,2014-04-03
14035,"07,08,09,17,32,33",06,2014-04-01
14034,"01,03,04,08,25,31",06,2014-03-30
14033,"05,13,23,28,32,33",12,2014-03-27
14032,"01,02,14,22,29,33",07,2014-03-25
14031,"04,10,16,17,21,27",14,2014-03-23
14030,"12,18,19,23,24,30",10,2014-03-20
14029,"02,07,14,16,21,29",14,2014-03-18
14028,"06,16,21,27,30,32",05,2014-03-16
14027,"08,10,14,16,30,31",01,2014-03-13
14026,"01,02,05,06,11,23",14,2014-03-11
14025,"01,05,10,14,16,30",16,2014-03-09
14024,"08,10,16,20,23,30",09,2014-03-06
14023,"07,09,13,17,21,22",10,2014-03-04
14022,"04,06,07,10,21,26",16,2014-03-02
14021,"08,10,15,17,22,29",12,2014-02-27
14020,"09,14,17,23,24,25",15,2014-02-25
14019,"02,10,15,19,20,21",07,2014-02-23
14018,"13,17,18,21,30,33",15,2014-02-20
14017,"04,06,07,14,25,26",10,2014-02-18
14016,"02,03,07,13,21,24",08,2014-02-16
14015,"02,11,19,30,32,33",09,2014-02-13
14014,"04,09,19,22,25,29",15,2014-02-11
14013,"05,09,13,15,17,21",13,2014-02-09
14012,"01,08,11,19,21,24",08,2014-01-28
14011,"09,10,13,14,21,32",02,2014-01-26
14010,"05,07,08,20,31,33",11,2014-01-23
14009,"08,09,19,20,25,32",16,2014-01-21
14008,"05,14,16,21,29,30",12,2014-01-19
14007,"08,10,12,14,18,28",14,2014-01-16
14006,"03,04,07,17,21,27",14,2014-01-14
14005,"15,18,23,27,32,33",04,2014-01-12
14004,"01,04,19,22,24,25",15,2014-01-09
14003,"06,10,11,28,30,33",12,2014-01-07
14002,"04,21,23,31,32,33",04,2014-01-05
14001,"03,09,15,20,27,29",01,2014-01-02
13154,"07,11,14,19,24,29",05,2013-12-31
13153,"08,11,13,18,28,33",10,2013-12-29
13152,"04,06,14,16,18,29",05,2013-12-26
13151,"03,09,10,19,28,33",09,2013-12-24
13150,"01,15,16,25,26,29",10,2013-12-22
13149,"09,18,25,26,30,32",11,2013-12-19
13148,"06,11,12,14,17,22",01,2013-12-17
13147,"02,15,16,17,19,30",08,2013-12-15
13146,"08,20,25,30,32,33",01,2013-12-12
13145,"06,10,13,16,23,24",15,2013-12-10
13144,"05,07,12,19,27,31",02,2013-12-08
13143,"12,18,21,22,27,32",11,2013-12-05
13142,"11,12,14,20,22,29",14,2013-12-03
13141,"03,04,05,25,30,31",04,2013-12-01
13140,"01,05,12,13,21,22",10,2013-11-28
13139,"07,08,11,13,21,27",08,2013-11-26
13138,"04,15,16,24,27,28",03,2013-11-24
13137,"04,17,19,23,24,27",10,2013-11-21
13136,"04,06,14,16,18,26",06,2013-11-19
13135,"09,23,24,25,29,31",12,2013-11-17
13134,"01,17,18,19,25,29",10,2013-11-14
13133,"04,07,12,19,22,25",01,2013-11-12
13132,"20,21,22,23,25,27",12,2013-11-10
13131,"04,06,12,17,19,26",09,2013-11-07
13130,"01,03,15,16,31,33",08,2013-11-05
13129,"05,06,10,14,27,31",14,2013-11-03
13128,"07,13,17,19,25,31",08,2013-10-31
13127,"02,03,13,20,22,33",14,2013-10-29
13126,"04,10,19,27,31,33",16,2013-10-27
13125,"04,06,08,18,25,28",16,2013-10-24
13124,"03,09,15,23,25,30",07,2013-10-22
13123,"01,02,06,11,17,25",02,2013-10-20
13122,"07,10,13,15,26,27",11,2013-10-17
13121,"04,05,06,07,25,27",07,2013-10-15
13120,"05,06,13,18,23,31",11,2013-10-13
13119,"05,15,20,22,26,32",09,2013-10-10
13118,"02,03,17,22,32,33",16,2013-10-08
13117,"09,12,13,24,27,33",16,2013-10-06
13116,"12,15,21,26,32,33",07,2013-10-03
13115,"03,12,16,17,18,27",08,2013-10-01
13114,"04,06,17,21,23,33",07,2013-09-29
13113,"04,07,11,17,24,33",09,2013-09-26
13112,"01,06,12,13,22,31",07,2013-09-24
13111,"01,02,03,06,08,33",13,2013-09-22
13110,"15,17,18,21,29,32",13,2013-09-19
13109,"09,23,24,27,29,32",08,2013-09-17
13108,"16,21,22,28,31,32",05,2013-09-15
13107,"07,09,11,17,28,31",11,2013-09-12
13106,"09,11,23,30,31,32",06,2013-09-10
13105,"01,11,23,27,31,32",09,2013-09-08
13104,"01,02,04,15,17,28",11,2013-09-05
13103,"02,04,09,13,18,20",07,2013-09-03
13102,"02,04,05,06,08,16",03,2013-09-01
13101,"05,07,09,23,27,32",01,2013-08-29
13100,"04,08,11,14,16,20",11,2013-08-27
13099,"05,11,20,21,26,31",03,2013-08-25
13098,"07,15,18,19,20,26",14,2013-08-22
13097,"05,14,17,22,23,25",07,2013-08-20
13096,"01,02,22,28,29,30",15,2013-08-18
13095,"01,06,15,19,28,29",10,2013-08-15
13094,"02,04,14,18,20,22",07,2013-08-13
13093,"01,02,08,26,29,31",14,2013-08-11
13092,"07,11,15,21,26,31",06,2013-08-08
13091,"04,14,24,25,28,31",10,2013-08-06
13090,"02,05,11,23,24,29",08,2013-08-04
13089,"04,08,12,19,21,25",13,2013-08-01
13088,"09,15,20,21,22,24",14,2013-07-30
13087,"02,13,19,23,24,28",05,2013-07-28
13086,"02,04,11,13,16,26",11,2013-07-25
13085,"02,08,12,14,16,32",16,2013-07-23
13084,"05,07,09,11,20,21",03,2013-07-21
13083,"05,06,12,14,19,23",09,2013-07-18
13082,"04,13,14,20,22,30",06,2013-07-16
13081,"01,04,10,13,21,31",13,2013-07-14
13080,"10,11,12,23,28,32",16,2013-07-11
13079,"07,13,17,19,22,26",13,2013-07-09
13078,"03,05,17,18,26,27",15,2013-07-07
13077,"09,14,23,24,26,29",03,2013-07-04
13076,"14,23,24,26,29,30",03,2013-07-02
13075,"04,06,09,25,30,33",14,2013-06-30
13074,"03,06,08,14,19,32",03,2013-06-27
13073,"02,09,13,17,20,28",11,2013-06-25
13072,"02,08,11,14,19,33",09,2013-06-23
13071,"05,12,21,23,26,28",09,2013-06-20
13070,"02,03,09,10,28,30",06,2013-06-18
13069,"07,16,17,18,30,33",06,2013-06-16
13068,"02,07,13,20,25,27",06,2013-06-13
13067,"01,04,09,15,22,30",06,2013-06-11
13066,"01,03,16,17,20,32",07,2013-06-09
13065,"07,18,19,23,29,30",02,2013-06-06
13064,"01,09,13,22,25,32",12,2013-06-04
13063,"10,15,18,20,23,31",12,2013-06-02
13062,"01,06,07,19,22,27",02,2013-05-30
13061,"05,06,07,12,13,18",12,2013-05-28
13060,"05,07,10,13,19,20",15,2013-05-26
13059,"03,10,18,24,27,29",09,2013-05-23
13058,"08,11,17,21,23,24",05,2013-05-21
13057,"13,16,19,23,26,28",05,2013-05-19
13056,"03,12,25,26,28,29",16,2013-05-16
13055,"08,18,19,22,27,32",06,2013-05-14
13054,"03,04,08,14,21,28",14,2013-05-12
13053,"03,12,13,22,30,33",14,2013-05-09
13052,"06,07,14,21,22,24",13,2013-05-07
13051,"08,12,15,19,28,29",02,2013-05-05
13050,"03,07,13,18,22,25",03,2013-05-02
13049,"10,13,14,16,21,32",14,2013-04-30
13048,"10,13,17,28,30,32",04,2013-04-28
13047,"01,08,11,17,27,30",12,2013-04-25
13046,"03,16,19,20,24,26",06,2013-04-23
13045,"06,07,08,14,23,31",12,2013-04-21
13044,"03,05,11,18,26,28",06,2013-04-18
13043,"03,06,14,15,17,25",16,2013-04-16
13042,"01,08,12,13,15,33",03,2013-04-14
13041,"02,10,12,17,23,24",05,2013-04-11
13040,"02,04,10,12,17,30",10,2013-04-09
13039,"01,02,14,15,24,29",06,2013-04-07
13038,"09,10,12,14,15,19",11,2013-04-04
13037,"02,15,18,27,28,32",14,2013-04-02
13036,"04,05,09,27,29,31",13,2013-03-31
13035,"01,14,15,17,26,30",02,2013-03-28
13034,"06,15,20,22,26,33",09,2013-03-26
13033,"05,06,13,17,19,28",01,2013-03-24
13032,"04,21,25,29,30,33",03,2013-03-21
13031,"03,13,14,15,21,33",03,2013-03-19
13030,"07,14,18,25,26,29",06,2013-03-17
13029,"06,07,10,19,23,29",12,2013-03-14
13028,"07,08,14,25,26,28",13,2013-03-12
13027,"01,02,04,12,21,24",12,2013-03-10
13026,"04,11,14,15,22,31",11,2013-03-07
13025,"16,17,18,24,25,30",08,2013-03-05
13024,"04,05,13,23,27,30",09,2013-03-03
13023,"03,06,15,18,30,32",05,2013-02-28
13022,"02,04,07,09,15,20",07,2013-02-26
13021,"01,06,17,19,26,31",11,2013-02-24
13020,"01,07,08,12,16,21",01,2013-02-21
13019,"01,02,05,16,20,26",06,2013-02-19
13018,"02,08,13,28,29,30",05,2013-02-17
13017,"04,06,12,30,31,32",09,2013-02-07
13016,"02,05,06,12,14,28",05,2013-02-05
13015,"05,06,07,11,13,18",15,2013-02-03
13014,"02,04,05,17,19,20",08,2013-01-31
13013,"05,06,13,19,22,28",09,2013-01-29
13012,"06,14,17,22,28,29",02,2013-01-27
13011,"03,12,17,24,27,29",09,2013-01-24
13010,"01,09,11,17,32,33",12,2013-01-22
13009,"01,04,09,13,16,23",02,2013-01-20
13008,"03,08,17,21,25,32",15,2013-01-17
13007,"02,09,15,22,26,32",01,2013-01-15
13006,"09,10,13,17,22,30",13,2013-01-13
13005,"01,13,14,25,31,32",12,2013-01-10
13004,"06,10,16,20,27,32",08,2013-01-08
13003,"22,23,26,27,28,33",09,2013-01-06
13002,"01,16,18,22,28,30",12,2013-01-03
13001,"06,08,14,15,24,25",06,2013-01-01
12154,"05,07,12,16,28,32",04,2012-12-30
12153,"04,05,11,21,27,28",10,2012-12-27
12152,"10,12,18,22,28,29",07,2012-12-25
12151,"05,14,24,25,26,32",01,2012-12-23
12150,"09,11,17,23,24,26",07,2012-12-20
12149,"01,05,13,25,26,32",13,2012-12-18
12148,"03,06,11,17,21,31",07,2012-12-16
12147,"02,12,15,23,24,32",09,2012-12-13
12146,"01,05,07,13,29,32",13,2012-12-11
12145,"05,20,26,27,28,33",03,2012-12-09
12144,"03,10,12,13,27,30",04,2012-12-06
12143,"07,08,18,25,30,32",06,2012-12-04
12142,"05,18,22,28,29,31",06,2012-12-02
12141,"03,05,08,19,20,27",09,2012-11-29
12140,"14,18,27,30,31,33",15,2012-11-27
12139,"08,19,21,24,28,31",15,2012-11-25
12138,"01,07,16,17,19,21",14,2012-11-22
12137,"01,02,04,06,13,17",07,2012-11-20
12136,"02,07,08,17,21,28",11,2012-11-18
12135,"02,05,07,08,11,17",16,2012-11-15
12134,"02,05,06,07,13,23",15,2012-11-13
12133,"01,08,11,20,21,29",02,2012-11-11
12132,"07,12,16,17,21,25",10,2012-11-08
12131,"06,18,19,26,28,32",12,2012-11-06
12130,"01,03,15,20,22,31",03,2012-11-04
12129,"01,07,09,17,21,29",01,2012-11-01
12128,"05,09,12,29,30,31",05,2012-10-30
12127,"01,09,11,21,26,32",08,2012-10-28
12126,"03,05,12,15,23,24",07,2012-10-25
12125,"08,12,13,26,29,33",01,2012-10-23
12124,"06,07,21,25,27,33",11,2012-10-21
12123,"08,10,16,25,28,33",09,2012-10-18
12122,"12,13,19,22,28,29",11,2012-10-16
12121,"01,07,08,20,23,24",11,2012-10-14
12120,"01,04,20,24,28,29",16,2012-10-11
12119,"12,20,25,26,27,28",13,2012-10-09
12118,"05,06,07,12,15,28",11,2012-10-07
12117,"13,15,18,20,24,28",09,2012-10-04
12116,"03,21,26,29,31,32",03,2012-10-02
12115,"03,08,20,24,26,32",14,2012-09-30
12114,"01,06,11,26,27,29",15,2012-09-27
12113,"03,06,09,13,18,32",06,2012-09-25
12112,"08,15,20,21,27,31",06,2012-09-23
12111,"02,09,10,20,22,31",13,2012-09-20
12110,"03,07,10,13,22,32",09,2012-09-18
12109,"02,12,24,26,29,31",03,2012-09-16
12108,"01,09,12,13,19,28",13,2012-09-13
12107,"11,12,15,24,25,31",09,2012-09-11
12106,"13,14,20,22,23,32",16,2012-09-09
12105,"06,13,14,15,17,30",04,2012-09-06
12104,"04,05,09,10,19,28",03,2012-09-04
12103,"04,09,11,14,32,33",02,2012-09-02
12102,"13,25,27,28,29,30",15,2012-08-30
12101,"09,12,17,18,20,33",02,2012-08-28
12100,"05,07,15,18,25,33",10,2012-08-26
12099,"08,12,15,16,21,27",16,2012-08-23
12098,"02,12,19,26,29,31",09,2012-08-21
12097,"05,08,13,14,19,22",06,2012-08-19
12096,"04,07,11,16,29,33",07,2012-08-16
12095,"17,24,27,28,29,30",02,2012-08-14
12094,"06,09,14,16,23,33",15,2012-08-12
12093,"03,05,19,21,24,33",13,2012-08-09
12092,"06,13,17,18,28,32",03,2012-08-07
12091,"01,05,07,08,19,21",16,2012-08-05
12090,"02,13,20,25,29,30",11,2012-08-02
12089,"03,07,10,13,14,25",11,2012-07-31
12088,"03,05,23,24,27,31",15,2012-07-29
12087,"03,10,11,13,14,22",09,2012-07-26
12086,"08,09,13,15,22,23",08,2012-07-24
12085,"05,17,24,30,31,33",05,2012-07-22
12084,"02,10,20,26,28,29",14,2012-07-19
12083,"04,09,14,15,26,33",04,2012-07-17
12082,"02,04,11,18,22,29",06,2012-07-15
12081,"02,05,10,24,25,29",06,2012-07-12
12080,"04,09,14,15,16,27",03,2012-07-10
12079,"06,07,12,24,30,33",12,2012-07-08
12078,"08,15,22,24,28,33",12,2012-07-05
12077,"02,04,13,18,26,28",12,2012-07-03
12076,"11,18,22,27,29,30",15,2012-07-01
12075,"04,06,22,23,29,32",11,2012-06-28
12074,"15,16,18,19,28,32",08,2012-06-26
12073,"04,07,09,10,17,27",05,2012-06-24
12072,"02,03,07,09,13,30",06,2012-06-21
12071,"03,04,19,21,22,23",08,2012-06-19
12070,"02,03,04,24,31,32",11,2012-06-17
12069,"08,10,11,18,20,29",06,2012-06-14
12068,"05,17,22,26,32,33",10,2012-06-12
12067,"04,05,10,21,26,30",16,2012-06-10
12066,"01,02,09,26,29,33",12,2012-06-07
12065,"08,10,18,19,27,31",14,2012-06-05
12064,"05,10,11,16,23,24",11,2012-06-03
12063,"02,10,17,19,24,27",12,2012-05-31
12062,"02,13,16,17,20,31",07,2012-05-29
12061,"03,08,11,12,14,18",14,2012-05-27
12060,"07,10,13,16,17,29",01,2012-05-24
12059,"04,13,21,22,26,31",01,2012-05-22
12058,"03,06,15,20,25,26",04,2012-05-20
12057,"03,05,19,21,27,31",04,2012-05-17
12056,"04,07,14,17,26,31",10,2012-05-15
12055,"04,06,13,20,24,28",01,2012-05-13
12054,"06,14,18,20,30,33",14,2012-05-10
12053,"04,15,22,25,27,33",04,2012-05-08
12052,"02,03,05,06,20,24",04,2012-05-06
12051,"02,12,14,17,30,31",09,2012-05-03
12050,"07,13,15,17,19,24",11,2012-05-01
12049,"04,12,13,19,20,32",02,2012-04-29
12048,"01,05,14,22,24,30",10,2012-04-26
12047,"06,07,11,16,32,33",11,2012-04-24
12046,"04,12,19,20,23,33",06,2012-04-22
12045,"08,11,20,21,27,30",09,2012-04-19
12044,"06,09,10,14,22,25",03,2012-04-17
12043,"02,09,11,21,26,33",03,2012-04-15
12042,"05,06,11,19,24,28",16,2012-04-12
12041,"08,11,15,20,24,32",02,2012-04-10
12040,"03,08,09,22,25,31",10,2012-04-08
12039,"01,02,05,13,22,29",08,2012-04-05
12038,"09,10,11,15,19,33",16,2012-04-03
12037,"05,14,19,24,28,33",09,2012-04-01
12036,"02,11,13,18,19,26",09,2012-03-29
12035,"09,11,12,21,24,26",05,2012-03-27
12034,"02,03,08,23,32,33",16,2012-03-25
12033,"02,03,15,16,17,27",04,2012-03-22
12032,"01,02,10,17,22,24",04,2012-03-20
12031,"04,16,22,24,27,31",03,2012-03-18
12030,"09,10,17,18,21,31",08,2012-03-15
12029,"04,07,15,25,26,28",03,2012-03-13
12028,"10,15,20,21,28,30",11,2012-03-11
12027,"04,16,22,25,30,31",12,2012-03-08
12026,"03,07,09,15,24,25",16,2012-03-06
12025,"03,08,09,17,25,27",06,2012-03-04
12024,"04,12,19,21,25,28",13,2012-03-01
12023,"05,09,15,23,24,33",02,2012-02-28
12022,"04,08,12,24,26,27",04,2012-02-26
12021,"01,15,16,18,22,30",03,2012-02-23
12020,"03,08,12,18,23,29",11,2012-02-21
12019,"07,14,18,20,22,30",16,2012-02-19
12018,"03,05,06,22,26,32",15,2012-02-16
12017,"06,09,14,19,25,28",10,2012-02-14
12016,"02,05,12,17,22,25",08,2012-02-12
12015,"01,03,06,10,21,23",15,2012-02-09
12014,"01,02,05,16,28,30",12,2012-02-07
12013,"06,08,24,29,30,32",13,2012-02-05
12012,"15,17,18,20,23,27",01,2012-02-02
12011,"04,14,15,16,20,26",05,2012-01-31
12010,"01,03,13,19,25,26",10,2012-01-29
12009,"04,16,24,26,27,33",11,2012-01-19
12008,"01,12,20,23,24,29",08,2012-01-17
12007,"10,17,19,27,28,32",04,2012-01-15
12006,"02,22,25,29,32,33",08,2012-01-12
12005,"07,09,18,27,31,33",06,2012-01-10
12004,"01,05,10,11,21,23",16,2012-01-08
12003,"03,06,08,24,29,31",09,2012-01-05
12002,"02,03,07,09,10,32",13,2012-01-03
12001,"01,04,05,09,15,17",06,2012-01-01
11153,"05,08,09,10,20,25",13,2011-12-29
11152,"04,10,11,12,21,26",13,2011-12-27
11151,"07,11,16,19,31,33",10,2011-12-25
11150,"08,10,12,15,22,27",13,2011-12-22
11149,"04,05,06,07,23,31",16,2011-12-20
11148,"05,14,22,23,25,26",14,2011-12-18
11147,"04,08,12,17,18,30",10,2011-12-15
11146,"11,23,26,28,32,33",10,2011-12-13
11145,"02,04,14,15,26,30",04,2011-12-11
11144,"01,02,09,10,16,24",03,2011-12-08
11143,"07,08,12,14,15,30",16,2011-12-06
11142,"12,15,16,26,29,31",02,2011-12-04
11141,"02,04,06,19,24,29",11,2011-12-01
11140,"04,18,20,22,27,29",06,2011-11-29
11139,"08,20,24,27,30,31",03,2011-11-27
11138,"01,05,15,24,28,32",07,2011-11-24
11137,"02,11,18,23,30,33",13,2011-11-22
11136,"02,04,06,20,22,31",07,2011-11-20
11135,"12,13,17,20,25,26",12,2011-11-17
11134,"01,02,06,07,30,31",10,2011-11-15
11133,"12,14,20,21,25,31",16,2011-11-13
11132,"02,05,12,13,25,33",07,2011-11-10
11131,"02,07,09,17,21,25",01,2011-11-08
11130,"07,14,18,23,25,32",15,2011-11-06
11129,"07,10,11,21,23,26",06,2011-11-03
11128,"09,11,14,17,19,23",12,2011-11-01
11127,"16,19,22,23,27,29",11,2011-10-30
11126,"03,07,13,18,23,26",16,2011-10-27
11125,"03,10,15,24,27,32",08,2011-10-25
11124,"09,18,19,26,31,32",16,2011-10-23
11123,"01,04,05,14,19,28",16,2011-10-20
11122,"10,12,18,26,27,31",03,2011-10-18
11121,"04,14,22,25,32,33",02,2011-10-16
11120,"04,14,17,28,30,33",07,2011-10-13
11119,"09,12,14,19,28,32",01,2011-10-11
11118,"05,06,11,14,20,21",10,2011-10-09
11117,"08,10,19,26,28,30",04,2011-10-06
11116,"01,07,11,12,17,27",05,2011-10-04
11115,"07,08,09,12,17,33",16,2011-10-02
11114,"01,14,15,16,30,32",09,2011-09-29
11113,"06,10,11,25,32,33",05,2011-09-27
11112,"03,05,16,18,23,24",15,2011-09-25
11111,"01,03,05,20,25,27",04,2011-09-22
11110,"12,14,21,26,28,33",12,2011-09-20
11109,"01,03,09,15,16,33",15,2011-09-18
11108,"02,17,22,26,29,33",10,2011-09-15
11107,"04,09,16,17,22,29",15,2011-09-13
11106,"02,11,12,14,24,32",14,2011-09-11
11105,"04,06,23,25,27,28",01,2011-09-08
11104,"09,10,16,20,25,29",09,2011-09-06
11103,"04,05,10,13,15,16",12,2011-09-04
11102,"01,05,13,21,27,31",11,2011-09-01
11101,"06,10,19,23,29,31",06,2011-08-30
11100,"07,11,21,23,31,32",05,2011-08-28
11099,"10,12,13,21,26,27",14,2011-08-25
11098,"03,07,20,21,22,32",05,2011-08-23
11097,"09,17,19,20,21,26",16,2011-08-21
11096,"01,04,07,13,14,19",15,2011-08-18
11095,"03,07,08,10,23,24",05,2011-08-16
11094,"09,11,12,17,18,19",05,2011-08-14
11093,"04,07,11,13,23,30",09,2011-08-11
11092,"05,10,17,26,31,32",04,2011-08-09
11091,"09,15,21,23,28,30",03,2011-08-07
11090,"02,05,14,18,21,25",16,2011-08-04
11089,"01,02,11,24,29,30",12,2011-08-02
11088,"03,09,17,20,21,29",04,2011-07-31
11087,"02,03,04,05,18,28",01,2011-07-28
11086,"06,07,09,12,17,24",09,2011-07-26
11085,"03,06,11,21,24,31",10,2011-07-24
11084,"09,10,12,16,18,32",15,2011-07-21
11083,"07,16,18,24,28,29",06,2011-07-19
11082,"07,16,17,20,25,26",04,2011-07-17
11081,"06,14,19,23,25,32",12,2011-07-14
11080,"02,07,09,25,31,32",09,2011-07-12
11079,"03,14,15,16,24,29",05,2011-07-10
11078,"03,05,13,20,22,29",09,2011-07-07
11077,"01,07,08,15,26,29",10,2011-07-05
11076,"06,19,21,26,32,33",13,2011-07-03
11075,"07,09,10,12,31,32",13,2011-06-30
11074,"02,21,26,28,29,32",01,2011-06-28
11073,"03,04,05,12,17,21",14,2011-06-26
11072,"01,06,10,11,18,27",12,2011-06-23
11071,"01,02,15,22,28,30",02,2011-06-21
11070,"01,03,05,12,21,28",12,2011-06-19
11069,"02,13,16,18,24,30",12,2011-06-16
11068,"03,07,10,15,19,24",10,2011-06-14
11067,"17,19,20,24,25,27",12,2011-06-12
11066,"04,06,14,17,30,32",12,2011-06-09
11065,"04,16,23,25,27,29",03,2011-06-07
11064,"03,06,07,29,30,33",02,2011-06-05
11063,"04,06,13,15,18,19",05,2011-06-02
11062,"04,08,09,10,29,30",03,2011-05-31
11061,"02,03,08,13,19,21",03,2011-05-29
11060,"10,11,13,21,27,31",01,2011-05-26
11059,"24,26,27,29,31,33",16,2011-05-24
11058,"07,18,22,30,32,33",06,2011-05-22
11057,"04,06,20,21,26,33",02,2011-05-19
11056,"13,16,19,20,23,25",10,2011-05-17
11055,"08,13,16,17,29,32",16,2011-05-15
11054,"08,11,16,17,22,33",08,2011-05-12
11053,"03,06,10,12,22,30",15,2011-05-10
11052,"04,05,08,19,27,28",08,2011-05-08
11051,"01,07,11,14,15,16",14,2011-05-05
11050,"04,05,19,22,28,29",15,2011-05-03
11049,"01,11,17,18,27,31",14,2011-05-01
11048,"10,14,18,25,26,27",15,2011-04-28
11047,"04,13,23,25,27,33",14,2011-04-26
11046,"09,17,18,26,29,30",08,2011-04-24
11045,"02,16,17,20,26,32",08,2011-04-21
11044,"03,14,16,26,27,31",09,2011-04-19
11043,"04,13,14,17,25,31",04,2011-04-17
11042,"05,13,15,17,19,21",15,2011-04-14
11041,"04,10,12,13,30,32",13,2011-04-12
11040,"05,11,14,24,26,28",13,2011-04-10
11039,"03,07,10,16,24,29",13,2011-04-07
11038,"02,14,15,19,23,24",12,2011-04-05
11037,"01,03,04,06,17,25",11,2011-04-03
11036,"02,11,20,22,24,31",05,2011-03-31
11035,"13,14,18,20,27,31",02,2011-03-29
11034,"13,14,17,19,24,31",08,2011-03-27
11033,"02,08,12,13,19,29",04,2011-03-24
11032,"03,05,07,13,14,15",15,2011-03-22
11031,"16,17,24,28,29,32",12,2011-03-20
11030,"02,09,19,24,25,33",10,2011-03-17
11029,"01,04,09,10,20,31",07,2011-03-15
11028,"01,04,05,14,16,17",01,2011-03-13
11027,"13,18,21,22,25,26",01,2011-03-10
11026,"07,08,17,19,21,26",12,2011-03-08
11025,"08,25,26,31,32,33",09,2011-03-06
11024,"05,07,10,19,26,31",14,2011-03-03
11023,"02,03,06,21,22,25",05,2011-03-01
11022,"02,07,14,16,17,21",05,2011-02-27
11021,"01,02,14,18,25,31",08,2011-02-24
11020,"12,16,17,19,24,30",05,2011-02-22
11019,"02,04,12,19,32,33",16,2011-02-20
11018,"13,15,18,28,30,33",01,2011-02-17
11017,"02,06,15,23,26,33",08,2011-02-15
11016,"03,04,16,17,22,29",13,2011-02-13
11015,"03,06,13,26,27,29",07,2011-02-10
11014,"05,07,10,11,23,26",16,2011-02-01
11013,"01,03,13,16,21,22",08,2011-01-30
11012,"07,08,11,13,15,26",13,2011-01-27
11011,"01,12,18,19,21,24",10,2011-01-25
11010,"01,04,05,09,15,19",13,2011-01-23
11009,"17,18,23,24,25,26",04,2011-01-20
11008,"10,12,13,17,24,31",15,2011-01-18
11007,"01,09,17,24,26,31",05,2011-01-16
11006,"01,03,05,13,16,18",05,2011-01-13
11005,"06,09,12,14,20,22",13,2011-01-11
11004,"04,06,08,10,13,26",05,2011-01-09
11003,"13,14,21,22,23,27",04,2011-01-06
11002,"06,08,12,17,28,33",05,2011-01-04
11001,"03,09,20,24,26,32",10,2011-01-02
10153,"03,06,12,19,30,31",13,2010-12-30
10152,"04,09,17,21,25,31",01,2010-12-28
10151,"02,13,14,17,19,26",14,2010-12-26
10150,"02,17,18,23,29,30",06,2010-12-23
10149,"02,07,08,16,25,30",09,2010-12-21
10148,"01,03,07,18,23,27",12,2010-12-19
10147,"02,08,15,18,24,30",03,2010-12-16
10146,"01,17,18,22,25,32",01,2010-12-14
10145,"03,21,24,27,28,31",08,2010-12-12
10144,"02,03,08,15,19,21",11,2010-12-09
10143,"09,16,18,26,30,31",14,2010-12-07
10142,"02,16,18,23,26,27",10,2010-12-05
10141,"02,03,07,18,23,27",06,2010-12-02
10140,"01,12,13,18,26,29",15,2010-11-30
10139,"11,13,18,20,26,31",09,2010-11-28
10138,"01,21,23,24,26,30",05,2010-11-25
10137,"07,09,10,13,19,33",06,2010-11-23
10136,"04,10,23,24,26,33",10,2010-11-21
10135,"04,10,13,25,26,30",10,2010-11-18
10134,"09,15,16,22,27,28",06,2010-11-16
10133,"03,09,17,21,26,32",01,2010-11-14
10132,"02,10,12,18,24,33",15,2010-11-11
10131,"05,06,15,16,19,26",06,2010-11-09
10130,"01,02,07,15,21,31",16,2010-11-07
10129,"04,08,14,25,28,32",16,2010-11-04
10128,"04,11,19,20,24,28",12,2010-11-02
10127,"01,04,08,17,25,33",01,2010-10-31
10126,"03,13,18,20,27,28",05,2010-10-28
10125,"06,07,13,23,28,29",09,2010-10-26
10124,"02,06,08,11,12,25",02,2010-10-24
10123,"06,12,15,18,29,32",10,2010-10-21
10122,"02,09,12,16,25,27",06,2010-10-19
10121,"08,11,13,18,25,30",15,2010-10-17
10120,"01,02,05,06,10,29",16,2010-10-14
10119,"07,17,25,27,30,31",09,2010-10-12
10118,"05,08,11,13,15,25",05,2010-10-10
10117,"01,08,20,22,24,28",01,2010-10-07
10116,"05,09,10,20,22,26",07,2010-10-05
10115,"01,22,24,25,29,33",15,2010-10-03
10114,"01,08,11,15,17,25",01,2010-09-30
10113,"05,10,15,18,20,28",10,2010-09-28
10112,"01,08,18,24,29,30",16,2010-09-26
10111,"04,07,08,13,17,18",10,2010-09-23
10110,"01,03,12,24,26,27",01,2010-09-21
10109,"04,15,18,25,29,32",15,2010-09-19
10108,"02,04,08,20,23,24",07,2010-09-16
10107,"08,12,15,17,22,33",16,2010-09-14
10106,"02,06,08,15,26,29",16,2010-09-12
10105,"01,08,09,19,21,31",11,2010-09-09
10104,"07,17,23,24,27,32",02,2010-09-07
10103,"06,09,14,17,20,33",09,2010-09-05
10102,"04,11,16,20,22,29",10,2010-09-02
10101,"04,09,18,21,25,26",06,2010-08-31
10100,"01,06,12,22,23,26",08,2010-08-29
10099,"03,04,17,24,27,30",06,2010-08-26
10098,"01,03,08,16,29,33",07,2010-08-24
10097,"10,16,18,21,24,26",01,2010-08-22
10096,"07,12,21,23,24,28",03,2010-08-19
10095,"09,11,16,17,25,27",14,2010-08-17
10094,"03,05,07,27,31,32",10,2010-08-15
10093,"09,10,19,28,32,33",06,2010-08-12
10092,"03,13,19,27,28,30",02,2010-08-10
10091,"06,13,16,20,22,24",16,2010-08-08
10090,"01,06,10,15,25,31",14,2010-08-05
10089,"07,08,09,16,23,26",01,2010-08-03
10088,"05,06,15,23,27,30",12,2010-08-01
10087,"01,08,16,17,25,30",10,2010-07-29
10086,"05,21,28,29,30,31",08,2010-07-27
10085,"01,08,12,13,24,27",08,2010-07-25
10084,"02,10,14,18,20,30",03,2010-07-22
10083,"02,20,21,22,23,31",12,2010-07-20
10082,"01,08,13,14,27,31",02,2010-07-18
10081,"02,03,09,24,26,27",05,2010-07-15
10080,"08,10,13,14,16,23",16,2010-07-13
10079,"08,11,12,14,18,22",02,2010-07-11
10078,"01,03,09,11,17,23",12,2010-07-08
10077,"02,08,14,20,21,24",09,2010-07-06
10076,"01,12,14,29,31,32",15,2010-07-04
10075,"05,09,12,13,15,22",14,2010-07-01
10074,"02,10,17,18,19,29",15,2010-06-29
10073,"01,16,20,23,27,31",02,2010-06-27
10072,"06,08,22,23,30,31",01,2010-06-24
10071,"05,13,14,17,20,26",01,2010-06-22
10070,"08,13,23,27,31,33",07,2010-06-20
10069,"12,14,20,22,24,32",11,2010-06-17
10068,"03,13,18,20,23,28",13,2010-06-15
10067,"01,07,10,14,21,25",01,2010-06-13
10066,"01,03,21,22,31,32",07,2010-06-10
10065,"02,07,08,17,30,32",12,2010-06-08
10064,"08,14,25,26,30,31",11,2010-06-06
10063,"02,06,10,17,23,24",03,2010-06-03
10062,"11,13,15,20,31,33",03,2010-06-01
10061,"02,04,16,19,22,26",12,2010-05-30
10060,"01,08,15,18,22,27",09,2010-05-27
10059,"01,09,11,12,18,30",10,2010-05-25
10058,"01,04,11,17,19,29",12,2010-05-23
10057,"05,11,12,19,25,32",05,2010-05-20
10056,"01,02,03,08,13,32",07,2010-05-18
10055,"02,03,13,19,20,23",08,2010-05-16
10054,"01,06,08,12,14,25",06,2010-05-13
10053,"03,22,24,27,28,30",14,2010-05-11
10052,"01,02,19,23,27,29",10,2010-05-09
10051,"04,17,23,27,28,32",03,2010-05-06
10050,"07,21,22,26,28,30",11,2010-05-04
10049,"01,06,10,26,27,28",02,2010-05-02
10048,"01,06,08,10,23,33",02,2010-04-29
10047,"03,10,13,20,21,32",15,2010-04-27
10046,"11,12,21,23,27,32",05,2010-04-25
10045,"02,03,04,13,20,29",01,2010-04-22
10044,"03,09,21,23,27,31",05,2010-04-20
10043,"04,10,19,22,28,33",04,2010-04-18
10042,"03,06,11,20,31,32",10,2010-04-15
10041,"03,05,13,19,25,29",12,2010-04-13
10040,"12,19,24,25,30,32",11,2010-04-11
10039,"08,17,21,23,25,32",12,2010-04-08
10038,"01,06,07,11,13,16",01,2010-04-06
10037,"03,16,19,21,24,26",06,2010-04-04
10036,"06,13,14,28,29,30",08,2010-04-01
10035,"09,10,11,18,19,21",10,2010-03-30
10034,"06,11,13,22,25,32",12,2010-03-28
10033,"08,10,11,12,25,29",09,2010-03-25
10032,"08,18,21,28,29,33",08,2010-03-23
10031,"05,07,13,24,25,28",04,2010-03-21
10030,"03,06,10,16,25,31",05,2010-03-18
10029,"01,05,14,16,17,22",03,2010-03-16
10028,"01,03,06,12,16,32",12,2010-03-14
10027,"03,04,15,25,26,30",13,2010-03-11
10026,"02,04,05,08,19,22",12,2010-03-09
10025,"04,05,07,10,13,25",11,2010-03-07
10024,"07,16,26,27,29,31",14,2010-03-04
10023,"02,09,11,22,24,27",11,2010-03-02
10022,"01,02,18,29,31,32",02,2010-02-28
10021,"02,09,16,17,19,25",04,2010-02-25
10020,"05,06,14,22,24,26",09,2010-02-23
10019,"02,10,22,24,26,27",06,2010-02-21
10018,"11,28,29,30,32,33",02,2010-02-11
10017,"01,03,06,11,12,23",11,2010-02-09
10016,"02,08,10,12,30,33",16,2010-02-07
10015,"01,04,16,21,23,28",06,2010-02-04
10014,"01,03,07,14,26,28",02,2010-02-02
10013,"01,02,03,16,18,23",12,2010-01-31
10012,"02,08,13,14,25,33",10,2010-01-28
10011,"07,08,14,22,24,30",07,2010-01-26
10010,"07,08,12,15,22,26",08,2010-01-24
10009,"01,09,13,21,24,32",06,2010-01-21
10008,"05,07,13,15,18,30",14,2010-01-19
10007,"14,22,27,28,30,33",14,2010-01-17
10006,"03,05,07,13,14,18",05,2010-01-14
10005,"03,05,06,08,17,18",14,2010-01-12
10004,"01,12,13,16,23,28",07,2010-01-10
10003,"14,22,26,27,28,31",04,2010-01-07
10002,"03,06,07,23,30,33",13,2010-01-05
10001,"07,17,18,27,29,32",13,2010-01-03
9154,"01,07,12,14,18,25",16,2009-12-31
9153,"06,07,08,20,21,25",10,2009-12-29
9152,"03,04,19,21,27,28",05,2009-12-27
9151,"06,08,10,16,25,30",14,2009-12-24
9150,"04,06,07,16,19,20",04,2009-12-22
9149,"01,03,16,18,22,29",04,2009-12-20
9148,"06,12,15,22,29,32",10,2009-12-17
9147,"06,08,10,18,22,32",16,2009-12-15
9146,"03,09,16,20,22,33",15,2009-12-13
9145,"03,05,11,15,26,33",11,2009-12-10
9144,"01,05,10,17,18,29",12,2009-12-08
9143,"05,09,11,17,23,28",10,2009-12-06
9142,"07,11,15,19,20,24",13,2009-12-03
9141,"02,13,21,28,29,31",09,2009-12-01
9140,"04,05,11,18,22,33",12,2009-11-29
9139,"01,05,15,17,27,29",02,2009-11-26
9138,"04,07,14,26,32,33",14,2009-11-24
9137,"08,12,14,15,17,21",01,2009-11-22
9136,"01,04,14,22,30,33",01,2009-11-19
9135,"01,03,14,19,30,33",16,2009-11-17
9134,"03,05,12,15,28,33",06,2009-11-15
9133,"05,09,13,18,20,32",01,2009-11-12
9132,"04,14,15,21,23,30",07,2009-11-10
9131,"16,23,25,26,32,33",05,2009-11-08
9130,"02,03,07,12,13,30",11,2009-11-05
9129,"06,07,16,17,24,25",07,2009-11-03
9128,"05,08,15,16,26,32",01,2009-11-01
9127,"02,11,12,14,15,16",04,2009-10-29
9126,"03,05,06,10,19,23",15,2009-10-27
9125,"06,07,08,22,26,27",12,2009-10-25
9124,"03,04,22,23,28,30",10,2009-10-22
9123,"09,13,20,22,25,28",14,2009-10-20
9122,"07,14,16,27,29,32",01,2009-10-18
9121,"02,04,06,10,25,30",09,2009-10-15
9120,"01,02,08,12,16,30",16,2009-10-13
9119,"06,07,10,12,15,21",05,2009-10-11
9118,"12,16,25,26,27,31",05,2009-10-08
9117,"05,09,15,21,26,31",13,2009-10-06
9116,"05,17,21,25,27,32",14,2009-10-04
9115,"02,09,13,15,19,24",03,2009-10-01
9114,"03,05,11,12,31,32",11,2009-09-29
9113,"04,12,20,25,28,29",16,2009-09-27
9112,"06,07,18,24,30,32",09,2009-09-24
9111,"02,04,07,14,15,25",15,2009-09-22
9110,"04,10,13,15,19,30",14,2009-09-20
9109,"05,06,07,14,25,28",01,2009-09-17
9108,"04,10,17,28,32,33",02,2009-09-15
9107,"07,08,20,23,28,29",05,2009-09-13
9106,"01,02,15,18,20,29",04,2009-09-10
9105,"02,08,10,16,27,30",15,2009-09-08
9104,"20,22,26,29,30,32",16,2009-09-06
9103,"06,11,17,20,23,24",09,2009-09-03
9102,"03,05,07,08,14,31",10,2009-09-01
9101,"01,02,05,10,19,24",14,2009-08-30
9100,"02,11,17,27,30,33",11,2009-08-27
9099,"08,09,18,20,25,29",09,2009-08-25
9098,"03,14,15,20,23,30",02,2009-08-23
9097,"07,13,24,26,28,32",14,2009-08-20
9096,"01,26,27,31,32,33",03,2009-08-18
9095,"08,09,14,28,31,33",15,2009-08-16
9094,"03,16,22,25,26,33",14,2009-08-13
9093,"01,11,20,31,32,33",01,2009-08-11
9092,"02,06,07,14,18,31",08,2009-08-09
9091,"03,08,11,14,25,29",04,2009-08-06
9090,"07,09,14,20,23,30",14,2009-08-04
9089,"02,03,07,11,19,32",04,2009-08-02
9088,"04,07,11,15,16,17",02,2009-07-30
9087,"06,11,13,20,28,32",06,2009-07-28
9086,"11,12,13,18,23,32",11,2009-07-26
9085,"04,08,12,17,20,30",03,2009-07-23
9084,"04,09,11,20,32,33",13,2009-07-21
9083,"02,08,12,18,24,28",04,2009-07-19
9082,"11,15,18,21,27,29",02,2009-07-16
9081,"04,05,06,25,29,30",03,2009-07-14
9080,"01,11,13,25,32,33",06,2009-07-12
9079,"02,09,16,21,30,31",13,2009-07-09
9078,"05,07,12,14,15,20",13,2009-07-07
9077,"01,09,14,16,28,32",16,2009-07-05
9076,"09,18,19,25,28,31",06,2009-07-02
9075,"01,13,15,17,20,30",05,2009-06-30
9074,"05,10,16,19,23,28",13,2009-06-28
9073,"09,16,17,18,22,27",14,2009-06-25
9072,"01,03,12,20,21,29",04,2009-06-23
9071,"04,05,23,26,31,32",06,2009-06-21
9070,"01,02,09,10,21,31",10,2009-06-18
9069,"03,05,12,18,21,23",02,2009-06-16
9068,"06,11,18,20,25,30",05,2009-06-14
9067,"04,10,16,23,28,30",05,2009-06-11
9066,"02,15,19,24,31,32",04,2009-06-09
9065,"08,12,20,22,30,33",02,2009-06-07
9064,"01,02,14,23,28,29",15,2009-06-04
9063,"02,05,11,26,30,32",16,2009-06-02
9062,"10,19,20,21,23,32",10,2009-05-31
9061,"10,11,13,16,19,30",03,2009-05-28
9060,"07,13,17,26,32,33",04,2009-05-26
9059,"03,07,13,23,27,30",11,2009-05-24
9058,"05,08,10,15,23,26",09,2009-05-21
9057,"05,07,10,14,17,25",11,2009-05-19
9056,"04,09,10,18,29,32",08,2009-05-17
9055,"03,04,18,22,24,29",11,2009-05-14
9054,"16,17,23,26,31,32",11,2009-05-12
9053,"07,12,18,19,22,28",04,2009-05-10
9052,"09,11,15,19,21,30",08,2009-05-07
9051,"06,10,13,16,21,23",07,2009-05-05
9050,"13,21,24,29,30,32",04,2009-05-03
9049,"09,12,14,20,30,31",06,2009-04-30
9048,"03,07,11,15,17,31",01,2009-04-28
9047,"06,08,11,15,21,22",16,2009-04-26
9046,"16,20,21,26,29,30",09,2009-04-23
9045,"03,04,06,23,30,32",01,2009-04-21
9044,"11,14,16,18,26,30",01,2009-04-19
9043,"04,09,10,15,18,26",07,2009-04-16
9042,"08,16,22,23,27,30",11,2009-04-14
9041,"01,08,23,26,28,33",08,2009-04-12
9040,"04,07,10,20,26,30",12,2009-04-09
9039,"05,12,14,15,21,27",03,2009-04-07
9038,"12,13,15,23,28,32",05,2009-04-05
9037,"02,06,15,18,20,31",03,2009-04-02
9036,"06,09,18,23,32,33",07,2009-03-31
9035,"06,15,21,26,29,31",05,2009-03-29
9034,"09,12,18,21,22,26",07,2009-03-26
9033,"07,08,13,14,29,30",06,2009-03-24
9032,"09,11,12,19,27,32",06,2009-03-22
9031,"01,02,03,15,30,33",01,2009-03-19
9030,"08,14,24,26,28,32",07,2009-03-17
9029,"12,13,15,22,23,29",13,2009-03-15
9028,"03,06,12,15,23,26",10,2009-03-12
9027,"02,07,11,16,27,32",06,2009-03-10
9026,"11,15,17,18,20,30",16,2009-03-08
9025,"10,20,22,23,26,33",11,2009-03-05
9024,"01,03,17,23,30,33",12,2009-03-03
9023,"01,06,07,15,24,30",08,2009-03-01
9022,"05,08,09,10,11,18",08,2009-02-26
9021,"01,04,05,17,24,27",09,2009-02-24
9020,"03,05,07,10,19,23",13,2009-02-22
9019,"06,17,19,20,26,27",04,2009-02-19
9018,"02,05,06,19,27,30",15,2009-02-17
9017,"06,14,15,19,25,26",08,2009-02-15
9016,"02,07,13,16,20,33",03,2009-02-12
9015,"02,04,06,15,17,32",05,2009-02-10
9014,"03,06,09,14,15,18",02,2009-02-08
9013,"04,08,09,21,26,27",09,2009-02-05
9012,"05,11,14,17,18,28",01,2009-02-03
9011,"02,04,13,14,18,23",15,2009-02-01
9010,"03,10,17,19,20,24",02,2009-01-22
9009,"08,15,21,30,31,33",02,2009-01-20
9008,"04,15,16,22,32,33",02,2009-01-18
9007,"01,05,12,23,25,26",15,2009-01-15
9006,"06,12,18,20,26,33",02,2009-01-13
9005,"01,03,08,15,17,21",13,2009-01-11
9004,"03,11,13,17,28,31",03,2009-01-08
9003,"02,03,06,15,25,30",02,2009-01-06
9002,"10,14,17,25,29,33",14,2009-01-04
9001,"04,21,23,24,30,31",04,2009-01-01
8154,"02,05,07,21,22,26",08,2008-12-30
8153,"01,04,18,21,24,30",16,2008-12-28
8152,"01,04,06,22,26,30",08,2008-12-25
8151,"06,08,10,14,17,19",06,2008-12-23
8150,"04,19,22,24,29,32",02,2008-12-21
8149,"10,14,22,28,29,33",02,2008-12-18
8148,"03,05,09,22,26,28",09,2008-12-16
8147,"07,08,14,22,26,33",02,2008-12-14
8146,"07,08,17,19,31,32",10,2008-12-11
8145,"07,13,18,22,26,29",02,2008-12-09
8144,"02,05,10,27,29,33",15,2008-12-07
8143,"12,17,18,19,26,27",06,2008-12-04
8142,"05,06,10,13,17,28",15,2008-12-02
8141,"03,13,20,25,29,33",15,2008-11-30
8140,"07,14,16,29,30,31",14,2008-11-27
8139,"08,09,19,23,25,26",07,2008-11-25
8138,"07,14,19,23,25,32",04,2008-11-23
8137,"01,04,24,28,29,33",09,2008-11-20
8136,"05,09,10,12,18,28",02,2008-11-18
8135,"05,14,15,16,19,21",15,2008-11-16
8134,"10,15,19,20,28,32",02,2008-11-13
8133,"08,11,16,19,24,26",11,2008-11-11
8132,"09,13,16,25,27,33",08,2008-11-09
8131,"02,12,15,18,22,32",08,2008-11-06
8130,"01,12,18,28,30,32",06,2008-11-04
8129,"01,03,18,24,25,32",15,2008-11-02
8128,"01,05,19,20,27,33",05,2008-10-30
8127,"05,08,19,22,27,30",13,2008-10-28
8126,"04,11,12,14,20,30",13,2008-10-26
8125,"10,11,12,15,26,29",09,2008-10-23
8124,"01,07,10,13,21,22",03,2008-10-21
8123,"10,11,15,16,25,29",02,2008-10-19
8122,"02,08,11,14,19,26",15,2008-10-16
8121,"02,22,23,27,31,32",06,2008-10-14
8120,"10,11,22,24,26,33",02,2008-10-12
8119,"05,07,09,15,24,29",07,2008-10-09
8118,"04,09,16,27,31,33",01,2008-10-07
8117,"03,05,07,10,14,33",07,2008-10-05
8116,"03,07,21,22,24,29",14,2008-10-02
8115,"02,12,13,14,17,18",06,2008-09-30
8114,"04,09,20,24,25,31",14,2008-09-28
8113,"06,09,10,12,17,22",09,2008-09-25
8112,"05,13,14,19,22,23",06,2008-09-23
8111,"17,18,21,25,31,32",06,2008-09-21
8110,"10,16,22,23,29,31",02,2008-09-18
8109,"04,07,09,16,21,28",10,2008-09-16
8108,"09,10,15,17,23,30",12,2008-09-14
8107,"06,13,18,22,27,32",04,2008-09-11
8106,"14,19,25,27,29,30",15,2008-09-09
8105,"05,17,19,27,28,32",02,2008-09-07
8104,"03,06,08,17,24,31",01,2008-09-04
8103,"01,12,16,18,22,33",04,2008-09-02
8102,"03,07,12,21,25,32",05,2008-08-31
8101,"09,17,21,26,28,30",04,2008-08-28
8100,"08,14,17,21,27,28",14,2008-08-26
8099,"10,15,16,22,23,24",07,2008-08-24
8098,"06,07,10,11,15,30",01,2008-08-21
8097,"03,06,08,09,16,17",13,2008-08-19
8096,"06,08,12,24,27,31",14,2008-08-17
8095,"03,08,14,21,28,29",03,2008-08-14
8094,"01,04,15,16,23,28",14,2008-08-12
8093,"04,10,12,16,26,28",07,2008-08-10
8092,"01,03,18,27,28,30",05,2008-08-07
8091,"03,12,14,23,31,32",10,2008-08-05
8090,"02,07,14,18,19,24",01,2008-08-03
8089,"03,06,11,16,22,27",11,2008-07-31
8088,"01,06,08,16,17,23",05,2008-07-29
8087,"01,07,26,29,30,31",06,2008-07-27
8086,"04,05,10,26,27,30",12,2008-07-24
8085,"01,04,12,20,24,29",15,2008-07-22
8084,"04,07,13,20,29,30",16,2008-07-20
8083,"07,08,09,18,29,32",09,2008-07-17
8082,"04,08,10,12,21,26",09,2008-07-15
8081,"02,12,13,18,25,31",04,2008-07-13
8080,"04,14,22,25,29,32",14,2008-07-10
8079,"03,04,05,10,20,32",09,2008-07-08
8078,"06,13,16,26,30,33",01,2008-07-06
8077,"04,12,22,26,30,33",09,2008-07-03
8076,"02,05,07,11,13,18",11,2008-07-01
8075,"01,08,14,18,22,30",03,2008-06-29
8074,"01,11,15,19,20,24",09,2008-06-26
8073,"01,09,13,22,28,33",08,2008-06-24
8072,"01,05,10,18,22,30",09,2008-06-22
8071,"01,06,21,26,27,28",09,2008-06-19
8070,"05,06,12,15,18,33",13,2008-06-17
8069,"05,08,17,20,26,30",10,2008-06-15
8068,"05,07,17,23,27,29",07,2008-06-12
8067,"10,11,15,19,26,33",13,2008-06-10
8066,"07,12,21,22,29,30",08,2008-06-08
8065,"05,13,15,19,30,31",05,2008-06-05
8064,"01,02,07,09,12,18",12,2008-06-03
8063,"05,09,11,14,16,17",15,2008-06-01
8062,"06,08,13,17,24,27",15,2008-05-29
8061,"01,02,05,12,26,31",06,2008-05-27
8060,"06,07,08,17,30,32",03,2008-05-25
8059,"02,06,15,29,31,32",16,2008-05-22
8058,"01,12,21,27,29,31",11,2008-05-20
8057,"19,20,21,26,28,30",08,2008-05-18
8056,"08,13,22,23,25,30",07,2008-05-15
8055,"11,16,19,23,26,31",04,2008-05-13
8054,"02,06,16,17,20,25",07,2008-05-11
8053,"06,12,19,20,21,27",04,2008-05-08
8052,"02,10,17,23,29,31",10,2008-05-06
8051,"01,04,08,10,13,33",11,2008-05-04
8050,"01,11,19,24,26,27",03,2008-05-01
8049,"03,10,12,13,19,25",04,2008-04-29
8048,"11,18,21,27,30,32",01,2008-04-27
8047,"09,12,13,14,20,22",10,2008-04-24
8046,"15,16,18,24,28,33",15,2008-04-22
8045,"01,10,13,21,29,32",04,2008-04-20
8044,"05,07,09,20,26,29",09,2008-04-17
8043,"03,10,16,22,27,33",14,2008-04-15
8042,"03,04,09,11,12,24",01,2008-04-13
8041,"08,11,20,22,23,27",04,2008-04-10
8040,"06,13,22,25,27,28",09,2008-04-08
8039,"01,07,10,13,22,29",01,2008-04-06
8038,"03,09,10,11,15,19",13,2008-04-03
8037,"01,12,22,24,28,31",06,2008-04-01
8036,"02,06,13,18,23,28",16,2008-03-30
8035,"07,11,14,17,18,29",16,2008-03-27
8034,"03,05,09,11,21,29",09,2008-03-25
8033,"12,17,18,30,31,33",04,2008-03-23
8032,"05,14,16,21,23,28",13,2008-03-20
8031,"03,06,11,15,21,31",13,2008-03-18
8030,"06,15,18,19,20,28",11,2008-03-16
8029,"01,09,14,22,29,32",12,2008-03-13
8028,"01,13,21,26,29,32",10,2008-03-11
8027,"15,18,19,23,24,26",13,2008-03-09
8026,"05,17,19,27,29,32",03,2008-03-06
8025,"08,16,17,18,19,21",14,2008-03-04
8024,"11,20,21,26,28,30",13,2008-03-02
8023,"08,16,18,25,26,32",02,2008-02-28
8022,"12,18,20,24,28,32",05,2008-02-26
8021,"09,12,19,20,26,28",15,2008-02-24
8020,"03,10,13,15,28,30",03,2008-02-21
8019,"02,09,11,17,27,31",05,2008-02-19
8018,"02,05,06,23,26,33",13,2008-02-17
8017,"02,05,07,17,20,22",02,2008-02-14
8016,"03,12,14,21,29,33",13,2008-02-05
8015,"06,08,11,16,29,33",03,2008-02-03
8014,"03,09,11,17,21,31",14,2008-01-31
8013,"02,08,15,16,22,28",10,2008-01-29
8012,"03,04,05,16,20,30",13,2008-01-27
8011,"02,14,17,21,30,32",03,2008-01-24
8010,"03,08,11,17,21,27",09,2008-01-22
8009,"09,21,29,30,31,32",16,2008-01-20
8008,"02,15,16,23,26,27",07,2008-01-17
8007,"01,13,17,22,23,30",11,2008-01-15
8006,"01,14,16,18,22,27",14,2008-01-13
8005,"03,05,15,22,24,25",15,2008-01-10
8004,"04,08,22,23,27,29",08,2008-01-08
8003,"06,08,11,13,17,19",12,2008-01-06
8002,"03,04,18,22,25,29",09,2008-01-03
8001,"02,04,07,09,14,29",03,2008-01-01
7153,"01,04,19,20,25,31",15,2007-12-30
7152,"11,17,21,29,30,33",08,2007-12-27
7151,"01,06,10,11,23,25",02,2007-12-25
7150,"03,05,11,13,19,24",05,2007-12-23
7149,"01,17,19,22,28,30",03,2007-12-20
7148,"03,09,16,17,23,28",07,2007-12-18
7147,"03,07,18,24,26,27",04,2007-12-16
7146,"04,18,22,24,26,30",09,2007-12-13
7145,"08,09,11,12,25,31",11,2007-12-11
7144,"08,14,23,25,28,32",16,2007-12-09
7143,"01,06,22,23,24,26",04,2007-12-06
7142,"11,20,25,26,27,30",08,2007-12-04
7141,"02,03,04,06,17,31",08,2007-12-02
7140,"01,05,16,21,22,26",11,2007-11-29
7139,"06,10,12,14,16,22",06,2007-11-27
7138,"02,03,15,17,19,25",16,2007-11-25
7137,"03,07,08,18,20,22",03,2007-11-22
7136,"01,02,18,21,25,29",14,2007-11-20
7135,"01,11,16,26,31,33",16,2007-11-18
7134,"01,04,10,13,18,25",15,2007-11-15
7133,"03,06,07,11,13,33",10,2007-11-13
7132,"01,09,16,21,22,23",05,2007-11-11
7131,"03,05,07,16,22,27",05,2007-11-08
7130,"03,05,09,11,27,31",04,2007-11-06
7129,"05,07,20,21,22,30",08,2007-11-04
7128,"09,10,19,21,27,31",05,2007-11-01
7127,"06,09,13,16,24,28",11,2007-10-30
7126,"09,10,19,23,26,31",09,2007-10-28
7125,"03,05,18,20,27,33",01,2007-10-25
7124,"03,07,13,16,19,32",16,2007-10-23
7123,"01,13,15,23,28,32",02,2007-10-21
7122,"04,07,19,24,26,32",09,2007-10-18
7121,"03,10,21,22,27,28",06,2007-10-16
7120,"06,07,11,12,18,25",01,2007-10-14
7119,"03,08,11,13,25,31",12,2007-10-11
7118,"04,10,16,18,25,32",15,2007-10-09
7117,"03,07,09,10,26,32",01,2007-10-07
7116,"03,05,07,11,17,27",13,2007-10-04
7115,"01,05,10,16,20,26",02,2007-10-02
7114,"05,12,15,24,27,33",05,2007-09-30
7113,"04,18,23,25,26,31",10,2007-09-27
7112,"07,11,14,16,25,32",11,2007-09-25
7111,"02,09,10,12,13,17",11,2007-09-23
7110,"02,04,07,15,24,28",03,2007-09-20
7109,"01,04,07,08,13,14",04,2007-09-18
7108,"03,07,12,13,20,33",02,2007-09-16
7107,"02,08,09,18,24,28",10,2007-09-13
7106,"12,18,21,24,25,29",08,2007-09-11
7105,"02,07,10,17,23,29",14,2007-09-09
7104,"02,08,12,14,20,32",04,2007-09-06
7103,"07,09,25,27,30,32",01,2007-09-04
7102,"04,06,08,18,20,33",11,2007-09-02
7101,"15,16,18,21,22,30",14,2007-08-30
7100,"08,18,27,29,30,32",06,2007-08-28
7099,"03,04,14,27,31,33",05,2007-08-26
7098,"02,03,05,11,19,20",12,2007-08-23
7097,"04,08,13,18,26,30",11,2007-08-21
7096,"09,10,20,22,30,32",08,2007-08-19
7095,"01,06,08,18,29,32",07,2007-08-16
7094,"03,05,18,19,24,32",02,2007-08-14
7093,"05,10,13,15,19,29",02,2007-08-12
7092,"14,18,22,23,24,33",09,2007-08-09
7091,"02,11,17,30,31,32",07,2007-08-07
7090,"05,11,13,27,30,31",02,2007-08-05
7089,"03,07,08,15,19,28",03,2007-08-02
7088,"02,04,10,28,29,33",06,2007-07-31
7087,"01,03,04,05,08,21",09,2007-07-29
7086,"05,08,14,22,27,29",16,2007-07-26
7085,"02,12,17,19,29,30",12,2007-07-24
7084,"06,10,12,14,20,27",10,2007-07-22
7083,"11,14,18,20,21,26",05,2007-07-19
7082,"05,15,17,18,25,32",15,2007-07-17
7081,"09,14,15,19,24,33",13,2007-07-15
7080,"01,08,16,18,19,29",04,2007-07-12
7079,"03,04,14,20,21,25",14,2007-07-10
7078,"04,06,07,23,25,32",01,2007-07-08
7077,"06,08,14,21,28,29",02,2007-07-05
7076,"06,12,15,16,20,31",02,2007-07-03
7075,"13,16,17,22,30,32",03,2007-07-01
7074,"08,13,15,25,27,28",03,2007-06-28
7073,"05,09,11,19,28,31",02,2007-06-26
7072,"02,04,08,13,14,33",16,2007-06-24
7071,"01,06,14,21,30,31",09,2007-06-21
7070,"06,08,15,17,18,30",12,2007-06-19
7069,"03,04,11,12,14,32",12,2007-06-17
7068,"11,18,19,22,23,28",01,2007-06-14
7067,"06,11,13,17,21,23",11,2007-06-12
7066,"05,11,16,24,32,33",08,2007-06-10
7065,"04,07,19,21,25,31",07,2007-06-07
7064,"02,06,09,16,21,23",16,2007-06-05
7063,"10,15,17,24,26,28",12,2007-06-03
7062,"08,17,20,29,30,33",09,2007-05-31
7061,"01,06,07,11,20,23",05,2007-05-29
7060,"01,02,08,16,19,29",05,2007-05-27
7059,"01,03,04,06,07,29",14,2007-05-24
7058,"07,08,10,13,25,27",07,2007-05-22
7057,"05,11,18,19,20,21",09,2007-05-20
7056,"14,17,21,29,31,32",12,2007-05-17
7055,"02,06,11,22,28,29",02,2007-05-15
7054,"01,03,16,18,23,28",05,2007-05-13
7053,"10,13,16,17,18,27",11,2007-05-10
7052,"02,03,07,08,26,29",07,2007-05-08
7051,"03,14,16,26,27,33",13,2007-05-06
7050,"01,05,08,13,18,25",02,2007-05-03
7049,"04,14,18,19,31,33",02,2007-05-01
7048,"02,11,12,15,17,28",12,2007-04-29
7047,"02,04,16,18,23,30",06,2007-04-26
7046,"02,06,07,09,19,26",14,2007-04-24
7045,"01,12,18,21,28,30",10,2007-04-22
7044,"09,13,20,21,24,32",08,2007-04-19
7043,"03,08,10,11,14,30",05,2007-04-17
7042,"03,13,16,19,32,33",08,2007-04-15
7041,"01,03,09,11,26,31",12,2007-04-12
7040,"13,14,15,19,24,30",10,2007-04-10
7039,"06,07,19,24,27,29",01,2007-04-08
7038,"03,11,14,19,21,30",05,2007-04-05
7037,"10,11,16,23,31,33",16,2007-04-03
7036,"03,14,21,23,30,31",10,2007-04-01
7035,"01,04,08,12,29,31",06,2007-03-29
7034,"02,09,12,14,23,25",16,2007-03-27
7033,"03,04,11,17,18,28",09,2007-03-25
7032,"04,08,16,24,30,32",16,2007-03-22
7031,"04,06,10,12,19,31",01,2007-03-20
7030,"03,16,21,22,27,30",04,2007-03-18
7029,"06,08,09,11,19,21",10,2007-03-15
7028,"03,08,13,20,29,30",11,2007-03-13
7027,"02,03,09,22,24,27",11,2007-03-11
7026,"01,04,14,16,26,29",10,2007-03-08
7025,"03,16,18,22,23,26",03,2007-03-06
7024,"08,09,17,25,27,32",06,2007-03-04
7023,"03,07,13,17,32,33",02,2007-03-01
7022,"02,04,07,10,18,27",10,2007-02-27
7021,"03,06,09,11,25,31",13,2007-02-25
7020,"05,10,16,20,28,31",14,2007-02-15
7019,"04,11,16,23,29,31",14,2007-02-13
7018,"01,12,18,20,21,26",11,2007-02-11
7017,"05,09,10,24,25,32",14,2007-02-08
7016,"01,18,20,22,26,33",05,2007-02-06
7015,"03,04,08,18,22,30",15,2007-02-04
7014,"01,13,16,20,24,26",09,2007-02-01
7013,"05,15,18,27,29,32",05,2007-01-30
7012,"03,05,07,21,26,28",04,2007-01-28
7011,"03,10,15,25,28,33",16,2007-01-25
7010,"03,08,14,17,30,32",05,2007-01-23
7009,"02,04,14,15,25,27",15,2007-01-21
7008,"01,04,05,18,19,25",10,2007-01-18
7007,"04,12,15,17,22,32",14,2007-01-16
7006,"06,10,14,22,26,27",11,2007-01-14
7005,"01,05,06,16,24,30",12,2007-01-11
7004,"03,07,10,13,25,33",10,2007-01-09
7003,"05,09,11,12,22,27",15,2007-01-07
7002,"05,06,14,20,21,22",01,2007-01-04
7001,"02,04,09,10,20,26",14,2007-01-02
6154,"07,14,18,20,30,33",13,2006-12-31
6153,"01,07,11,20,30,33",10,2006-12-28
6152,"01,14,20,25,27,31",15,2006-12-26
6151,"01,03,04,06,16,22",08,2006-12-24
6150,"08,09,12,18,25,27",12,2006-12-21
6149,"02,03,05,11,15,32",15,2006-12-19
6148,"04,08,12,13,23,29",01,2006-12-17
6147,"01,04,15,17,27,31",01,2006-12-14
6146,"03,09,13,23,28,30",05,2006-12-12
6145,"02,07,23,26,28,31",07,2006-12-10
6144,"04,10,13,16,22,29",06,2006-12-07
6143,"01,15,20,29,31,32",08,2006-12-05
6142,"10,16,19,22,26,27",16,2006-12-03
6141,"16,18,22,23,25,31",11,2006-11-30
6140,"01,08,11,18,19,23",05,2006-11-28
6139,"07,08,14,21,23,25",05,2006-11-26
6138,"04,09,11,17,18,26",08,2006-11-23
6137,"10,14,17,21,27,31",09,2006-11-21
6136,"11,15,17,21,22,24",05,2006-11-19
6135,"04,19,21,22,23,31",04,2006-11-16
6134,"10,13,18,26,28,30",12,2006-11-14
6133,"04,06,20,25,29,31",03,2006-11-12
6132,"06,14,22,26,30,33",01,2006-11-09
6131,"03,04,09,22,26,33",01,2006-11-07
6130,"01,12,21,22,30,32",02,2006-11-05
6129,"09,14,18,22,27,29",12,2006-11-02
6128,"04,15,21,30,31,33",05,2006-10-31
6127,"03,04,11,17,19,30",01,2006-10-29
6126,"02,08,13,16,24,33",09,2006-10-26
6125,"15,19,23,30,32,33",06,2006-10-24
6124,"12,13,14,18,31,32",13,2006-10-22
6123,"02,03,20,25,28,32",06,2006-10-19
6122,"04,05,06,08,22,24",03,2006-10-17
6121,"03,04,06,27,31,33",06,2006-10-15
6120,"06,08,14,15,24,33",09,2006-10-12
6119,"01,02,14,20,27,30",02,2006-10-10
6118,"01,03,07,08,10,30",05,2006-10-08
6117,"06,14,20,22,23,26",09,2006-10-05
6116,"05,16,21,22,32,33",09,2006-10-03
6115,"01,10,20,26,28,29",15,2006-10-01
6114,"08,10,14,20,27,29",16,2006-09-28
6113,"05,14,17,18,28,33",02,2006-09-26
6112,"04,09,13,15,31,33",11,2006-09-24
6111,"01,08,11,16,17,22",15,2006-09-21
6110,"09,12,14,18,27,33",13,2006-09-19
6109,"01,05,17,18,23,26",13,2006-09-17
6108,"02,06,08,20,24,30",09,2006-09-14
6107,"01,06,08,13,17,30",07,2006-09-12
6106,"02,12,14,19,28,33",10,2006-09-10
6105,"05,12,14,15,20,31",01,2006-09-07
6104,"03,07,22,27,28,31",11,2006-09-05
6103,"12,14,15,25,28,31",06,2006-09-03
6102,"01,04,13,19,20,24",11,2006-08-31
6101,"09,12,20,26,27,28",16,2006-08-29
6100,"01,11,18,26,30,32",03,2006-08-27
6099,"09,12,18,23,24,27",05,2006-08-24
6098,"06,07,10,11,18,23",16,2006-08-22
6097,"11,14,15,20,26,27",12,2006-08-20
6096,"01,05,09,13,18,33",14,2006-08-17
6095,"01,03,17,20,21,29",16,2006-08-15
6094,"15,16,17,18,24,33",13,2006-08-13
6093,"02,12,16,18,19,23",05,2006-08-10
6092,"02,08,11,16,20,21",14,2006-08-08
6091,"07,08,12,21,22,24",07,2006-08-06
6090,"02,11,15,20,23,29",11,2006-08-03
6089,"01,13,16,18,19,22",01,2006-08-01
6088,"03,11,20,24,25,26",01,2006-07-30
6087,"04,05,08,09,12,30",05,2006-07-27
6086,"04,06,10,24,26,31",06,2006-07-25
6085,"02,06,18,21,24,25",08,2006-07-23
6084,"01,12,17,21,25,28",12,2006-07-21
6083,"07,09,18,19,26,29",10,2006-07-18
6082,"03,13,15,23,28,29",09,2006-07-16
6081,"14,16,18,21,22,32",04,2006-07-13
6080,"15,17,20,22,26,29",09,2006-07-11
6079,"06,11,13,17,20,32",08,2006-07-09
6078,"03,05,17,22,31,33",12,2006-07-06
6077,"08,09,12,13,19,33",09,2006-07-04
6076,"04,10,17,21,29,32",14,2006-07-02
6075,"10,21,22,23,25,33",11,2006-06-29
6074,"01,03,15,19,25,33",04,2006-06-27
6073,"05,13,16,18,27,29",12,2006-06-25
6072,"02,03,05,20,21,24",08,2006-06-22
6071,"05,11,12,19,29,31",01,2006-06-20
6070,"02,03,11,13,20,27",02,2006-06-18
6069,"05,16,20,22,29,30",08,2006-06-15
6068,"03,07,10,14,30,33",10,2006-06-13
6067,"07,08,11,16,17,24",13,2006-06-11
6066,"06,08,11,18,30,33",05,2006-06-08
6065,"04,08,17,28,29,30",13,2006-06-06
6064,"03,12,14,21,24,28",11,2006-06-04
6063,"04,05,15,21,23,24",08,2006-06-01
6062,"18,22,23,24,26,30",01,2006-05-30
6061,"05,13,17,19,25,30",11,2006-05-28
6060,"05,15,19,23,30,32",14,2006-05-25
6059,"05,10,15,17,27,29",11,2006-05-23
6058,"01,12,22,23,24,25",14,2006-05-21
6057,"03,04,17,18,21,31",08,2006-05-18
6056,"11,13,15,21,23,25",08,2006-05-16
6055,"04,05,28,29,31,33",11,2006-05-14
6054,"03,05,07,10,28,30",04,2006-05-11
6053,"01,11,17,27,28,31",02,2006-05-09
6052,"11,24,26,27,30,32",03,2006-05-07
6051,"02,06,07,17,27,30",16,2006-05-04
6050,"02,06,12,15,25,31",07,2006-05-02
6049,"06,10,12,13,17,20",03,2006-04-30
6048,"09,13,19,25,29,32",12,2006-04-27
6047,"02,17,20,22,28,32",03,2006-04-25
6046,"13,18,23,29,31,32",08,2006-04-23
6045,"06,07,10,14,20,21",04,2006-04-20
6044,"02,10,18,21,30,31",05,2006-04-18
6043,"05,12,13,16,23,32",03,2006-04-16
6042,"03,16,23,26,28,31",11,2006-04-13
6041,"03,10,16,18,21,28",04,2006-04-11
6040,"15,22,25,26,28,33",03,2006-04-09
6039,"16,19,22,28,31,32",03,2006-04-06
6038,"02,14,17,19,22,30",10,2006-04-04
6037,"02,12,23,24,25,32",14,2006-04-02
6036,"04,07,10,16,17,21",09,2006-03-30
6035,"03,09,13,21,27,29",13,2006-03-28
6034,"02,10,15,16,17,33",13,2006-03-26
6033,"15,20,22,23,27,31",06,2006-03-23
6032,"05,18,20,24,26,31",09,2006-03-21
6031,"03,10,12,16,31,32",14,2006-03-19
6030,"08,13,15,17,20,32",14,2006-03-16
6029,"03,04,07,09,14,19",08,2006-03-14
6028,"05,07,14,16,17,27",04,2006-03-12
6027,"06,08,11,14,16,27",15,2006-03-09
6026,"01,02,18,22,29,32",03,2006-03-07
6025,"03,04,17,19,24,32",05,2006-03-05
6024,"02,07,09,11,21,27",06,2006-03-02
6023,"04,13,14,19,23,28",08,2006-02-28
6022,"02,03,04,13,16,27",13,2006-02-26
6021,"01,02,05,20,21,22",09,2006-02-23
6020,"05,09,21,23,26,29",06,2006-02-21
6019,"04,06,13,22,26,32",07,2006-02-19
6018,"01,13,14,17,24,26",05,2006-02-16
6017,"03,04,08,31,32,33",02,2006-02-14
6016,"01,07,13,17,23,30",16,2006-02-12
6015,"02,03,09,15,29,32",03,2006-02-09
6014,"06,14,26,29,32,33",07,2006-02-07
6013,"01,05,06,12,16,21",11,2006-02-05
6012,"09,11,13,27,31,33",10,2006-01-26
6011,"05,07,08,14,27,31",11,2006-01-24
6010,"04,06,12,19,27,29",08,2006-01-22
6009,"05,06,08,20,26,30",06,2006-01-19
6008,"03,05,09,18,28,32",16,2006-01-17
6007,"04,16,18,27,32,33",07,2006-01-15
6006,"08,21,22,23,26,32",14,2006-01-12
6005,"03,19,20,24,26,27",11,2006-01-10
6004,"04,08,17,27,28,31",07,2006-01-08
6003,"02,04,05,06,16,20",12,2006-01-05
6002,"07,13,16,21,26,28",09,2006-01-03
6001,"01,12,15,19,21,28",03,2006-01-01
5153,"04,05,07,21,26,29",01,2005-12-29
5152,"01,05,12,14,21,27",03,2005-12-27
5151,"04,11,12,13,19,30",05,2005-12-25
5150,"03,07,10,14,18,20",02,2005-12-22
5149,"11,16,21,23,25,32",07,2005-12-20
5148,"03,15,17,23,24,29",13,2005-12-18
5147,"06,07,15,27,28,30",10,2005-12-15
5146,"07,11,19,20,24,28",02,2005-12-13
5145,"03,07,08,17,20,28",15,2005-12-11
5144,"01,08,14,15,19,27",09,2005-12-08
5143,"03,10,15,17,20,32",08,2005-12-06
5142,"07,10,12,17,22,29",05,2005-12-04
5141,"03,05,08,12,16,19",15,2005-12-01
5140,"04,06,07,08,12,17",07,2005-11-29
5139,"02,07,20,23,32,33",10,2005-11-27
5138,"03,05,06,11,20,22",13,2005-11-24
5137,"03,09,15,23,25,33",12,2005-11-22
5136,"05,14,16,18,25,27",13,2005-11-20
5135,"01,05,13,15,21,25",11,2005-11-17
5134,"04,13,14,18,26,30",01,2005-11-15
5133,"01,07,14,16,18,25",11,2005-11-13
5132,"02,04,10,18,27,29",15,2005-11-10
5131,"02,07,10,11,12,24",03,2005-11-08
5130,"03,05,09,15,20,25",16,2005-11-06
5129,"05,10,14,20,27,33",03,2005-11-03
5128,"02,04,14,23,29,33",15,2005-11-01
5127,"04,06,11,14,23,25",12,2005-10-30
5126,"02,08,13,19,25,26",09,2005-10-27
5125,"06,14,18,28,31,32",03,2005-10-25
5124,"05,06,10,19,31,33",11,2005-10-23
5123,"11,12,13,17,18,25",07,2005-10-20
5122,"01,04,07,14,30,32",09,2005-10-18
5121,"01,07,20,25,31,32",12,2005-10-16
5120,"01,06,13,18,30,32",14,2005-10-13
5119,"01,07,11,18,20,22",02,2005-10-11
5118,"04,09,12,15,26,31",16,2005-10-09
5117,"06,17,22,27,28,32",03,2005-10-06
5116,"04,06,08,14,15,30",10,2005-10-04
5115,"03,12,18,23,30,33",02,2005-10-02
5114,"06,07,10,15,21,27",06,2005-09-29
5113,"15,18,20,22,26,27",03,2005-09-27
5112,"04,12,22,28,29,30",16,2005-09-25
5111,"03,07,15,16,19,29",09,2005-09-22
5110,"07,10,16,19,24,25",09,2005-09-20
5109,"03,05,13,15,17,31",04,2005-09-18
5108,"03,10,12,24,29,30",06,2005-09-15
5107,"09,10,20,24,25,26",11,2005-09-13
5106,"01,11,13,24,26,31",13,2005-09-11
5105,"04,15,23,30,32,33",03,2005-09-08
5104,"02,04,21,23,30,33",09,2005-09-06
5103,"04,07,16,18,23,30",07,2005-09-04
5102,"02,05,06,14,24,31",12,2005-09-01
5101,"09,16,19,21,22,24",12,2005-08-30
5100,"02,04,09,14,16,31",03,2005-08-28
5099,"10,13,16,22,24,31",09,2005-08-25
5098,"12,15,19,22,31,33",01,2005-08-23
5097,"05,10,23,27,28,30",15,2005-08-21
5096,"04,05,17,18,26,33",04,2005-08-18
5095,"09,12,18,21,28,29",05,2005-08-16
5094,"03,05,09,23,27,33",03,2005-08-14
5093,"04,06,17,23,25,29",14,2005-08-11
5092,"08,13,19,26,28,31",10,2005-08-09
5091,"01,11,12,15,26,27",13,2005-08-07
5090,"01,09,21,25,29,32",03,2005-08-04
5089,"05,19,20,23,26,31",12,2005-08-02
5088,"01,03,07,18,20,24",07,2005-07-31
5087,"08,09,15,16,23,26",08,2005-07-28
5086,"07,11,12,24,27,29",12,2005-07-26
5085,"08,09,13,14,20,22",12,2005-07-24
5084,"01,02,07,15,19,20",03,2005-07-21
5083,"03,05,09,14,16,30",13,2005-07-19
5082,"01,07,11,14,19,20",12,2005-07-17
5081,"02,04,10,12,26,30",03,2005-07-14
5080,"01,12,14,26,27,32",16,2005-07-12
5079,"03,09,20,24,25,28",05,2005-07-10
5078,"03,11,15,20,26,32",11,2005-07-07
5077,"08,17,22,24,32,33",16,2005-07-05
5076,"04,09,11,22,25,28",13,2005-07-03
5075,"11,13,14,16,18,31",14,2005-06-30
5074,"06,09,18,20,26,29",09,2005-06-28
5073,"01,06,08,09,18,20",01,2005-06-26
5072,"06,10,19,20,24,33",11,2005-06-23
5071,"04,08,12,14,16,22",10,2005-06-21
5070,"03,04,08,14,16,26",04,2005-06-19
5069,"07,09,21,24,31,33",12,2005-06-16
5068,"01,08,10,13,25,33",13,2005-06-14
5067,"03,12,16,20,21,26",16,2005-06-12
5066,"02,04,10,11,25,28",05,2005-06-09
5065,"12,16,17,21,22,23",16,2005-06-07
5064,"10,18,23,27,30,32",08,2005-06-05
5063,"02,11,13,18,22,30",04,2005-06-02
5062,"02,07,11,12,20,23",07,2005-05-31
5061,"05,09,14,21,23,24",01,2005-05-29
5060,"09,12,21,25,31,33",13,2005-05-26
5059,"07,11,14,18,24,29",07,2005-05-24
5058,"04,06,10,21,25,26",10,2005-05-22
5057,"05,06,10,15,30,31",13,2005-05-19
5056,"12,17,19,27,29,31",09,2005-05-17
5055,"05,20,22,30,32,33",09,2005-05-15
5054,"05,13,17,18,21,29",14,2005-05-12
5053,"04,07,10,14,27,29",09,2005-05-10
5052,"01,02,14,17,30,32",01,2005-05-08
5051,"03,06,14,19,20,21",02,2005-05-05
5050,"02,09,12,20,26,32",13,2005-05-03
5049,"02,03,08,10,25,27",12,2005-05-01
5048,"06,07,08,10,16,28",02,2005-04-28
5047,"02,03,05,07,08,27",15,2005-04-26
5046,"09,16,18,20,22,24",05,2005-04-24
5045,"01,07,10,15,18,20",10,2005-04-21
5044,"01,06,16,17,18,22",09,2005-04-19
5043,"04,05,06,07,08,32",05,2005-04-17
5042,"11,16,21,26,27,30",15,2005-04-14
5041,"02,11,16,23,24,29",03,2005-04-12
5040,"01,12,21,24,30,32",13,2005-04-10
5039,"02,16,18,19,21,29",09,2005-04-07
5038,"04,07,11,20,27,28",16,2005-04-05
5037,"07,12,14,22,24,32",16,2005-04-03
5036,"12,19,20,21,26,31",15,2005-03-31
5035,"12,16,21,28,29,30",14,2005-03-29
5034,"05,17,18,25,28,32",09,2005-03-27
5033,"07,08,12,14,19,20",07,2005-03-24
5032,"05,15,19,20,25,29",03,2005-03-22
5031,"04,10,16,20,23,32",07,2005-03-20
5030,"01,05,09,14,22,28",05,2005-03-17
5029,"02,14,21,22,27,30",14,2005-03-15
5028,"04,09,22,25,26,32",10,2005-03-13
5027,"01,03,04,06,21,32",15,2005-03-10
5026,"06,12,14,20,25,26",07,2005-03-08
5025,"01,07,10,11,13,32",07,2005-03-06
5024,"05,09,14,27,31,32",13,2005-03-03
5023,"10,15,19,20,21,25",12,2005-03-01
5022,"08,10,12,21,32,33",04,2005-02-27
5021,"02,06,24,26,30,31",16,2005-02-24
5020,"14,16,19,20,25,29",05,2005-02-22
5019,"06,11,12,13,19,22",08,2005-02-20
5018,"01,03,06,22,23,25",06,2005-02-17
5017,"02,06,10,25,27,31",03,2005-02-16
5016,"01,05,06,12,16,30",15,2005-02-06
5015,"04,08,09,16,17,29",15,2005-02-03
5014,"13,19,21,23,30,32",05,2005-02-01
5013,"07,08,16,19,20,24",06,2005-01-30
5012,"02,03,06,16,22,31",05,2005-01-27
5011,"09,11,13,15,22,30",15,2005-01-25
5010,"08,10,11,18,25,26",01,2005-01-23
5009,"02,17,22,27,29,31",14,2005-01-20
5008,"11,19,22,27,32,33",11,2005-01-18
5007,"07,15,17,20,23,33",15,2005-01-16
5006,"02,04,05,15,21,31",16,2005-01-13
5005,"05,09,20,26,28,33",15,2005-01-11
5004,"01,04,08,09,22,23",03,2005-01-09
5003,"09,12,15,19,22,31",16,2005-01-06
5002,"06,09,20,26,28,33",14,2005-01-04
5001,"01,07,08,23,27,28",14,2005-01-02
4122,"03,11,14,22,24,31",15,2004-12-30
4121,"07,13,16,18,30,32",10,2004-12-28
4120,"07,08,18,21,27,32",10,2004-12-26
4119,"06,09,18,20,25,33",06,2004-12-23
4118,"03,04,07,12,30,31",15,2004-12-21
4117,"01,03,07,14,24,25",07,2004-12-19
4116,"01,03,05,08,14,33",03,2004-12-16
4115,"02,16,20,30,31,33",01,2004-12-14
4114,"01,06,09,17,21,22",01,2004-12-13
4113,"08,10,23,25,31,32",07,2004-12-10
4112,"09,13,15,21,26,33",06,2004-12-07
4111,"11,16,18,20,26,31",02,2004-12-05
4110,"14,19,20,21,22,31",11,2004-12-02
4109,"06,08,10,17,30,31",14,2004-11-30
4108,"08,13,14,27,28,31",12,2004-11-28
4107,"01,08,12,13,18,20",07,2004-11-25
4106,"10,15,23,26,28,29",12,2004-11-23
4105,"07,09,10,21,23,30",12,2004-11-21
4104,"07,11,17,18,24,29",05,2004-11-18
4103,"02,03,05,09,16,21",02,2004-11-16
4102,"03,09,12,15,28,32",01,2004-11-14
4101,"02,09,14,19,25,26",15,2004-11-11
4100,"06,08,09,14,24,33",15,2004-11-09
4099,"05,10,21,22,26,33",02,2004-11-07
4098,"03,12,13,25,26,31",03,2004-11-04
4097,"10,19,20,26,29,31",14,2004-11-02
4096,"01,04,12,16,20,30",15,2004-10-31
4095,"19,22,27,28,30,32",01,2004-10-28
4094,"05,09,10,13,24,25",08,2004-10-26
4093,"11,14,20,27,32,33",05,2004-10-24
4092,"01,04,08,13,28,31",02,2004-10-21
4091,"09,13,14,21,30,33",01,2004-10-19
4090,"01,18,20,24,32,33",12,2004-10-17
4089,"14,17,20,25,28,30",14,2004-10-14
4088,"02,10,19,22,24,32",14,2004-10-12
4087,"01,03,07,08,25,26",14,2004-10-10
4086,"10,13,18,19,25,27",01,2004-10-07
4085,"03,08,11,29,30,32",01,2004-10-05
4084,"01,04,08,11,21,25",14,2004-10-03
4083,"14,16,27,28,30,33",06,2004-09-30
4082,"03,20,24,27,29,30",15,2004-09-28
4081,"03,05,21,24,27,32",06,2004-09-26
4080,"03,08,20,23,24,26",16,2004-09-23
4079,"07,13,14,17,19,30",03,2004-09-21
4078,"04,05,10,21,24,26",05,2004-09-19
4077,"08,09,10,14,16,26",07,2004-09-16
4076,"03,05,13,17,25,31",07,2004-09-14
4075,"07,18,21,26,27,28",07,2004-09-12
4074,"05,06,15,19,26,29",13,2004-09-09
4073,"02,07,13,16,23,28",16,2004-09-07
4072,"08,15,18,28,30,33",14,2004-09-05
4071,"03,08,16,17,21,29",06,2004-09-02
4070,"10,12,21,22,30,33",06,2004-08-31
4069,"02,11,15,20,22,29",05,2004-08-29
4068,"02,08,11,13,24,31",15,2004-08-26
4067,"01,06,07,13,16,32",04,2004-08-24
4066,"05,13,20,23,24,25",03,2004-08-22
4065,"13,14,27,29,32,33",08,2004-08-19
4064,"14,15,18,20,27,31",04,2004-08-15
4063,"07,10,13,16,27,28",07,2004-08-12
4062,"01,12,25,27,28,29",13,2004-08-08
4061,"13,16,19,20,23,33",09,2004-08-05
4060,"03,05,11,24,27,28",15,2004-08-01
4059,"04,07,11,19,23,26",10,2004-07-29
4058,"01,08,11,12,27,31",12,2004-07-25
4057,"05,21,23,25,28,32",04,2004-07-22
4056,"01,20,21,25,29,30",02,2004-07-18
4055,"06,08,19,25,29,32",07,2004-07-15
4054,"09,11,14,16,27,28",11,2004-07-11
4053,"02,03,04,09,24,25",02,2004-07-08
4052,"01,12,14,15,17,29",09,2004-07-04
4051,"02,03,09,10,15,29",11,2004-07-01
4050,"06,07,19,21,25,29",02,2004-06-27
4049,"11,12,14,16,25,29",09,2004-06-24
4048,"08,09,11,16,17,29",09,2004-06-20
4047,"01,07,08,11,27,31",06,2004-06-17
4046,"07,15,16,22,23,32",14,2004-06-13
4045,"01,12,18,26,27,28",13,2004-06-10
4044,"02,06,07,12,31,32",05,2004-06-06
4043,"04,09,10,21,22,24",10,2004-06-03
4042,"06,10,13,17,18,21",02,2004-05-30
4041,"08,10,17,22,25,29",14,2004-05-27
4040,"07,17,19,20,21,29",11,2004-05-23
4039,"10,16,18,25,26,29",03,2004-05-20
4038,"11,16,17,25,28,29",07,2004-05-16
4037,"03,04,11,17,20,26",05,2004-05-13
4036,"02,13,17,18,26,30",01,2004-05-09
4035,"02,08,26,27,30,32",16,2004-05-06
4034,"02,07,13,20,27,30",14,2004-05-02
4033,"01,04,08,09,19,20",01,2004-04-29
4032,"02,05,08,11,15,31",13,2004-04-25
4031,"03,06,19,20,21,24",11,2004-04-22
4030,"01,07,09,17,26,31",05,2004-04-18
4029,"09,13,20,22,24,32",05,2004-04-15
4028,"01,02,03,05,10,22",12,2004-04-11
4027,"01,05,09,10,18,32",11,2004-04-08
4026,"04,10,14,18,28,32",15,2004-04-04
4025,"07,08,10,24,29,33",04,2004-04-01
4024,"01,13,21,23,25,32",06,2004-03-28
4023,"01,08,14,17,19,30",03,2004-03-25
4022,"03,10,14,19,20,30",06,2004-03-21
4021,"05,09,11,17,26,27",10,2004-03-18
4020,"01,02,09,22,28,31",04,2004-03-14
4019,"05,10,11,23,24,32",04,2004-03-11
4018,"02,05,06,08,28,30",06,2004-03-07
4017,"05,12,14,15,25,31",09,2004-03-04
4016,"04,07,08,28,30,32",05,2004-02-29
4015,"01,03,05,18,22,23",13,2004-02-26
4014,"03,07,11,17,20,26",12,2004-02-22
4013,"12,14,21,29,30,32",13,2004-02-19
4012,"01,07,27,30,31,33",08,2004-02-15
4011,"01,04,13,23,28,30",03,2004-02-12
4010,"06,07,08,13,14,19",15,2004-02-08
4009,"01,09,10,16,22,24",11,2004-02-05
4008,"01,07,10,22,32,33",13,2004-02-01
4007,"04,12,17,20,25,28",09,2004-01-29
4006,"04,12,18,20,23,32",06,2004-01-18
4005,"09,11,13,16,17,18",07,2004-01-15
4004,"10,19,22,23,25,29",09,2004-01-11
4003,"03,05,06,17,26,33",08,2004-01-08
4002,"10,12,18,22,30,31",11,2004-01-04
4001,"01,02,03,07,10,25",07,2004-01-01
3089,"18,19,21,26,27,33",16,2003-12-28
3088,"03,10,21,22,24,33",12,2003-12-25
3087,"02,03,04,05,24,28",13,2003-12-21
3086,"05,12,16,18,26,30",13,2003-12-18
3085,"01,04,11,12,19,27",14,2003-12-14
3084,"02,06,07,10,17,33",03,2003-12-11
3083,"01,03,14,18,26,28",01,2003-12-07
3082,"07,17,18,19,30,31",14,2003-12-04
3081,"01,02,14,26,29,30",07,2003-11-30
3080,"09,20,24,25,28,30",10,2003-11-27
3079,"12,15,22,23,26,31",04,2003-11-23
3078,"07,12,23,26,29,30",11,2003-11-20
3077,"04,12,16,22,24,25",06,2003-11-16
3076,"01,13,16,18,20,29",02,2003-11-13
3075,"16,17,19,22,31,33",11,2003-11-09
3074,"02,12,19,22,27,32",01,2003-11-06
3073,"02,12,14,21,23,30",13,2003-11-02
3072,"03,06,08,11,19,27",11,2003-10-30
3071,"09,11,12,14,15,33",11,2003-10-26
3070,"01,02,04,17,18,19",08,2003-10-23
3069,"07,11,16,19,26,28",11,2003-10-19
3068,"09,19,25,27,32,33",11,2003-10-16
3067,"05,11,12,13,27,31",10,2003-10-12
3066,"03,07,08,20,24,32",14,2003-10-09
3065,"06,15,16,17,30,33",11,2003-10-05
3064,"04,06,08,12,15,30",01,2003-10-02
3063,"05,08,09,14,21,33",11,2003-09-28
3062,"01,06,12,19,20,32",14,2003-09-25
3061,"03,05,20,21,28,32",02,2003-09-21
3060,"02,04,06,17,21,28",11,2003-09-18
3059,"02,03,05,06,18,30",04,2003-09-14
3058,"09,11,16,28,32,33",02,2003-09-11
3057,"18,19,24,25,30,31",16,2003-09-07
3056,"08,17,21,26,28,29",07,2003-09-04
3055,"06,13,16,21,28,31",16,2003-08-31
3054,"02,05,09,21,31,33",12,2003-08-28
3053,"15,19,20,21,28,29",13,2003-08-24
3052,"01,12,13,23,30,31",11,2003-08-21
3051,"04,13,15,17,24,27",01,2003-08-17
3050,"02,08,17,23,24,26",13,2003-08-14
3049,"03,06,07,13,24,25",15,2003-08-10
3048,"10,12,20,28,30,31",09,2003-08-07
3047,"03,17,26,28,32,33",16,2003-08-03
3046,"07,08,10,11,17,26",11,2003-07-31
3045,"03,07,14,15,17,32",03,2003-07-27
3044,"02,05,09,16,32,33",15,2003-07-24
3043,"02,08,10,19,20,32",13,2003-07-20
3042,"03,05,07,10,15,20",07,2003-07-17
3041,"02,03,17,18,24,25",11,2003-07-13
3040,"04,05,06,12,14,23",16,2003-07-10
3039,"03,05,23,24,27,32",03,2003-07-06
3038,"05,07,08,24,25,27",16,2003-07-03
3037,"09,14,17,18,26,32",07,2003-06-29
3036,"07,21,24,25,27,28",15,2003-06-26
3035,"03,04,05,08,10,11",08,2003-06-22
3034,"08,13,14,16,23,25",14,2003-06-19
3033,"01,07,14,20,27,30",10,2003-06-15
3032,"04,11,25,27,29,30",13,2003-06-12
3031,"11,17,20,22,28,32",01,2003-06-08
3030,"02,06,13,14,23,27",07,2003-06-05
3029,"02,07,15,26,29,32",10,2003-06-01
3028,"06,13,16,20,28,32",07,2003-05-29
3027,"01,11,14,17,27,28",15,2003-05-25
3026,"08,13,15,26,29,31",16,2003-05-22
3025,"01,05,11,13,14,27",12,2003-05-18
3024,"02,07,15,17,22,30",14,2003-05-15
3023,"01,10,20,22,26,31",02,2003-05-11
3022,"02,07,11,12,14,32",08,2003-05-08
3021,"14,15,18,25,26,30",01,2003-05-04
3020,"07,10,25,26,27,32",04,2003-05-01
3019,"04,08,12,13,16,33",09,2003-04-27
3018,"05,16,19,20,25,28",13,2003-04-24
3017,"05,08,18,23,25,31",06,2003-04-20
3016,"11,17,28,30,31,33",06,2003-04-17
3015,"04,11,19,25,26,32",13,2003-04-13
3014,"03,05,07,08,21,31",02,2003-04-10
3013,"08,13,17,21,23,32",12,2003-04-06
3012,"02,12,16,17,27,30",12,2003-04-03
3011,"04,05,11,12,30,32",15,2003-03-30
3010,"01,02,08,13,17,24",13,2003-03-27
3009,"05,09,18,20,22,30",09,2003-03-23
3008,"05,08,09,14,17,23",08,2003-03-20
3007,"01,09,19,21,23,26",07,2003-03-16
3006,"01,03,10,21,26,27",06,2003-03-13
3005,"04,06,15,17,30,31",16,2003-03-09
3004,"04,06,07,10,13,25",03,2003-03-06
3003,"01,07,10,23,28,32",16,2003-03-02
3002,"04,09,19,20,21,26",12,2003-02-27
3001,"10,11,12,13,26,28",11,2003-02-23
