period,red,blue,date,machine_info
03001,"10,11,12,13,26,28",11,2003-02-23,{}
03002,"04,09,19,20,21,26",12,2003-02-27,{}
03003,"01,07,10,23,28,32",16,2003-03-02,{}
03004,"04,06,07,10,13,25",03,2003-03-06,{}
03005,"04,06,15,17,30,31",16,2003-03-09,{}
03006,"01,03,10,21,26,27",06,2003-03-13,{}
03007,"01,09,19,21,23,26",07,2003-03-16,{}
03008,"05,08,09,14,17,23",08,2003-03-20,{}
03009,"05,09,18,20,22,30",09,2003-03-23,{}
03010,"01,02,08,13,17,24",13,2003-03-27,{}
03011,"04,05,11,12,30,32",15,2003-03-30,{}
03012,"02,12,16,17,27,30",12,2003-04-03,{}
03013,"08,13,17,21,23,32",12,2003-04-06,{}
03014,"03,05,07,08,21,31",02,2003-04-10,{}
03015,"04,11,19,25,26,32",13,2003-04-13,{}
03016,"11,17,28,30,31,33",06,2003-04-17,{}
03017,"05,08,18,23,25,31",06,2003-04-20,{}
03018,"05,16,19,20,25,28",13,2003-04-24,{}
03019,"04,08,12,13,16,33",09,2003-04-27,{}
03020,"07,10,25,26,27,32",04,2003-05-01,{}
03021,"14,15,18,25,26,30",01,2003-05-04,{}
03022,"02,07,11,12,14,32",08,2003-05-08,{}
03023,"01,10,20,22,26,31",02,2003-05-11,{}
03024,"02,07,15,17,22,30",14,2003-05-15,{}
03025,"01,05,11,13,14,27",12,2003-05-18,{}
03026,"08,13,15,26,29,31",16,2003-05-22,{}
03027,"01,11,14,17,27,28",15,2003-05-25,{}
03028,"06,13,16,20,28,32",07,2003-05-29,{}
03029,"02,07,15,26,29,32",10,2003-06-01,{}
03030,"02,06,13,14,23,27",07,2003-06-05,{}
03031,"11,17,20,22,28,32",01,2003-06-08,{}
03032,"04,11,25,27,29,30",13,2003-06-12,{}
03033,"01,07,14,20,27,30",10,2003-06-15,{}
03034,"08,13,14,16,23,25",14,2003-06-19,{}
03035,"03,04,05,08,10,11",08,2003-06-22,{}
03036,"07,21,24,25,27,28",15,2003-06-26,{}
03037,"09,14,17,18,26,32",07,2003-06-29,{}
03038,"05,07,08,24,25,27",16,2003-07-03,{}
03039,"03,05,23,24,27,32",03,2003-07-06,{}
03040,"04,05,06,12,14,23",16,2003-07-10,{}
03041,"02,03,17,18,24,25",11,2003-07-13,{}
03042,"03,05,07,10,15,20",07,2003-07-17,{}
03043,"02,08,10,19,20,32",13,2003-07-20,{}
03044,"02,05,09,16,32,33",15,2003-07-24,{}
03045,"03,07,14,15,17,32",03,2003-07-27,{}
03046,"07,08,10,11,17,26",11,2003-07-31,{}
03047,"03,17,26,28,32,33",16,2003-08-03,{}
03048,"10,12,20,28,30,31",09,2003-08-07,{}
03049,"03,06,07,13,24,25",15,2003-08-10,{}
03050,"02,08,17,23,24,26",13,2003-08-14,{}
03051,"04,13,15,17,24,27",01,2003-08-17,{}
03052,"01,12,13,23,30,31",11,2003-08-21,{}
03053,"15,19,20,21,28,29",13,2003-08-24,{}
03054,"02,05,09,21,31,33",12,2003-08-28,{}
03055,"06,13,16,21,28,31",16,2003-08-31,{}
03056,"08,17,21,26,28,29",07,2003-09-04,{}
03057,"18,19,24,25,30,31",16,2003-09-07,{}
03058,"09,11,16,28,32,33",02,2003-09-11,{}
03059,"02,03,05,06,18,30",04,2003-09-14,{}
03060,"02,04,06,17,21,28",11,2003-09-18,{}
03061,"03,05,20,21,28,32",02,2003-09-21,{}
03062,"01,06,12,19,20,32",14,2003-09-25,{}
03063,"05,08,09,14,21,33",11,2003-09-28,{}
03064,"04,06,08,12,15,30",01,2003-10-02,{}
03065,"06,15,16,17,30,33",11,2003-10-05,{}
03066,"03,07,08,20,24,32",14,2003-10-09,{}
03067,"05,11,12,13,27,31",10,2003-10-12,{}
03068,"09,19,25,27,32,33",11,2003-10-16,{}
03069,"07,11,16,19,26,28",11,2003-10-19,{}
03070,"01,02,04,17,18,19",08,2003-10-23,{}
03071,"09,11,12,14,15,33",11,2003-10-26,{}
03072,"03,06,08,11,19,27",11,2003-10-30,{}
03073,"02,12,14,21,23,30",13,2003-11-02,{}
03074,"02,12,19,22,27,32",01,2003-11-06,{}
03075,"16,17,19,22,31,33",11,2003-11-09,{}
03076,"01,13,16,18,20,29",02,2003-11-13,{}
03077,"04,12,16,22,24,25",06,2003-11-16,{}
03078,"07,12,23,26,29,30",11,2003-11-20,{}
03079,"12,15,22,23,26,31",04,2003-11-23,{}
03080,"09,20,24,25,28,30",10,2003-11-27,{}
03081,"01,02,14,26,29,30",07,2003-11-30,{}
03082,"07,17,18,19,30,31",14,2003-12-04,{}
03083,"01,03,14,18,26,28",01,2003-12-07,{}
03084,"02,06,07,10,17,33",03,2003-12-11,{}
03085,"01,04,11,12,19,27",14,2003-12-14,{}
03086,"05,12,16,18,26,30",13,2003-12-18,{}
03087,"02,03,04,05,24,28",13,2003-12-21,{}
03088,"03,10,21,22,24,33",12,2003-12-25,{}
03089,"18,19,21,26,27,33",16,2003-12-28,{}
04001,"01,02,03,07,10,25",07,2004-01-01,{}
04002,"10,12,18,22,30,31",11,2004-01-04,{}
04003,"03,05,06,17,26,33",08,2004-01-08,{}
04004,"10,19,22,23,25,29",09,2004-01-11,{}
04005,"09,11,13,16,17,18",07,2004-01-15,{}
04006,"04,12,18,20,23,32",06,2004-01-18,{}
04007,"04,12,17,20,25,28",09,2004-01-29,{}
04008,"01,07,10,22,32,33",13,2004-02-01,{}
04009,"01,09,10,16,22,24",11,2004-02-05,{}
04010,"06,07,08,13,14,19",15,2004-02-08,{}
04011,"01,04,13,23,28,30",03,2004-02-12,{}
04012,"01,07,27,30,31,33",08,2004-02-15,{}
04013,"12,14,21,29,30,32",13,2004-02-19,{}
04014,"03,07,11,17,20,26",12,2004-02-22,{}
04015,"01,03,05,18,22,23",13,2004-02-26,{}
04016,"04,07,08,28,30,32",05,2004-02-29,{}
04017,"05,12,14,15,25,31",09,2004-03-04,{}
04018,"02,05,06,08,28,30",06,2004-03-07,{}
04019,"05,10,11,23,24,32",04,2004-03-11,{}
04020,"01,02,09,22,28,31",04,2004-03-14,{}
04021,"05,09,11,17,26,27",10,2004-03-18,{}
04022,"03,10,14,19,20,30",06,2004-03-21,{}
04023,"01,08,14,17,19,30",03,2004-03-25,{}
04024,"01,13,21,23,25,32",06,2004-03-28,{}
04025,"07,08,10,24,29,33",04,2004-04-01,{}
04026,"04,10,14,18,28,32",15,2004-04-04,{}
04027,"01,05,09,10,18,32",11,2004-04-08,{}
04028,"01,02,03,05,10,22",12,2004-04-11,{}
04029,"09,13,20,22,24,32",05,2004-04-15,{}
04030,"01,07,09,17,26,31",05,2004-04-18,{}
04031,"03,06,19,20,21,24",11,2004-04-22,{}
04032,"02,05,08,11,15,31",13,2004-04-25,{}
04033,"01,04,08,09,19,20",01,2004-04-29,{}
04034,"02,07,13,20,27,30",14,2004-05-02,{}
04035,"02,08,26,27,30,32",16,2004-05-06,{}
04036,"02,13,17,18,26,30",01,2004-05-09,{}
04037,"03,04,11,17,20,26",05,2004-05-13,{}
04038,"11,16,17,25,28,29",07,2004-05-16,{}
04039,"10,16,18,25,26,29",03,2004-05-20,{}
04040,"07,17,19,20,21,29",11,2004-05-23,{}
04041,"08,10,17,22,25,29",14,2004-05-27,{}
04042,"06,10,13,17,18,21",02,2004-05-30,{}
04043,"04,09,10,21,22,24",10,2004-06-03,{}
04044,"02,06,07,12,31,32",05,2004-06-06,{}
04045,"01,12,18,26,27,28",13,2004-06-10,{}
04046,"07,15,16,22,23,32",14,2004-06-13,{}
04047,"01,07,08,11,27,31",06,2004-06-17,{}
04048,"08,09,11,16,17,29",09,2004-06-20,{}
04049,"11,12,14,16,25,29",09,2004-06-24,{}
04050,"06,07,19,21,25,29",02,2004-06-27,{}
04051,"02,03,09,10,15,29",11,2004-07-01,{}
04052,"01,12,14,15,17,29",09,2004-07-04,{}
04053,"02,03,04,09,24,25",02,2004-07-08,{}
04054,"09,11,14,16,27,28",11,2004-07-11,{}
04055,"06,08,19,25,29,32",07,2004-07-15,{}
04056,"01,20,21,25,29,30",02,2004-07-18,{}
04057,"05,21,23,25,28,32",04,2004-07-22,{}
04058,"01,08,11,12,27,31",12,2004-07-25,{}
04059,"04,07,11,19,23,26",10,2004-07-29,{}
04060,"03,05,11,24,27,28",15,2004-08-01,{}
04061,"13,16,19,20,23,33",09,2004-08-05,{}
04062,"01,12,25,27,28,29",13,2004-08-08,{}
04063,"07,10,13,16,27,28",07,2004-08-12,{}
04064,"14,15,18,20,27,31",04,2004-08-15,{}
04065,"13,14,27,29,32,33",08,2004-08-19,{}
04066,"05,13,20,23,24,25",03,2004-08-22,{}
04067,"01,06,07,13,16,32",04,2004-08-24,{}
04068,"02,08,11,13,24,31",15,2004-08-26,{}
04069,"02,11,15,20,22,29",05,2004-08-29,{}
04070,"10,12,21,22,30,33",06,2004-08-31,{}
04071,"03,08,16,17,21,29",06,2004-09-02,{}
04072,"08,15,18,28,30,33",14,2004-09-05,{}
04073,"02,07,13,16,23,28",16,2004-09-07,{}
04074,"05,06,15,19,26,29",13,2004-09-09,{}
04075,"07,18,21,26,27,28",07,2004-09-12,{}
04076,"03,05,13,17,25,31",07,2004-09-14,{}
04077,"08,09,10,14,16,26",07,2004-09-16,{}
04078,"04,05,10,21,24,26",05,2004-09-19,{}
04079,"07,13,14,17,19,30",03,2004-09-21,{}
04080,"03,08,20,23,24,26",16,2004-09-23,{}
04081,"03,05,21,24,27,32",06,2004-09-26,{}
04082,"03,20,24,27,29,30",15,2004-09-28,{}
04083,"14,16,27,28,30,33",06,2004-09-30,{}
04084,"01,04,08,11,21,25",14,2004-10-03,{}
04085,"03,08,11,29,30,32",01,2004-10-05,{}
04086,"10,13,18,19,25,27",01,2004-10-07,{}
04087,"01,03,07,08,25,26",14,2004-10-10,{}
04088,"02,10,19,22,24,32",14,2004-10-12,{}
04089,"14,17,20,25,28,30",14,2004-10-14,{}
04090,"01,18,20,24,32,33",12,2004-10-17,{}
04091,"09,13,14,21,30,33",01,2004-10-19,{}
04092,"01,04,08,13,28,31",02,2004-10-21,{}
04093,"11,14,20,27,32,33",05,2004-10-24,{}
04094,"05,09,10,13,24,25",08,2004-10-26,{}
04095,"19,22,27,28,30,32",01,2004-10-28,{}
04096,"01,04,12,16,20,30",15,2004-10-31,{}
04097,"10,19,20,26,29,31",14,2004-11-02,{}
04098,"03,12,13,25,26,31",03,2004-11-04,{}
04099,"05,10,21,22,26,33",02,2004-11-07,{}
04100,"06,08,09,14,24,33",15,2004-11-09,{}
04101,"02,09,14,19,25,26",15,2004-11-11,{}
04102,"03,09,12,15,28,32",01,2004-11-14,{}
04103,"02,03,05,09,16,21",02,2004-11-16,{}
04104,"07,11,17,18,24,29",05,2004-11-18,{}
04105,"07,09,10,21,23,30",12,2004-11-21,{}
04106,"10,15,23,26,28,29",12,2004-11-23,{}
04107,"01,08,12,13,18,20",07,2004-11-25,{}
04108,"08,13,14,27,28,31",12,2004-11-28,{}
04109,"06,08,10,17,30,31",14,2004-11-30,{}
04110,"14,19,20,21,22,31",11,2004-12-02,{}
04111,"11,16,18,20,26,31",02,2004-12-05,{}
04112,"09,13,15,21,26,33",06,2004-12-07,{}
04113,"08,10,23,25,31,32",07,2004-12-10,{}
04114,"01,06,09,17,21,22",01,2004-12-13,{}
04115,"02,16,20,30,31,33",01,2004-12-14,{}
04116,"01,03,05,08,14,33",03,2004-12-16,{}
04117,"01,03,07,14,24,25",07,2004-12-19,{}
04118,"03,04,07,12,30,31",15,2004-12-21,{}
04119,"06,09,18,20,25,33",06,2004-12-23,{}
04120,"07,08,18,21,27,32",10,2004-12-26,{}
04121,"07,13,16,18,30,32",10,2004-12-28,{}
04122,"03,11,14,22,24,31",15,2004-12-30,{}
05001,"01,07,08,23,27,28",14,2005-01-02,{}
05002,"06,09,20,26,28,33",14,2005-01-04,{}
05003,"09,12,15,19,22,31",16,2005-01-06,{}
05004,"01,04,08,09,22,23",03,2005-01-09,{}
05005,"05,09,20,26,28,33",15,2005-01-11,{}
05006,"02,04,05,15,21,31",16,2005-01-13,{}
05007,"07,15,17,20,23,33",15,2005-01-16,{}
05008,"11,19,22,27,32,33",11,2005-01-18,{}
05009,"02,17,22,27,29,31",14,2005-01-20,{}
05010,"08,10,11,18,25,26",01,2005-01-23,{}
05011,"09,11,13,15,22,30",15,2005-01-25,{}
05012,"02,03,06,16,22,31",05,2005-01-27,{}
05013,"07,08,16,19,20,24",06,2005-01-30,{}
05014,"13,19,21,23,30,32",05,2005-02-01,{}
05015,"04,08,09,16,17,29",15,2005-02-03,{}
05016,"01,05,06,12,16,30",15,2005-02-06,{}
05017,"02,06,10,25,27,31",03,2005-02-16,{}
05018,"01,03,06,22,23,25",06,2005-02-17,{}
05019,"06,11,12,13,19,22",08,2005-02-20,{}
05020,"14,16,19,20,25,29",05,2005-02-22,{}
05021,"02,06,24,26,30,31",16,2005-02-24,{}
05022,"08,10,12,21,32,33",04,2005-02-27,{}
05023,"10,15,19,20,21,25",12,2005-03-01,{}
05024,"05,09,14,27,31,32",13,2005-03-03,{}
05025,"01,07,10,11,13,32",07,2005-03-06,{}
05026,"06,12,14,20,25,26",07,2005-03-08,{}
05027,"01,03,04,06,21,32",15,2005-03-10,{}
05028,"04,09,22,25,26,32",10,2005-03-13,{}
05029,"02,14,21,22,27,30",14,2005-03-15,{}
05030,"01,05,09,14,22,28",05,2005-03-17,{}
05031,"04,10,16,20,23,32",07,2005-03-20,{}
05032,"05,15,19,20,25,29",03,2005-03-22,{}
05033,"07,08,12,14,19,20",07,2005-03-24,{}
05034,"05,17,18,25,28,32",09,2005-03-27,{}
05035,"12,16,21,28,29,30",14,2005-03-29,{}
05036,"12,19,20,21,26,31",15,2005-03-31,{}
05037,"07,12,14,22,24,32",16,2005-04-03,{}
05038,"04,07,11,20,27,28",16,2005-04-05,{}
05039,"02,16,18,19,21,29",09,2005-04-07,{}
05040,"01,12,21,24,30,32",13,2005-04-10,{}
05041,"02,11,16,23,24,29",03,2005-04-12,{}
05042,"11,16,21,26,27,30",15,2005-04-14,{}
05043,"04,05,06,07,08,32",05,2005-04-17,{}
05044,"01,06,16,17,18,22",09,2005-04-19,{}
05045,"01,07,10,15,18,20",10,2005-04-21,{}
05046,"09,16,18,20,22,24",05,2005-04-24,{}
05047,"02,03,05,07,08,27",15,2005-04-26,{}
05048,"06,07,08,10,16,28",02,2005-04-28,{}
05049,"02,03,08,10,25,27",12,2005-05-01,{}
05050,"02,09,12,20,26,32",13,2005-05-03,{}
05051,"03,06,14,19,20,21",02,2005-05-05,{}
05052,"01,02,14,17,30,32",01,2005-05-08,{}
05053,"04,07,10,14,27,29",09,2005-05-10,{}
05054,"05,13,17,18,21,29",14,2005-05-12,{}
05055,"05,20,22,30,32,33",09,2005-05-15,{}
05056,"12,17,19,27,29,31",09,2005-05-17,{}
05057,"05,06,10,15,30,31",13,2005-05-19,{}
05058,"04,06,10,21,25,26",10,2005-05-22,{}
05059,"07,11,14,18,24,29",07,2005-05-24,{}
05060,"09,12,21,25,31,33",13,2005-05-26,{}
05061,"05,09,14,21,23,24",01,2005-05-29,{}
05062,"02,07,11,12,20,23",07,2005-05-31,{}
05063,"02,11,13,18,22,30",04,2005-06-02,{}
05064,"10,18,23,27,30,32",08,2005-06-05,{}
05065,"12,16,17,21,22,23",16,2005-06-07,{}
05066,"02,04,10,11,25,28",05,2005-06-09,{}
05067,"03,12,16,20,21,26",16,2005-06-12,{}
05068,"01,08,10,13,25,33",13,2005-06-14,{}
05069,"07,09,21,24,31,33",12,2005-06-16,{}
05070,"03,04,08,14,16,26",04,2005-06-19,{}
05071,"04,08,12,14,16,22",10,2005-06-21,{}
05072,"06,10,19,20,24,33",11,2005-06-23,{}
05073,"01,06,08,09,18,20",01,2005-06-26,{}
05074,"06,09,18,20,26,29",09,2005-06-28,{}
05075,"11,13,14,16,18,31",14,2005-06-30,{}
05076,"04,09,11,22,25,28",13,2005-07-03,{}
05077,"08,17,22,24,32,33",16,2005-07-05,{}
05078,"03,11,15,20,26,32",11,2005-07-07,{}
05079,"03,09,20,24,25,28",05,2005-07-10,{}
05080,"01,12,14,26,27,32",16,2005-07-12,{}
05081,"02,04,10,12,26,30",03,2005-07-14,{}
05082,"01,07,11,14,19,20",12,2005-07-17,{}
05083,"03,05,09,14,16,30",13,2005-07-19,{}
05084,"01,02,07,15,19,20",03,2005-07-21,{}
05085,"08,09,13,14,20,22",12,2005-07-24,{}
05086,"07,11,12,24,27,29",12,2005-07-26,{}
05087,"08,09,15,16,23,26",08,2005-07-28,{}
05088,"01,03,07,18,20,24",07,2005-07-31,{}
05089,"05,19,20,23,26,31",12,2005-08-02,{}
05090,"01,09,21,25,29,32",03,2005-08-04,{}
05091,"01,11,12,15,26,27",13,2005-08-07,{}
05092,"08,13,19,26,28,31",10,2005-08-09,{}
05093,"04,06,17,23,25,29",14,2005-08-11,{}
05094,"03,05,09,23,27,33",03,2005-08-14,{}
05095,"09,12,18,21,28,29",05,2005-08-16,{}
05096,"04,05,17,18,26,33",04,2005-08-18,{}
05097,"05,10,23,27,28,30",15,2005-08-21,{}
05098,"12,15,19,22,31,33",01,2005-08-23,{}
05099,"10,13,16,22,24,31",09,2005-08-25,{}
05100,"02,04,09,14,16,31",03,2005-08-28,{}
05101,"09,16,19,21,22,24",12,2005-08-30,{}
05102,"02,05,06,14,24,31",12,2005-09-01,{}
05103,"04,07,16,18,23,30",07,2005-09-04,{}
05104,"02,04,21,23,30,33",09,2005-09-06,{}
05105,"04,15,23,30,32,33",03,2005-09-08,{}
05106,"01,11,13,24,26,31",13,2005-09-11,{}
05107,"09,10,20,24,25,26",11,2005-09-13,{}
05108,"03,10,12,24,29,30",06,2005-09-15,{}
05109,"03,05,13,15,17,31",04,2005-09-18,{}
05110,"07,10,16,19,24,25",09,2005-09-20,{}
05111,"03,07,15,16,19,29",09,2005-09-22,{}
05112,"04,12,22,28,29,30",16,2005-09-25,{}
05113,"15,18,20,22,26,27",03,2005-09-27,{}
05114,"06,07,10,15,21,27",06,2005-09-29,{}
05115,"03,12,18,23,30,33",02,2005-10-02,{}
05116,"04,06,08,14,15,30",10,2005-10-04,{}
05117,"06,17,22,27,28,32",03,2005-10-06,{}
05118,"04,09,12,15,26,31",16,2005-10-09,{}
05119,"01,07,11,18,20,22",02,2005-10-11,{}
05120,"01,06,13,18,30,32",14,2005-10-13,{}
05121,"01,07,20,25,31,32",12,2005-10-16,{}
05122,"01,04,07,14,30,32",09,2005-10-18,{}
05123,"11,12,13,17,18,25",07,2005-10-20,{}
05124,"05,06,10,19,31,33",11,2005-10-23,{}
05125,"06,14,18,28,31,32",03,2005-10-25,{}
05126,"02,08,13,19,25,26",09,2005-10-27,{}
05127,"04,06,11,14,23,25",12,2005-10-30,{}
05128,"02,04,14,23,29,33",15,2005-11-01,{}
05129,"05,10,14,20,27,33",03,2005-11-03,{}
05130,"03,05,09,15,20,25",16,2005-11-06,{}
05131,"02,07,10,11,12,24",03,2005-11-08,{}
05132,"02,04,10,18,27,29",15,2005-11-10,{}
05133,"01,07,14,16,18,25",11,2005-11-13,{}
05134,"04,13,14,18,26,30",01,2005-11-15,{}
05135,"01,05,13,15,21,25",11,2005-11-17,{}
05136,"05,14,16,18,25,27",13,2005-11-20,{}
05137,"03,09,15,23,25,33",12,2005-11-22,{}
05138,"03,05,06,11,20,22",13,2005-11-24,{}
05139,"02,07,20,23,32,33",10,2005-11-27,{}
05140,"04,06,07,08,12,17",07,2005-11-29,{}
05141,"03,05,08,12,16,19",15,2005-12-01,{}
05142,"07,10,12,17,22,29",05,2005-12-04,{}
05143,"03,10,15,17,20,32",08,2005-12-06,{}
05144,"01,08,14,15,19,27",09,2005-12-08,{}
05145,"03,07,08,17,20,28",15,2005-12-11,{}
05146,"07,11,19,20,24,28",02,2005-12-13,{}
05147,"06,07,15,27,28,30",10,2005-12-15,{}
05148,"03,15,17,23,24,29",13,2005-12-18,{}
05149,"11,16,21,23,25,32",07,2005-12-20,{}
05150,"03,07,10,14,18,20",02,2005-12-22,{}
05151,"04,11,12,13,19,30",05,2005-12-25,{}
05152,"01,05,12,14,21,27",03,2005-12-27,{}
05153,"04,05,07,21,26,29",01,2005-12-29,{}
06001,"01,12,15,19,21,28",03,2006-01-01,{}
06002,"07,13,16,21,26,28",09,2006-01-03,{}
06003,"02,04,05,06,16,20",12,2006-01-05,{}
06004,"04,08,17,27,28,31",07,2006-01-08,{}
06005,"03,19,20,24,26,27",11,2006-01-10,{}
06006,"08,21,22,23,26,32",14,2006-01-12,{}
06007,"04,16,18,27,32,33",07,2006-01-15,{}
06008,"03,05,09,18,28,32",16,2006-01-17,{}
06009,"05,06,08,20,26,30",06,2006-01-19,{}
06010,"04,06,12,19,27,29",08,2006-01-22,{}
06011,"05,07,08,14,27,31",11,2006-01-24,{}
06012,"09,11,13,27,31,33",10,2006-01-26,{}
06013,"01,05,06,12,16,21",11,2006-02-05,{}
06014,"06,14,26,29,32,33",07,2006-02-07,{}
06015,"02,03,09,15,29,32",03,2006-02-09,{}
06016,"01,07,13,17,23,30",16,2006-02-12,{}
06017,"03,04,08,31,32,33",02,2006-02-14,{}
06018,"01,13,14,17,24,26",05,2006-02-16,{}
06019,"04,06,13,22,26,32",07,2006-02-19,{}
06020,"05,09,21,23,26,29",06,2006-02-21,{}
06021,"01,02,05,20,21,22",09,2006-02-23,{}
06022,"02,03,04,13,16,27",13,2006-02-26,{}
06023,"04,13,14,19,23,28",08,2006-02-28,{}
06024,"02,07,09,11,21,27",06,2006-03-02,{}
06025,"03,04,17,19,24,32",05,2006-03-05,{}
06026,"01,02,18,22,29,32",03,2006-03-07,{}
06027,"06,08,11,14,16,27",15,2006-03-09,{}
06028,"05,07,14,16,17,27",04,2006-03-12,{}
06029,"03,04,07,09,14,19",08,2006-03-14,{}
06030,"08,13,15,17,20,32",14,2006-03-16,{}
06031,"03,10,12,16,31,32",14,2006-03-19,{}
06032,"05,18,20,24,26,31",09,2006-03-21,{}
06033,"15,20,22,23,27,31",06,2006-03-23,{}
06034,"02,10,15,16,17,33",13,2006-03-26,{}
06035,"03,09,13,21,27,29",13,2006-03-28,{}
06036,"04,07,10,16,17,21",09,2006-03-30,{}
06037,"02,12,23,24,25,32",14,2006-04-02,{}
06038,"02,14,17,19,22,30",10,2006-04-04,{}
06039,"16,19,22,28,31,32",03,2006-04-06,{}
06040,"15,22,25,26,28,33",03,2006-04-09,{}
06041,"03,10,16,18,21,28",04,2006-04-11,{}
06042,"03,16,23,26,28,31",11,2006-04-13,{}
06043,"05,12,13,16,23,32",03,2006-04-16,{}
06044,"02,10,18,21,30,31",05,2006-04-18,{}
06045,"06,07,10,14,20,21",04,2006-04-20,{}
06046,"13,18,23,29,31,32",08,2006-04-23,{}
06047,"02,17,20,22,28,32",03,2006-04-25,{}
06048,"09,13,19,25,29,32",12,2006-04-27,{}
06049,"06,10,12,13,17,20",03,2006-04-30,{}
06050,"02,06,12,15,25,31",07,2006-05-02,{}
06051,"02,06,07,17,27,30",16,2006-05-04,{}
06052,"11,24,26,27,30,32",03,2006-05-07,{}
06053,"01,11,17,27,28,31",02,2006-05-09,{}
06054,"03,05,07,10,28,30",04,2006-05-11,{}
06055,"04,05,28,29,31,33",11,2006-05-14,{}
06056,"11,13,15,21,23,25",08,2006-05-16,{}
06057,"03,04,17,18,21,31",08,2006-05-18,{}
06058,"01,12,22,23,24,25",14,2006-05-21,{}
06059,"05,10,15,17,27,29",11,2006-05-23,{}
06060,"05,15,19,23,30,32",14,2006-05-25,{}
06061,"05,13,17,19,25,30",11,2006-05-28,{}
06062,"18,22,23,24,26,30",01,2006-05-30,{}
06063,"04,05,15,21,23,24",08,2006-06-01,{}
06064,"03,12,14,21,24,28",11,2006-06-04,{}
06065,"04,08,17,28,29,30",13,2006-06-06,{}
06066,"06,08,11,18,30,33",05,2006-06-08,{}
06067,"07,08,11,16,17,24",13,2006-06-11,{}
06068,"03,07,10,14,30,33",10,2006-06-13,{}
06069,"05,16,20,22,29,30",08,2006-06-15,{}
06070,"02,03,11,13,20,27",02,2006-06-18,{}
06071,"05,11,12,19,29,31",01,2006-06-20,{}
06072,"02,03,05,20,21,24",08,2006-06-22,{}
06073,"05,13,16,18,27,29",12,2006-06-25,{}
06074,"01,03,15,19,25,33",04,2006-06-27,{}
06075,"10,21,22,23,25,33",11,2006-06-29,{}
06076,"04,10,17,21,29,32",14,2006-07-02,{}
06077,"08,09,12,13,19,33",09,2006-07-04,{}
06078,"03,05,17,22,31,33",12,2006-07-06,{}
06079,"06,11,13,17,20,32",08,2006-07-09,{}
06080,"15,17,20,22,26,29",09,2006-07-11,{}
06081,"14,16,18,21,22,32",04,2006-07-13,{}
06082,"03,13,15,23,28,29",09,2006-07-16,{}
06083,"07,09,18,19,26,29",10,2006-07-18,{}
06084,"01,12,17,21,25,28",12,2006-07-21,{}
06085,"02,06,18,21,24,25",08,2006-07-23,{}
06086,"04,06,10,24,26,31",06,2006-07-25,{}
06087,"04,05,08,09,12,30",05,2006-07-27,{}
06088,"03,11,20,24,25,26",01,2006-07-30,{}
06089,"01,13,16,18,19,22",01,2006-08-01,{}
06090,"02,11,15,20,23,29",11,2006-08-03,{}
06091,"07,08,12,21,22,24",07,2006-08-06,{}
06092,"02,08,11,16,20,21",14,2006-08-08,{}
06093,"02,12,16,18,19,23",05,2006-08-10,{}
06094,"15,16,17,18,24,33",13,2006-08-13,{}
06095,"01,03,17,20,21,29",16,2006-08-15,{}
06096,"01,05,09,13,18,33",14,2006-08-17,{}
06097,"11,14,15,20,26,27",12,2006-08-20,{}
06098,"06,07,10,11,18,23",16,2006-08-22,{}
06099,"09,12,18,23,24,27",05,2006-08-24,{}
06100,"01,11,18,26,30,32",03,2006-08-27,{}
06101,"09,12,20,26,27,28",16,2006-08-29,{}
06102,"01,04,13,19,20,24",11,2006-08-31,{}
06103,"12,14,15,25,28,31",06,2006-09-03,{}
06104,"03,07,22,27,28,31",11,2006-09-05,{}
06105,"05,12,14,15,20,31",01,2006-09-07,{}
06106,"02,12,14,19,28,33",10,2006-09-10,{}
06107,"01,06,08,13,17,30",07,2006-09-12,{}
06108,"02,06,08,20,24,30",09,2006-09-14,{}
06109,"01,05,17,18,23,26",13,2006-09-17,{}
06110,"09,12,14,18,27,33",13,2006-09-19,{}
06111,"01,08,11,16,17,22",15,2006-09-21,{}
06112,"04,09,13,15,31,33",11,2006-09-24,{}
06113,"05,14,17,18,28,33",02,2006-09-26,{}
06114,"08,10,14,20,27,29",16,2006-09-28,{}
06115,"01,10,20,26,28,29",15,2006-10-01,{}
06116,"05,16,21,22,32,33",09,2006-10-03,{}
06117,"06,14,20,22,23,26",09,2006-10-05,{}
06118,"01,03,07,08,10,30",05,2006-10-08,{}
06119,"01,02,14,20,27,30",02,2006-10-10,{}
06120,"06,08,14,15,24,33",09,2006-10-12,{}
06121,"03,04,06,27,31,33",06,2006-10-15,{}
06122,"04,05,06,08,22,24",03,2006-10-17,{}
06123,"02,03,20,25,28,32",06,2006-10-19,{}
06124,"12,13,14,18,31,32",13,2006-10-22,{}
06125,"15,19,23,30,32,33",06,2006-10-24,{}
06126,"02,08,13,16,24,33",09,2006-10-26,{}
06127,"03,04,11,17,19,30",01,2006-10-29,{}
06128,"04,15,21,30,31,33",05,2006-10-31,{}
06129,"09,14,18,22,27,29",12,2006-11-02,{}
06130,"01,12,21,22,30,32",02,2006-11-05,{}
06131,"03,04,09,22,26,33",01,2006-11-07,{}
06132,"06,14,22,26,30,33",01,2006-11-09,{}
06133,"04,06,20,25,29,31",03,2006-11-12,{}
06134,"10,13,18,26,28,30",12,2006-11-14,{}
06135,"04,19,21,22,23,31",04,2006-11-16,{}
06136,"11,15,17,21,22,24",05,2006-11-19,{}
06137,"10,14,17,21,27,31",09,2006-11-21,{}
06138,"04,09,11,17,18,26",08,2006-11-23,{}
06139,"07,08,14,21,23,25",05,2006-11-26,{}
06140,"01,08,11,18,19,23",05,2006-11-28,{}
06141,"16,18,22,23,25,31",11,2006-11-30,{}
06142,"10,16,19,22,26,27",16,2006-12-03,{}
06143,"01,15,20,29,31,32",08,2006-12-05,{}
06144,"04,10,13,16,22,29",06,2006-12-07,{}
06145,"02,07,23,26,28,31",07,2006-12-10,{}
06146,"03,09,13,23,28,30",05,2006-12-12,{}
06147,"01,04,15,17,27,31",01,2006-12-14,{}
06148,"04,08,12,13,23,29",01,2006-12-17,{}
06149,"02,03,05,11,15,32",15,2006-12-19,{}
06150,"08,09,12,18,25,27",12,2006-12-21,{}
06151,"01,03,04,06,16,22",08,2006-12-24,{}
06152,"01,14,20,25,27,31",15,2006-12-26,{}
06153,"01,07,11,20,30,33",10,2006-12-28,{}
06154,"07,14,18,20,30,33",13,2006-12-31,{}
07001,"02,04,09,10,20,26",14,2007-01-02,{}
07002,"05,06,14,20,21,22",01,2007-01-04,{}
07003,"05,09,11,12,22,27",15,2007-01-07,{}
07004,"03,07,10,13,25,33",10,2007-01-09,{}
07005,"01,05,06,16,24,30",12,2007-01-11,{}
07006,"06,10,14,22,26,27",11,2007-01-14,{}
07007,"04,12,15,17,22,32",14,2007-01-16,{}
07008,"01,04,05,18,19,25",10,2007-01-18,{}
07009,"02,04,14,15,25,27",15,2007-01-21,{}
07010,"03,08,14,17,30,32",05,2007-01-23,{}
07011,"03,10,15,25,28,33",16,2007-01-25,{}
07012,"03,05,07,21,26,28",04,2007-01-28,{}
07013,"05,15,18,27,29,32",05,2007-01-30,{}
07014,"01,13,16,20,24,26",09,2007-02-01,{}
07015,"03,04,08,18,22,30",15,2007-02-04,{}
07016,"01,18,20,22,26,33",05,2007-02-06,{}
07017,"05,09,10,24,25,32",14,2007-02-08,{}
07018,"01,12,18,20,21,26",11,2007-02-11,{}
07019,"04,11,16,23,29,31",14,2007-02-13,{}
07020,"05,10,16,20,28,31",14,2007-02-15,{}
07021,"03,06,09,11,25,31",13,2007-02-25,{}
07022,"02,04,07,10,18,27",10,2007-02-27,{}
07023,"03,07,13,17,32,33",02,2007-03-01,{}
07024,"08,09,17,25,27,32",06,2007-03-04,{}
07025,"03,16,18,22,23,26",03,2007-03-06,{}
07026,"01,04,14,16,26,29",10,2007-03-08,{}
07027,"02,03,09,22,24,27",11,2007-03-11,{}
07028,"03,08,13,20,29,30",11,2007-03-13,{}
07029,"06,08,09,11,19,21",10,2007-03-15,{}
07030,"03,16,21,22,27,30",04,2007-03-18,{}
07031,"04,06,10,12,19,31",01,2007-03-20,{}
07032,"04,08,16,24,30,32",16,2007-03-22,{}
07033,"03,04,11,17,18,28",09,2007-03-25,{}
07034,"02,09,12,14,23,25",16,2007-03-27,{}
07035,"01,04,08,12,29,31",06,2007-03-29,{}
07036,"03,14,21,23,30,31",10,2007-04-01,{}
07037,"10,11,16,23,31,33",16,2007-04-03,{}
07038,"03,11,14,19,21,30",05,2007-04-05,{}
07039,"06,07,19,24,27,29",01,2007-04-08,{}
07040,"13,14,15,19,24,30",10,2007-04-10,{}
07041,"01,03,09,11,26,31",12,2007-04-12,{}
07042,"03,13,16,19,32,33",08,2007-04-15,{}
07043,"03,08,10,11,14,30",05,2007-04-17,{}
07044,"09,13,20,21,24,32",08,2007-04-19,{}
07045,"01,12,18,21,28,30",10,2007-04-22,{}
07046,"02,06,07,09,19,26",14,2007-04-24,{}
07047,"02,04,16,18,23,30",06,2007-04-26,{}
07048,"02,11,12,15,17,28",12,2007-04-29,{}
07049,"04,14,18,19,31,33",02,2007-05-01,{}
07050,"01,05,08,13,18,25",02,2007-05-03,{}
07051,"03,14,16,26,27,33",13,2007-05-06,{}
07052,"02,03,07,08,26,29",07,2007-05-08,{}
07053,"10,13,16,17,18,27",11,2007-05-10,{}
07054,"01,03,16,18,23,28",05,2007-05-13,{}
07055,"02,06,11,22,28,29",02,2007-05-15,{}
07056,"14,17,21,29,31,32",12,2007-05-17,{}
07057,"05,11,18,19,20,21",09,2007-05-20,{}
07058,"07,08,10,13,25,27",07,2007-05-22,{}
07059,"01,03,04,06,07,29",14,2007-05-24,{}
07060,"01,02,08,16,19,29",05,2007-05-27,{}
07061,"01,06,07,11,20,23",05,2007-05-29,{}
07062,"08,17,20,29,30,33",09,2007-05-31,{}
07063,"10,15,17,24,26,28",12,2007-06-03,{}
07064,"02,06,09,16,21,23",16,2007-06-05,{}
07065,"04,07,19,21,25,31",07,2007-06-07,{}
07066,"05,11,16,24,32,33",08,2007-06-10,{}
07067,"06,11,13,17,21,23",11,2007-06-12,{}
07068,"11,18,19,22,23,28",01,2007-06-14,{}
07069,"03,04,11,12,14,32",12,2007-06-17,{}
07070,"06,08,15,17,18,30",12,2007-06-19,{}
07071,"01,06,14,21,30,31",09,2007-06-21,{}
07072,"02,04,08,13,14,33",16,2007-06-24,{}
07073,"05,09,11,19,28,31",02,2007-06-26,{}
07074,"08,13,15,25,27,28",03,2007-06-28,{}
07075,"13,16,17,22,30,32",03,2007-07-01,{}
07076,"06,12,15,16,20,31",02,2007-07-03,{}
07077,"06,08,14,21,28,29",02,2007-07-05,{}
07078,"04,06,07,23,25,32",01,2007-07-08,{}
07079,"03,04,14,20,21,25",14,2007-07-10,{}
07080,"01,08,16,18,19,29",04,2007-07-12,{}
07081,"09,14,15,19,24,33",13,2007-07-15,{}
07082,"05,15,17,18,25,32",15,2007-07-17,{}
07083,"11,14,18,20,21,26",05,2007-07-19,{}
07084,"06,10,12,14,20,27",10,2007-07-22,{}
07085,"02,12,17,19,29,30",12,2007-07-24,{}
07086,"05,08,14,22,27,29",16,2007-07-26,{}
07087,"01,03,04,05,08,21",09,2007-07-29,{}
07088,"02,04,10,28,29,33",06,2007-07-31,{}
07089,"03,07,08,15,19,28",03,2007-08-02,{}
07090,"05,11,13,27,30,31",02,2007-08-05,{}
07091,"02,11,17,30,31,32",07,2007-08-07,{}
07092,"14,18,22,23,24,33",09,2007-08-09,{}
07093,"05,10,13,15,19,29",02,2007-08-12,{}
07094,"03,05,18,19,24,32",02,2007-08-14,{}
07095,"01,06,08,18,29,32",07,2007-08-16,{}
07096,"09,10,20,22,30,32",08,2007-08-19,{}
07097,"04,08,13,18,26,30",11,2007-08-21,{}
07098,"02,03,05,11,19,20",12,2007-08-23,{}
07099,"03,04,14,27,31,33",05,2007-08-26,{}
07100,"08,18,27,29,30,32",06,2007-08-28,{}
07101,"15,16,18,21,22,30",14,2007-08-30,{}
07102,"04,06,08,18,20,33",11,2007-09-02,{}
07103,"07,09,25,27,30,32",01,2007-09-04,{}
07104,"02,08,12,14,20,32",04,2007-09-06,{}
07105,"02,07,10,17,23,29",14,2007-09-09,{}
07106,"12,18,21,24,25,29",08,2007-09-11,{}
07107,"02,08,09,18,24,28",10,2007-09-13,{}
07108,"03,07,12,13,20,33",02,2007-09-16,{}
07109,"01,04,07,08,13,14",04,2007-09-18,{}
07110,"02,04,07,15,24,28",03,2007-09-20,{}
07111,"02,09,10,12,13,17",11,2007-09-23,{}
07112,"07,11,14,16,25,32",11,2007-09-25,{}
07113,"04,18,23,25,26,31",10,2007-09-27,{}
07114,"05,12,15,24,27,33",05,2007-09-30,{}
07115,"01,05,10,16,20,26",02,2007-10-02,{}
07116,"03,05,07,11,17,27",13,2007-10-04,{}
07117,"03,07,09,10,26,32",01,2007-10-07,{}
07118,"04,10,16,18,25,32",15,2007-10-09,{}
07119,"03,08,11,13,25,31",12,2007-10-11,{}
07120,"06,07,11,12,18,25",01,2007-10-14,{}
07121,"03,10,21,22,27,28",06,2007-10-16,{}
07122,"04,07,19,24,26,32",09,2007-10-18,{}
07123,"01,13,15,23,28,32",02,2007-10-21,{}
07124,"03,07,13,16,19,32",16,2007-10-23,{}
07125,"03,05,18,20,27,33",01,2007-10-25,{}
07126,"09,10,19,23,26,31",09,2007-10-28,{}
07127,"06,09,13,16,24,28",11,2007-10-30,{}
07128,"09,10,19,21,27,31",05,2007-11-01,{}
07129,"05,07,20,21,22,30",08,2007-11-04,{}
07130,"03,05,09,11,27,31",04,2007-11-06,{}
07131,"03,05,07,16,22,27",05,2007-11-08,{}
07132,"01,09,16,21,22,23",05,2007-11-11,{}
07133,"03,06,07,11,13,33",10,2007-11-13,{}
07134,"01,04,10,13,18,25",15,2007-11-15,{}
07135,"01,11,16,26,31,33",16,2007-11-18,{}
07136,"01,02,18,21,25,29",14,2007-11-20,{}
07137,"03,07,08,18,20,22",03,2007-11-22,{}
07138,"02,03,15,17,19,25",16,2007-11-25,{}
07139,"06,10,12,14,16,22",06,2007-11-27,{}
07140,"01,05,16,21,22,26",11,2007-11-29,{}
07141,"02,03,04,06,17,31",08,2007-12-02,{}
07142,"11,20,25,26,27,30",08,2007-12-04,{}
07143,"01,06,22,23,24,26",04,2007-12-06,{}
07144,"08,14,23,25,28,32",16,2007-12-09,{}
07145,"08,09,11,12,25,31",11,2007-12-11,{}
07146,"04,18,22,24,26,30",09,2007-12-13,{}
07147,"03,07,18,24,26,27",04,2007-12-16,{}
07148,"03,09,16,17,23,28",07,2007-12-18,{}
07149,"01,17,19,22,28,30",03,2007-12-20,{}
07150,"03,05,11,13,19,24",05,2007-12-23,{}
07151,"01,06,10,11,23,25",02,2007-12-25,{}
07152,"11,17,21,29,30,33",08,2007-12-27,{}
07153,"01,04,19,20,25,31",15,2007-12-30,{}
08001,"02,04,07,09,14,29",03,2008-01-01,{}
08002,"03,04,18,22,25,29",09,2008-01-03,{}
08003,"06,08,11,13,17,19",12,2008-01-06,{}
08004,"04,08,22,23,27,29",08,2008-01-08,{}
08005,"03,05,15,22,24,25",15,2008-01-10,{}
08006,"01,14,16,18,22,27",14,2008-01-13,{}
08007,"01,13,17,22,23,30",11,2008-01-15,{}
08008,"02,15,16,23,26,27",07,2008-01-17,{}
08009,"09,21,29,30,31,32",16,2008-01-20,{}
08010,"03,08,11,17,21,27",09,2008-01-22,{}
08011,"02,14,17,21,30,32",03,2008-01-24,{}
08012,"03,04,05,16,20,30",13,2008-01-27,{}
08013,"02,08,15,16,22,28",10,2008-01-29,{}
08014,"03,09,11,17,21,31",14,2008-01-31,{}
08015,"06,08,11,16,29,33",03,2008-02-03,{}
08016,"03,12,14,21,29,33",13,2008-02-05,{}
08017,"02,05,07,17,20,22",02,2008-02-14,{}
08018,"02,05,06,23,26,33",13,2008-02-17,{}
08019,"02,09,11,17,27,31",05,2008-02-19,{}
08020,"03,10,13,15,28,30",03,2008-02-21,{}
08021,"09,12,19,20,26,28",15,2008-02-24,{}
08022,"12,18,20,24,28,32",05,2008-02-26,{}
08023,"08,16,18,25,26,32",02,2008-02-28,{}
08024,"11,20,21,26,28,30",13,2008-03-02,{}
08025,"08,16,17,18,19,21",14,2008-03-04,{}
08026,"05,17,19,27,29,32",03,2008-03-06,{}
08027,"15,18,19,23,24,26",13,2008-03-09,{}
08028,"01,13,21,26,29,32",10,2008-03-11,{}
08029,"01,09,14,22,29,32",12,2008-03-13,{}
08030,"06,15,18,19,20,28",11,2008-03-16,{}
08031,"03,06,11,15,21,31",13,2008-03-18,{}
08032,"05,14,16,21,23,28",13,2008-03-20,{}
08033,"12,17,18,30,31,33",04,2008-03-23,{}
08034,"03,05,09,11,21,29",09,2008-03-25,{}
08035,"07,11,14,17,18,29",16,2008-03-27,{}
08036,"02,06,13,18,23,28",16,2008-03-30,{}
08037,"01,12,22,24,28,31",06,2008-04-01,{}
08038,"03,09,10,11,15,19",13,2008-04-03,{}
08039,"01,07,10,13,22,29",01,2008-04-06,{}
08040,"06,13,22,25,27,28",09,2008-04-08,{}
08041,"08,11,20,22,23,27",04,2008-04-10,{}
08042,"03,04,09,11,12,24",01,2008-04-13,{}
08043,"03,10,16,22,27,33",14,2008-04-15,{}
08044,"05,07,09,20,26,29",09,2008-04-17,{}
08045,"01,10,13,21,29,32",04,2008-04-20,{}
08046,"15,16,18,24,28,33",15,2008-04-22,{}
08047,"09,12,13,14,20,22",10,2008-04-24,{}
08048,"11,18,21,27,30,32",01,2008-04-27,{}
08049,"03,10,12,13,19,25",04,2008-04-29,{}
08050,"01,11,19,24,26,27",03,2008-05-01,{}
08051,"01,04,08,10,13,33",11,2008-05-04,{}
08052,"02,10,17,23,29,31",10,2008-05-06,{}
08053,"06,12,19,20,21,27",04,2008-05-08,{}
08054,"02,06,16,17,20,25",07,2008-05-11,{}
08055,"11,16,19,23,26,31",04,2008-05-13,{}
08056,"08,13,22,23,25,30",07,2008-05-15,{}
08057,"19,20,21,26,28,30",08,2008-05-18,{}
08058,"01,12,21,27,29,31",11,2008-05-20,{}
08059,"02,06,15,29,31,32",16,2008-05-22,{}
08060,"06,07,08,17,30,32",03,2008-05-25,{}
08061,"01,02,05,12,26,31",06,2008-05-27,{}
08062,"06,08,13,17,24,27",15,2008-05-29,{}
08063,"05,09,11,14,16,17",15,2008-06-01,{}
08064,"01,02,07,09,12,18",12,2008-06-03,{}
08065,"05,13,15,19,30,31",05,2008-06-05,{}
08066,"07,12,21,22,29,30",08,2008-06-08,{}
08067,"10,11,15,19,26,33",13,2008-06-10,{}
08068,"05,07,17,23,27,29",07,2008-06-12,{}
08069,"05,08,17,20,26,30",10,2008-06-15,{}
08070,"05,06,12,15,18,33",13,2008-06-17,{}
08071,"01,06,21,26,27,28",09,2008-06-19,{}
08072,"01,05,10,18,22,30",09,2008-06-22,{}
08073,"01,09,13,22,28,33",08,2008-06-24,{}
08074,"01,11,15,19,20,24",09,2008-06-26,{}
08075,"01,08,14,18,22,30",03,2008-06-29,{}
08076,"02,05,07,11,13,18",11,2008-07-01,{}
08077,"04,12,22,26,30,33",09,2008-07-03,{}
08078,"06,13,16,26,30,33",01,2008-07-06,{}
08079,"03,04,05,10,20,32",09,2008-07-08,{}
08080,"04,14,22,25,29,32",14,2008-07-10,{}
08081,"02,12,13,18,25,31",04,2008-07-13,{}
08082,"04,08,10,12,21,26",09,2008-07-15,{}
08083,"07,08,09,18,29,32",09,2008-07-17,{}
08084,"04,07,13,20,29,30",16,2008-07-20,{}
08085,"01,04,12,20,24,29",15,2008-07-22,{}
08086,"04,05,10,26,27,30",12,2008-07-24,{}
08087,"01,07,26,29,30,31",06,2008-07-27,{}
08088,"01,06,08,16,17,23",05,2008-07-29,{}
08089,"03,06,11,16,22,27",11,2008-07-31,{}
08090,"02,07,14,18,19,24",01,2008-08-03,{}
08091,"03,12,14,23,31,32",10,2008-08-05,{}
08092,"01,03,18,27,28,30",05,2008-08-07,{}
08093,"04,10,12,16,26,28",07,2008-08-10,{}
08094,"01,04,15,16,23,28",14,2008-08-12,{}
08095,"03,08,14,21,28,29",03,2008-08-14,{}
08096,"06,08,12,24,27,31",14,2008-08-17,{}
08097,"03,06,08,09,16,17",13,2008-08-19,{}
08098,"06,07,10,11,15,30",01,2008-08-21,{}
08099,"10,15,16,22,23,24",07,2008-08-24,{}
08100,"08,14,17,21,27,28",14,2008-08-26,{}
08101,"09,17,21,26,28,30",04,2008-08-28,{}
08102,"03,07,12,21,25,32",05,2008-08-31,{}
08103,"01,12,16,18,22,33",04,2008-09-02,{}
08104,"03,06,08,17,24,31",01,2008-09-04,{}
08105,"05,17,19,27,28,32",02,2008-09-07,{}
08106,"14,19,25,27,29,30",15,2008-09-09,{}
08107,"06,13,18,22,27,32",04,2008-09-11,{}
08108,"09,10,15,17,23,30",12,2008-09-14,{}
08109,"04,07,09,16,21,28",10,2008-09-16,{}
08110,"10,16,22,23,29,31",02,2008-09-18,{}
08111,"17,18,21,25,31,32",06,2008-09-21,{}
08112,"05,13,14,19,22,23",06,2008-09-23,{}
08113,"06,09,10,12,17,22",09,2008-09-25,{}
08114,"04,09,20,24,25,31",14,2008-09-28,{}
08115,"02,12,13,14,17,18",06,2008-09-30,{}
08116,"03,07,21,22,24,29",14,2008-10-02,{}
08117,"03,05,07,10,14,33",07,2008-10-05,{}
08118,"04,09,16,27,31,33",01,2008-10-07,{}
08119,"05,07,09,15,24,29",07,2008-10-09,{}
08120,"10,11,22,24,26,33",02,2008-10-12,{}
08121,"02,22,23,27,31,32",06,2008-10-14,{}
08122,"02,08,11,14,19,26",15,2008-10-16,{}
08123,"10,11,15,16,25,29",02,2008-10-19,{}
08124,"01,07,10,13,21,22",03,2008-10-21,{}
08125,"10,11,12,15,26,29",09,2008-10-23,{}
08126,"04,11,12,14,20,30",13,2008-10-26,{}
08127,"05,08,19,22,27,30",13,2008-10-28,{}
08128,"01,05,19,20,27,33",05,2008-10-30,{}
08129,"01,03,18,24,25,32",15,2008-11-02,{}
08130,"01,12,18,28,30,32",06,2008-11-04,{}
08131,"02,12,15,18,22,32",08,2008-11-06,{}
08132,"09,13,16,25,27,33",08,2008-11-09,{}
08133,"08,11,16,19,24,26",11,2008-11-11,{}
08134,"10,15,19,20,28,32",02,2008-11-13,{}
08135,"05,14,15,16,19,21",15,2008-11-16,{}
08136,"05,09,10,12,18,28",02,2008-11-18,{}
08137,"01,04,24,28,29,33",09,2008-11-20,{}
08138,"07,14,19,23,25,32",04,2008-11-23,{}
08139,"08,09,19,23,25,26",07,2008-11-25,{}
08140,"07,14,16,29,30,31",14,2008-11-27,{}
08141,"03,13,20,25,29,33",15,2008-11-30,{}
08142,"05,06,10,13,17,28",15,2008-12-02,{}
08143,"12,17,18,19,26,27",06,2008-12-04,{}
08144,"02,05,10,27,29,33",15,2008-12-07,{}
08145,"07,13,18,22,26,29",02,2008-12-09,{}
08146,"07,08,17,19,31,32",10,2008-12-11,{}
08147,"07,08,14,22,26,33",02,2008-12-14,{}
08148,"03,05,09,22,26,28",09,2008-12-16,{}
08149,"10,14,22,28,29,33",02,2008-12-18,{}
08150,"04,19,22,24,29,32",02,2008-12-21,{}
08151,"06,08,10,14,17,19",06,2008-12-23,{}
08152,"01,04,06,22,26,30",08,2008-12-25,{}
08153,"01,04,18,21,24,30",16,2008-12-28,{}
08154,"02,05,07,21,22,26",08,2008-12-30,{}
09001,"04,21,23,24,30,31",04,2009-01-01,{}
09002,"10,14,17,25,29,33",14,2009-01-04,{}
09003,"02,03,06,15,25,30",02,2009-01-06,{}
09004,"03,11,13,17,28,31",03,2009-01-08,{}
09005,"01,03,08,15,17,21",13,2009-01-11,{}
09006,"06,12,18,20,26,33",02,2009-01-13,{}
09007,"01,05,12,23,25,26",15,2009-01-15,{}
09008,"04,15,16,22,32,33",02,2009-01-18,{}
09009,"08,15,21,30,31,33",02,2009-01-20,{}
09010,"03,10,17,19,20,24",02,2009-01-22,{}
09011,"02,04,13,14,18,23",15,2009-02-01,{}
09012,"05,11,14,17,18,28",01,2009-02-03,{}
09013,"04,08,09,21,26,27",09,2009-02-05,{}
09014,"03,06,09,14,15,18",02,2009-02-08,{}
09015,"02,04,06,15,17,32",05,2009-02-10,{}
09016,"02,07,13,16,20,33",03,2009-02-12,{}
09017,"06,14,15,19,25,26",08,2009-02-15,{}
09018,"02,05,06,19,27,30",15,2009-02-17,{}
09019,"06,17,19,20,26,27",04,2009-02-19,{}
09020,"03,05,07,10,19,23",13,2009-02-22,{}
09021,"01,04,05,17,24,27",09,2009-02-24,{}
09022,"05,08,09,10,11,18",08,2009-02-26,{}
09023,"01,06,07,15,24,30",08,2009-03-01,{}
09024,"01,03,17,23,30,33",12,2009-03-03,{}
09025,"10,20,22,23,26,33",11,2009-03-05,{}
09026,"11,15,17,18,20,30",16,2009-03-08,{}
09027,"02,07,11,16,27,32",06,2009-03-10,{}
09028,"03,06,12,15,23,26",10,2009-03-12,{}
09029,"12,13,15,22,23,29",13,2009-03-15,{}
09030,"08,14,24,26,28,32",07,2009-03-17,{}
09031,"01,02,03,15,30,33",01,2009-03-19,{}
09032,"09,11,12,19,27,32",06,2009-03-22,{}
09033,"07,08,13,14,29,30",06,2009-03-24,{}
09034,"09,12,18,21,22,26",07,2009-03-26,{}
09035,"06,15,21,26,29,31",05,2009-03-29,{}
09036,"06,09,18,23,32,33",07,2009-03-31,{}
09037,"02,06,15,18,20,31",03,2009-04-02,{}
09038,"12,13,15,23,28,32",05,2009-04-05,{}
09039,"05,12,14,15,21,27",03,2009-04-07,{}
09040,"04,07,10,20,26,30",12,2009-04-09,{}
09041,"01,08,23,26,28,33",08,2009-04-12,{}
09042,"08,16,22,23,27,30",11,2009-04-14,{}
09043,"04,09,10,15,18,26",07,2009-04-16,{}
09044,"11,14,16,18,26,30",01,2009-04-19,{}
09045,"03,04,06,23,30,32",01,2009-04-21,{}
09046,"16,20,21,26,29,30",09,2009-04-23,{}
09047,"06,08,11,15,21,22",16,2009-04-26,{}
09048,"03,07,11,15,17,31",01,2009-04-28,{}
09049,"09,12,14,20,30,31",06,2009-04-30,{}
09050,"13,21,24,29,30,32",04,2009-05-03,{}
09051,"06,10,13,16,21,23",07,2009-05-05,{}
09052,"09,11,15,19,21,30",08,2009-05-07,{}
09053,"07,12,18,19,22,28",04,2009-05-10,{}
09054,"16,17,23,26,31,32",11,2009-05-12,{}
09055,"03,04,18,22,24,29",11,2009-05-14,{}
09056,"04,09,10,18,29,32",08,2009-05-17,{}
09057,"05,07,10,14,17,25",11,2009-05-19,{}
09058,"05,08,10,15,23,26",09,2009-05-21,{}
09059,"03,07,13,23,27,30",11,2009-05-24,{}
09060,"07,13,17,26,32,33",04,2009-05-26,{}
09061,"10,11,13,16,19,30",03,2009-05-28,{}
09062,"10,19,20,21,23,32",10,2009-05-31,{}
09063,"02,05,11,26,30,32",16,2009-06-02,{}
09064,"01,02,14,23,28,29",15,2009-06-04,{}
09065,"08,12,20,22,30,33",02,2009-06-07,{}
09066,"02,15,19,24,31,32",04,2009-06-09,{}
09067,"04,10,16,23,28,30",05,2009-06-11,{}
09068,"06,11,18,20,25,30",05,2009-06-14,{}
09069,"03,05,12,18,21,23",02,2009-06-16,{}
09070,"01,02,09,10,21,31",10,2009-06-18,{}
09071,"04,05,23,26,31,32",06,2009-06-21,{}
09072,"01,03,12,20,21,29",04,2009-06-23,{}
09073,"09,16,17,18,22,27",14,2009-06-25,{}
09074,"05,10,16,19,23,28",13,2009-06-28,{}
09075,"01,13,15,17,20,30",05,2009-06-30,{}
09076,"09,18,19,25,28,31",06,2009-07-02,{}
09077,"01,09,14,16,28,32",16,2009-07-05,{}
09078,"05,07,12,14,15,20",13,2009-07-07,{}
09079,"02,09,16,21,30,31",13,2009-07-09,{}
09080,"01,11,13,25,32,33",06,2009-07-12,{}
09081,"04,05,06,25,29,30",03,2009-07-14,{}
09082,"11,15,18,21,27,29",02,2009-07-16,{}
09083,"02,08,12,18,24,28",04,2009-07-19,{}
09084,"04,09,11,20,32,33",13,2009-07-21,{}
09085,"04,08,12,17,20,30",03,2009-07-23,{}
09086,"11,12,13,18,23,32",11,2009-07-26,{}
09087,"06,11,13,20,28,32",06,2009-07-28,{}
09088,"04,07,11,15,16,17",02,2009-07-30,{}
09089,"02,03,07,11,19,32",04,2009-08-02,{}
09090,"07,09,14,20,23,30",14,2009-08-04,{}
09091,"03,08,11,14,25,29",04,2009-08-06,{}
09092,"02,06,07,14,18,31",08,2009-08-09,{}
09093,"01,11,20,31,32,33",01,2009-08-11,{}
09094,"03,16,22,25,26,33",14,2009-08-13,{}
09095,"08,09,14,28,31,33",15,2009-08-16,{}
09096,"01,26,27,31,32,33",03,2009-08-18,{}
09097,"07,13,24,26,28,32",14,2009-08-20,{}
09098,"03,14,15,20,23,30",02,2009-08-23,{}
09099,"08,09,18,20,25,29",09,2009-08-25,{}
09100,"02,11,17,27,30,33",11,2009-08-27,{}
09101,"01,02,05,10,19,24",14,2009-08-30,{}
09102,"03,05,07,08,14,31",10,2009-09-01,{}
09103,"06,11,17,20,23,24",09,2009-09-03,{}
09104,"20,22,26,29,30,32",16,2009-09-06,{}
09105,"02,08,10,16,27,30",15,2009-09-08,{}
09106,"01,02,15,18,20,29",04,2009-09-10,{}
09107,"07,08,20,23,28,29",05,2009-09-13,{}
09108,"04,10,17,28,32,33",02,2009-09-15,{}
09109,"05,06,07,14,25,28",01,2009-09-17,{}
09110,"04,10,13,15,19,30",14,2009-09-20,{}
09111,"02,04,07,14,15,25",15,2009-09-22,{}
09112,"06,07,18,24,30,32",09,2009-09-24,{}
09113,"04,12,20,25,28,29",16,2009-09-27,{}
09114,"03,05,11,12,31,32",11,2009-09-29,{}
09115,"02,09,13,15,19,24",03,2009-10-01,{}
09116,"05,17,21,25,27,32",14,2009-10-04,{}
09117,"05,09,15,21,26,31",13,2009-10-06,{}
09118,"12,16,25,26,27,31",05,2009-10-08,{}
09119,"06,07,10,12,15,21",05,2009-10-11,{}
09120,"01,02,08,12,16,30",16,2009-10-13,{}
09121,"02,04,06,10,25,30",09,2009-10-15,{}
09122,"07,14,16,27,29,32",01,2009-10-18,{}
09123,"09,13,20,22,25,28",14,2009-10-20,{}
09124,"03,04,22,23,28,30",10,2009-10-22,{}
09125,"06,07,08,22,26,27",12,2009-10-25,{}
09126,"03,05,06,10,19,23",15,2009-10-27,{}
09127,"02,11,12,14,15,16",04,2009-10-29,{}
09128,"05,08,15,16,26,32",01,2009-11-01,{}
09129,"06,07,16,17,24,25",07,2009-11-03,{}
09130,"02,03,07,12,13,30",11,2009-11-05,{}
09131,"16,23,25,26,32,33",05,2009-11-08,{}
09132,"04,14,15,21,23,30",07,2009-11-10,{}
09133,"05,09,13,18,20,32",01,2009-11-12,{}
09134,"03,05,12,15,28,33",06,2009-11-15,{}
09135,"01,03,14,19,30,33",16,2009-11-17,{}
09136,"01,04,14,22,30,33",01,2009-11-19,{}
09137,"08,12,14,15,17,21",01,2009-11-22,{}
09138,"04,07,14,26,32,33",14,2009-11-24,{}
09139,"01,05,15,17,27,29",02,2009-11-26,{}
09140,"04,05,11,18,22,33",12,2009-11-29,{}
09141,"02,13,21,28,29,31",09,2009-12-01,{}
09142,"07,11,15,19,20,24",13,2009-12-03,{}
09143,"05,09,11,17,23,28",10,2009-12-06,{}
09144,"01,05,10,17,18,29",12,2009-12-08,{}
09145,"03,05,11,15,26,33",11,2009-12-10,{}
09146,"03,09,16,20,22,33",15,2009-12-13,{}
09147,"06,08,10,18,22,32",16,2009-12-15,{}
09148,"06,12,15,22,29,32",10,2009-12-17,{}
09149,"01,03,16,18,22,29",04,2009-12-20,{}
09150,"04,06,07,16,19,20",04,2009-12-22,{}
09151,"06,08,10,16,25,30",14,2009-12-24,{}
09152,"03,04,19,21,27,28",05,2009-12-27,{}
09153,"06,07,08,20,21,25",10,2009-12-29,{}
09154,"01,07,12,14,18,25",16,2009-12-31,{}
10001,"07,17,18,27,29,32",13,2010-01-03,{}
10002,"03,06,07,23,30,33",13,2010-01-05,{}
10003,"14,22,26,27,28,31",04,2010-01-07,{}
10004,"01,12,13,16,23,28",07,2010-01-10,{}
10005,"03,05,06,08,17,18",14,2010-01-12,{}
10006,"03,05,07,13,14,18",05,2010-01-14,{}
10007,"14,22,27,28,30,33",14,2010-01-17,{}
10008,"05,07,13,15,18,30",14,2010-01-19,{}
10009,"01,09,13,21,24,32",06,2010-01-21,{}
10010,"07,08,12,15,22,26",08,2010-01-24,{}
10011,"07,08,14,22,24,30",07,2010-01-26,{}
10012,"02,08,13,14,25,33",10,2010-01-28,{}
10013,"01,02,03,16,18,23",12,2010-01-31,{}
10014,"01,03,07,14,26,28",02,2010-02-02,{}
10015,"01,04,16,21,23,28",06,2010-02-04,{}
10016,"02,08,10,12,30,33",16,2010-02-07,{}
10017,"01,03,06,11,12,23",11,2010-02-09,{}
10018,"11,28,29,30,32,33",02,2010-02-11,{}
10019,"02,10,22,24,26,27",06,2010-02-21,{}
10020,"05,06,14,22,24,26",09,2010-02-23,{}
10021,"02,09,16,17,19,25",04,2010-02-25,{}
10022,"01,02,18,29,31,32",02,2010-02-28,{}
10023,"02,09,11,22,24,27",11,2010-03-02,{}
10024,"07,16,26,27,29,31",14,2010-03-04,{}
10025,"04,05,07,10,13,25",11,2010-03-07,{}
10026,"02,04,05,08,19,22",12,2010-03-09,{}
10027,"03,04,15,25,26,30",13,2010-03-11,{}
10028,"01,03,06,12,16,32",12,2010-03-14,{}
10029,"01,05,14,16,17,22",03,2010-03-16,{}
10030,"03,06,10,16,25,31",05,2010-03-18,{}
10031,"05,07,13,24,25,28",04,2010-03-21,{}
10032,"08,18,21,28,29,33",08,2010-03-23,{}
10033,"08,10,11,12,25,29",09,2010-03-25,{}
10034,"06,11,13,22,25,32",12,2010-03-28,{}
10035,"09,10,11,18,19,21",10,2010-03-30,{}
10036,"06,13,14,28,29,30",08,2010-04-01,{}
10037,"03,16,19,21,24,26",06,2010-04-04,{}
10038,"01,06,07,11,13,16",01,2010-04-06,{}
10039,"08,17,21,23,25,32",12,2010-04-08,{}
10040,"12,19,24,25,30,32",11,2010-04-11,{}
10041,"03,05,13,19,25,29",12,2010-04-13,{}
10042,"03,06,11,20,31,32",10,2010-04-15,{}
10043,"04,10,19,22,28,33",04,2010-04-18,{}
10044,"03,09,21,23,27,31",05,2010-04-20,{}
10045,"02,03,04,13,20,29",01,2010-04-22,{}
10046,"11,12,21,23,27,32",05,2010-04-25,{}
10047,"03,10,13,20,21,32",15,2010-04-27,{}
10048,"01,06,08,10,23,33",02,2010-04-29,{}
10049,"01,06,10,26,27,28",02,2010-05-02,{}
10050,"07,21,22,26,28,30",11,2010-05-04,{}
10051,"04,17,23,27,28,32",03,2010-05-06,{}
10052,"01,02,19,23,27,29",10,2010-05-09,{}
10053,"03,22,24,27,28,30",14,2010-05-11,{}
10054,"01,06,08,12,14,25",06,2010-05-13,{}
10055,"02,03,13,19,20,23",08,2010-05-16,{}
10056,"01,02,03,08,13,32",07,2010-05-18,{}
10057,"05,11,12,19,25,32",05,2010-05-20,{}
10058,"01,04,11,17,19,29",12,2010-05-23,{}
10059,"01,09,11,12,18,30",10,2010-05-25,{}
10060,"01,08,15,18,22,27",09,2010-05-27,{}
10061,"02,04,16,19,22,26",12,2010-05-30,{}
10062,"11,13,15,20,31,33",03,2010-06-01,{}
10063,"02,06,10,17,23,24",03,2010-06-03,{}
10064,"08,14,25,26,30,31",11,2010-06-06,{}
10065,"02,07,08,17,30,32",12,2010-06-08,{}
10066,"01,03,21,22,31,32",07,2010-06-10,{}
10067,"01,07,10,14,21,25",01,2010-06-13,{}
10068,"03,13,18,20,23,28",13,2010-06-15,{}
10069,"12,14,20,22,24,32",11,2010-06-17,{}
10070,"08,13,23,27,31,33",07,2010-06-20,{}
10071,"05,13,14,17,20,26",01,2010-06-22,{}
10072,"06,08,22,23,30,31",01,2010-06-24,{}
10073,"01,16,20,23,27,31",02,2010-06-27,{}
10074,"02,10,17,18,19,29",15,2010-06-29,{}
10075,"05,09,12,13,15,22",14,2010-07-01,{}
10076,"01,12,14,29,31,32",15,2010-07-04,{}
10077,"02,08,14,20,21,24",09,2010-07-06,{}
10078,"01,03,09,11,17,23",12,2010-07-08,{}
10079,"08,11,12,14,18,22",02,2010-07-11,{}
10080,"08,10,13,14,16,23",16,2010-07-13,{}
10081,"02,03,09,24,26,27",05,2010-07-15,{}
10082,"01,08,13,14,27,31",02,2010-07-18,{}
10083,"02,20,21,22,23,31",12,2010-07-20,{}
10084,"02,10,14,18,20,30",03,2010-07-22,{}
10085,"01,08,12,13,24,27",08,2010-07-25,{}
10086,"05,21,28,29,30,31",08,2010-07-27,{}
10087,"01,08,16,17,25,30",10,2010-07-29,{}
10088,"05,06,15,23,27,30",12,2010-08-01,{}
10089,"07,08,09,16,23,26",01,2010-08-03,{}
10090,"01,06,10,15,25,31",14,2010-08-05,{}
10091,"06,13,16,20,22,24",16,2010-08-08,{}
10092,"03,13,19,27,28,30",02,2010-08-10,{}
10093,"09,10,19,28,32,33",06,2010-08-12,{}
10094,"03,05,07,27,31,32",10,2010-08-15,{}
10095,"09,11,16,17,25,27",14,2010-08-17,{}
10096,"07,12,21,23,24,28",03,2010-08-19,{}
10097,"10,16,18,21,24,26",01,2010-08-22,{}
10098,"01,03,08,16,29,33",07,2010-08-24,{}
10099,"03,04,17,24,27,30",06,2010-08-26,{}
10100,"01,06,12,22,23,26",08,2010-08-29,{}
10101,"04,09,18,21,25,26",06,2010-08-31,{}
10102,"04,11,16,20,22,29",10,2010-09-02,{}
10103,"06,09,14,17,20,33",09,2010-09-05,{}
10104,"07,17,23,24,27,32",02,2010-09-07,{}
10105,"01,08,09,19,21,31",11,2010-09-09,{}
10106,"02,06,08,15,26,29",16,2010-09-12,{}
10107,"08,12,15,17,22,33",16,2010-09-14,{}
10108,"02,04,08,20,23,24",07,2010-09-16,{}
10109,"04,15,18,25,29,32",15,2010-09-19,{}
10110,"01,03,12,24,26,27",01,2010-09-21,{}
10111,"04,07,08,13,17,18",10,2010-09-23,{}
10112,"01,08,18,24,29,30",16,2010-09-26,{}
10113,"05,10,15,18,20,28",10,2010-09-28,{}
10114,"01,08,11,15,17,25",01,2010-09-30,{}
10115,"01,22,24,25,29,33",15,2010-10-03,{}
10116,"05,09,10,20,22,26",07,2010-10-05,{}
10117,"01,08,20,22,24,28",01,2010-10-07,{}
10118,"05,08,11,13,15,25",05,2010-10-10,{}
10119,"07,17,25,27,30,31",09,2010-10-12,{}
10120,"01,02,05,06,10,29",16,2010-10-14,{}
10121,"08,11,13,18,25,30",15,2010-10-17,{}
10122,"02,09,12,16,25,27",06,2010-10-19,{}
10123,"06,12,15,18,29,32",10,2010-10-21,{}
10124,"02,06,08,11,12,25",02,2010-10-24,{}
10125,"06,07,13,23,28,29",09,2010-10-26,{}
10126,"03,13,18,20,27,28",05,2010-10-28,{}
10127,"01,04,08,17,25,33",01,2010-10-31,{}
10128,"04,11,19,20,24,28",12,2010-11-02,{}
10129,"04,08,14,25,28,32",16,2010-11-04,{}
10130,"01,02,07,15,21,31",16,2010-11-07,{}
10131,"05,06,15,16,19,26",06,2010-11-09,{}
10132,"02,10,12,18,24,33",15,2010-11-11,{}
10133,"03,09,17,21,26,32",01,2010-11-14,{}
10134,"09,15,16,22,27,28",06,2010-11-16,{}
10135,"04,10,13,25,26,30",10,2010-11-18,{}
10136,"04,10,23,24,26,33",10,2010-11-21,{}
10137,"07,09,10,13,19,33",06,2010-11-23,{}
10138,"01,21,23,24,26,30",05,2010-11-25,{}
10139,"11,13,18,20,26,31",09,2010-11-28,{}
10140,"01,12,13,18,26,29",15,2010-11-30,{}
10141,"02,03,07,18,23,27",06,2010-12-02,{}
10142,"02,16,18,23,26,27",10,2010-12-05,{}
10143,"09,16,18,26,30,31",14,2010-12-07,{}
10144,"02,03,08,15,19,21",11,2010-12-09,{}
10145,"03,21,24,27,28,31",08,2010-12-12,{}
10146,"01,17,18,22,25,32",01,2010-12-14,{}
10147,"02,08,15,18,24,30",03,2010-12-16,{}
10148,"01,03,07,18,23,27",12,2010-12-19,{}
10149,"02,07,08,16,25,30",09,2010-12-21,{}
10150,"02,17,18,23,29,30",06,2010-12-23,{}
10151,"02,13,14,17,19,26",14,2010-12-26,{}
10152,"04,09,17,21,25,31",01,2010-12-28,{}
10153,"03,06,12,19,30,31",13,2010-12-30,{}
11001,"03,09,20,24,26,32",10,2011-01-02,{}
11002,"06,08,12,17,28,33",05,2011-01-04,{}
11003,"13,14,21,22,23,27",04,2011-01-06,{}
11004,"04,06,08,10,13,26",05,2011-01-09,{}
11005,"06,09,12,14,20,22",13,2011-01-11,{}
11006,"01,03,05,13,16,18",05,2011-01-13,{}
11007,"01,09,17,24,26,31",05,2011-01-16,{}
11008,"10,12,13,17,24,31",15,2011-01-18,{}
11009,"17,18,23,24,25,26",04,2011-01-20,{}
11010,"01,04,05,09,15,19",13,2011-01-23,{}
11011,"01,12,18,19,21,24",10,2011-01-25,{}
11012,"07,08,11,13,15,26",13,2011-01-27,{}
11013,"01,03,13,16,21,22",08,2011-01-30,{}
11014,"05,07,10,11,23,26",16,2011-02-01,{}
11015,"03,06,13,26,27,29",07,2011-02-10,{}
11016,"03,04,16,17,22,29",13,2011-02-13,{}
11017,"02,06,15,23,26,33",08,2011-02-15,{}
11018,"13,15,18,28,30,33",01,2011-02-17,{}
11019,"02,04,12,19,32,33",16,2011-02-20,{}
11020,"12,16,17,19,24,30",05,2011-02-22,{}
11021,"01,02,14,18,25,31",08,2011-02-24,{}
11022,"02,07,14,16,17,21",05,2011-02-27,{}
11023,"02,03,06,21,22,25",05,2011-03-01,{}
11024,"05,07,10,19,26,31",14,2011-03-03,{}
11025,"08,25,26,31,32,33",09,2011-03-06,{}
11026,"07,08,17,19,21,26",12,2011-03-08,{}
11027,"13,18,21,22,25,26",01,2011-03-10,{}
11028,"01,04,05,14,16,17",01,2011-03-13,{}
11029,"01,04,09,10,20,31",07,2011-03-15,{}
11030,"02,09,19,24,25,33",10,2011-03-17,{}
11031,"16,17,24,28,29,32",12,2011-03-20,{}
11032,"03,05,07,13,14,15",15,2011-03-22,{}
11033,"02,08,12,13,19,29",04,2011-03-24,{}
11034,"13,14,17,19,24,31",08,2011-03-27,{}
11035,"13,14,18,20,27,31",02,2011-03-29,{}
11036,"02,11,20,22,24,31",05,2011-03-31,{}
11037,"01,03,04,06,17,25",11,2011-04-03,{}
11038,"02,14,15,19,23,24",12,2011-04-05,{}
11039,"03,07,10,16,24,29",13,2011-04-07,{}
11040,"05,11,14,24,26,28",13,2011-04-10,{}
11041,"04,10,12,13,30,32",13,2011-04-12,{}
11042,"05,13,15,17,19,21",15,2011-04-14,{}
11043,"04,13,14,17,25,31",04,2011-04-17,{}
11044,"03,14,16,26,27,31",09,2011-04-19,{}
11045,"02,16,17,20,26,32",08,2011-04-21,{}
11046,"09,17,18,26,29,30",08,2011-04-24,{}
11047,"04,13,23,25,27,33",14,2011-04-26,{}
11048,"10,14,18,25,26,27",15,2011-04-28,{}
11049,"01,11,17,18,27,31",14,2011-05-01,{}
11050,"04,05,19,22,28,29",15,2011-05-03,{}
11051,"01,07,11,14,15,16",14,2011-05-05,{}
11052,"04,05,08,19,27,28",08,2011-05-08,{}
11053,"03,06,10,12,22,30",15,2011-05-10,{}
11054,"08,11,16,17,22,33",08,2011-05-12,{}
11055,"08,13,16,17,29,32",16,2011-05-15,{}
11056,"13,16,19,20,23,25",10,2011-05-17,{}
11057,"04,06,20,21,26,33",02,2011-05-19,{}
11058,"07,18,22,30,32,33",06,2011-05-22,{}
11059,"24,26,27,29,31,33",16,2011-05-24,{}
11060,"10,11,13,21,27,31",01,2011-05-26,{}
11061,"02,03,08,13,19,21",03,2011-05-29,{}
11062,"04,08,09,10,29,30",03,2011-05-31,{}
11063,"04,06,13,15,18,19",05,2011-06-02,{}
11064,"03,06,07,29,30,33",02,2011-06-05,{}
11065,"04,16,23,25,27,29",03,2011-06-07,{}
11066,"04,06,14,17,30,32",12,2011-06-09,{}
11067,"17,19,20,24,25,27",12,2011-06-12,{}
11068,"03,07,10,15,19,24",10,2011-06-14,{}
11069,"02,13,16,18,24,30",12,2011-06-16,{}
11070,"01,03,05,12,21,28",12,2011-06-19,{}
11071,"01,02,15,22,28,30",02,2011-06-21,{}
11072,"01,06,10,11,18,27",12,2011-06-23,{}
11073,"03,04,05,12,17,21",14,2011-06-26,{}
11074,"02,21,26,28,29,32",01,2011-06-28,{}
11075,"07,09,10,12,31,32",13,2011-06-30,{}
11076,"06,19,21,26,32,33",13,2011-07-03,{}
11077,"01,07,08,15,26,29",10,2011-07-05,{}
11078,"03,05,13,20,22,29",09,2011-07-07,{}
11079,"03,14,15,16,24,29",05,2011-07-10,{}
11080,"02,07,09,25,31,32",09,2011-07-12,{}
11081,"06,14,19,23,25,32",12,2011-07-14,{}
11082,"07,16,17,20,25,26",04,2011-07-17,{}
11083,"07,16,18,24,28,29",06,2011-07-19,{}
11084,"09,10,12,16,18,32",15,2011-07-21,{}
11085,"03,06,11,21,24,31",10,2011-07-24,{}
11086,"06,07,09,12,17,24",09,2011-07-26,{}
11087,"02,03,04,05,18,28",01,2011-07-28,{}
11088,"03,09,17,20,21,29",04,2011-07-31,{}
11089,"01,02,11,24,29,30",12,2011-08-02,{}
11090,"02,05,14,18,21,25",16,2011-08-04,{}
11091,"09,15,21,23,28,30",03,2011-08-07,{}
11092,"05,10,17,26,31,32",04,2011-08-09,{}
11093,"04,07,11,13,23,30",09,2011-08-11,{}
11094,"09,11,12,17,18,19",05,2011-08-14,{}
11095,"03,07,08,10,23,24",05,2011-08-16,{}
11096,"01,04,07,13,14,19",15,2011-08-18,{}
11097,"09,17,19,20,21,26",16,2011-08-21,{}
11098,"03,07,20,21,22,32",05,2011-08-23,{}
11099,"10,12,13,21,26,27",14,2011-08-25,{}
11100,"07,11,21,23,31,32",05,2011-08-28,{}
11101,"06,10,19,23,29,31",06,2011-08-30,{}
11102,"01,05,13,21,27,31",11,2011-09-01,{}
11103,"04,05,10,13,15,16",12,2011-09-04,{}
11104,"09,10,16,20,25,29",09,2011-09-06,{}
11105,"04,06,23,25,27,28",01,2011-09-08,{}
11106,"02,11,12,14,24,32",14,2011-09-11,{}
11107,"04,09,16,17,22,29",15,2011-09-13,{}
11108,"02,17,22,26,29,33",10,2011-09-15,{}
11109,"01,03,09,15,16,33",15,2011-09-18,{}
11110,"12,14,21,26,28,33",12,2011-09-20,{}
11111,"01,03,05,20,25,27",04,2011-09-22,{}
11112,"03,05,16,18,23,24",15,2011-09-25,{}
11113,"06,10,11,25,32,33",05,2011-09-27,{}
11114,"01,14,15,16,30,32",09,2011-09-29,{}
11115,"07,08,09,12,17,33",16,2011-10-02,{}
11116,"01,07,11,12,17,27",05,2011-10-04,{}
11117,"08,10,19,26,28,30",04,2011-10-06,{}
11118,"05,06,11,14,20,21",10,2011-10-09,{}
11119,"09,12,14,19,28,32",01,2011-10-11,{}
11120,"04,14,17,28,30,33",07,2011-10-13,{}
11121,"04,14,22,25,32,33",02,2011-10-16,{}
11122,"10,12,18,26,27,31",03,2011-10-18,{}
11123,"01,04,05,14,19,28",16,2011-10-20,{}
11124,"09,18,19,26,31,32",16,2011-10-23,{}
11125,"03,10,15,24,27,32",08,2011-10-25,{}
11126,"03,07,13,18,23,26",16,2011-10-27,{}
11127,"16,19,22,23,27,29",11,2011-10-30,{}
11128,"09,11,14,17,19,23",12,2011-11-01,{}
11129,"07,10,11,21,23,26",06,2011-11-03,{}
11130,"07,14,18,23,25,32",15,2011-11-06,{}
11131,"02,07,09,17,21,25",01,2011-11-08,{}
11132,"02,05,12,13,25,33",07,2011-11-10,{}
11133,"12,14,20,21,25,31",16,2011-11-13,{}
11134,"01,02,06,07,30,31",10,2011-11-15,{}
11135,"12,13,17,20,25,26",12,2011-11-17,{}
11136,"02,04,06,20,22,31",07,2011-11-20,{}
11137,"02,11,18,23,30,33",13,2011-11-22,{}
11138,"01,05,15,24,28,32",07,2011-11-24,{}
11139,"08,20,24,27,30,31",03,2011-11-27,{}
11140,"04,18,20,22,27,29",06,2011-11-29,{}
11141,"02,04,06,19,24,29",11,2011-12-01,{}
11142,"12,15,16,26,29,31",02,2011-12-04,{}
11143,"07,08,12,14,15,30",16,2011-12-06,{}
11144,"01,02,09,10,16,24",03,2011-12-08,{}
11145,"02,04,14,15,26,30",04,2011-12-11,{}
11146,"11,23,26,28,32,33",10,2011-12-13,{}
11147,"04,08,12,17,18,30",10,2011-12-15,{}
11148,"05,14,22,23,25,26",14,2011-12-18,{}
11149,"04,05,06,07,23,31",16,2011-12-20,{}
11150,"08,10,12,15,22,27",13,2011-12-22,{}
11151,"07,11,16,19,31,33",10,2011-12-25,{}
11152,"04,10,11,12,21,26",13,2011-12-27,{}
11153,"05,08,09,10,20,25",13,2011-12-29,{}
12001,"01,04,05,09,15,17",06,2012-01-01,{}
12002,"02,03,07,09,10,32",13,2012-01-03,{}
12003,"03,06,08,24,29,31",09,2012-01-05,{}
12004,"01,05,10,11,21,23",16,2012-01-08,{}
12005,"07,09,18,27,31,33",06,2012-01-10,{}
12006,"02,22,25,29,32,33",08,2012-01-12,{}
12007,"10,17,19,27,28,32",04,2012-01-15,{}
12008,"01,12,20,23,24,29",08,2012-01-17,{}
12009,"04,16,24,26,27,33",11,2012-01-19,{}
12010,"01,03,13,19,25,26",10,2012-01-29,{}
12011,"04,14,15,16,20,26",05,2012-01-31,{}
12012,"15,17,18,20,23,27",01,2012-02-02,{}
12013,"06,08,24,29,30,32",13,2012-02-05,{}
12014,"01,02,05,16,28,30",12,2012-02-07,{}
12015,"01,03,06,10,21,23",15,2012-02-09,{}
12016,"02,05,12,17,22,25",08,2012-02-12,{}
12017,"06,09,14,19,25,28",10,2012-02-14,{}
12018,"03,05,06,22,26,32",15,2012-02-16,{}
12019,"07,14,18,20,22,30",16,2012-02-19,{}
12020,"03,08,12,18,23,29",11,2012-02-21,{}
12021,"01,15,16,18,22,30",03,2012-02-23,{}
12022,"04,08,12,24,26,27",04,2012-02-26,{}
12023,"05,09,15,23,24,33",02,2012-02-28,{}
12024,"04,12,19,21,25,28",13,2012-03-01,{}
12025,"03,08,09,17,25,27",06,2012-03-04,{}
12026,"03,07,09,15,24,25",16,2012-03-06,{}
12027,"04,16,22,25,30,31",12,2012-03-08,{}
12028,"10,15,20,21,28,30",11,2012-03-11,{}
12029,"04,07,15,25,26,28",03,2012-03-13,{}
12030,"09,10,17,18,21,31",08,2012-03-15,{}
12031,"04,16,22,24,27,31",03,2012-03-18,{}
12032,"01,02,10,17,22,24",04,2012-03-20,{}
12033,"02,03,15,16,17,27",04,2012-03-22,{}
12034,"02,03,08,23,32,33",16,2012-03-25,{}
12035,"09,11,12,21,24,26",05,2012-03-27,{}
12036,"02,11,13,18,19,26",09,2012-03-29,{}
12037,"05,14,19,24,28,33",09,2012-04-01,{}
12038,"09,10,11,15,19,33",16,2012-04-03,{}
12039,"01,02,05,13,22,29",08,2012-04-05,{}
12040,"03,08,09,22,25,31",10,2012-04-08,{}
12041,"08,11,15,20,24,32",02,2012-04-10,{}
12042,"05,06,11,19,24,28",16,2012-04-12,{}
12043,"02,09,11,21,26,33",03,2012-04-15,{}
12044,"06,09,10,14,22,25",03,2012-04-17,{}
12045,"08,11,20,21,27,30",09,2012-04-19,{}
12046,"04,12,19,20,23,33",06,2012-04-22,{}
12047,"06,07,11,16,32,33",11,2012-04-24,{}
12048,"01,05,14,22,24,30",10,2012-04-26,{}
12049,"04,12,13,19,20,32",02,2012-04-29,{}
12050,"07,13,15,17,19,24",11,2012-05-01,{}
12051,"02,12,14,17,30,31",09,2012-05-03,{}
12052,"02,03,05,06,20,24",04,2012-05-06,{}
12053,"04,15,22,25,27,33",04,2012-05-08,{}
12054,"06,14,18,20,30,33",14,2012-05-10,{}
12055,"04,06,13,20,24,28",01,2012-05-13,{}
12056,"04,07,14,17,26,31",10,2012-05-15,{}
12057,"03,05,19,21,27,31",04,2012-05-17,{}
12058,"03,06,15,20,25,26",04,2012-05-20,{}
12059,"04,13,21,22,26,31",01,2012-05-22,{}
12060,"07,10,13,16,17,29",01,2012-05-24,{}
12061,"03,08,11,12,14,18",14,2012-05-27,{}
12062,"02,13,16,17,20,31",07,2012-05-29,{}
12063,"02,10,17,19,24,27",12,2012-05-31,{}
12064,"05,10,11,16,23,24",11,2012-06-03,{}
12065,"08,10,18,19,27,31",14,2012-06-05,{}
12066,"01,02,09,26,29,33",12,2012-06-07,{}
12067,"04,05,10,21,26,30",16,2012-06-10,{}
12068,"05,17,22,26,32,33",10,2012-06-12,{}
12069,"08,10,11,18,20,29",06,2012-06-14,{}
12070,"02,03,04,24,31,32",11,2012-06-17,{}
12071,"03,04,19,21,22,23",08,2012-06-19,{}
12072,"02,03,07,09,13,30",06,2012-06-21,{}
12073,"04,07,09,10,17,27",05,2012-06-24,{}
12074,"15,16,18,19,28,32",08,2012-06-26,{}
12075,"04,06,22,23,29,32",11,2012-06-28,{}
12076,"11,18,22,27,29,30",15,2012-07-01,{}
12077,"02,04,13,18,26,28",12,2012-07-03,{}
12078,"08,15,22,24,28,33",12,2012-07-05,{}
12079,"06,07,12,24,30,33",12,2012-07-08,{}
12080,"04,09,14,15,16,27",03,2012-07-10,{}
12081,"02,05,10,24,25,29",06,2012-07-12,{}
12082,"02,04,11,18,22,29",06,2012-07-15,{}
12083,"04,09,14,15,26,33",04,2012-07-17,{}
12084,"02,10,20,26,28,29",14,2012-07-19,{}
12085,"05,17,24,30,31,33",05,2012-07-22,{}
12086,"08,09,13,15,22,23",08,2012-07-24,{}
12087,"03,10,11,13,14,22",09,2012-07-26,{}
12088,"03,05,23,24,27,31",15,2012-07-29,{}
12089,"03,07,10,13,14,25",11,2012-07-31,{}
12090,"02,13,20,25,29,30",11,2012-08-02,{}
12091,"01,05,07,08,19,21",16,2012-08-05,{}
12092,"06,13,17,18,28,32",03,2012-08-07,{}
12093,"03,05,19,21,24,33",13,2012-08-09,{}
12094,"06,09,14,16,23,33",15,2012-08-12,{}
12095,"17,24,27,28,29,30",02,2012-08-14,{}
12096,"04,07,11,16,29,33",07,2012-08-16,{}
12097,"05,08,13,14,19,22",06,2012-08-19,{}
12098,"02,12,19,26,29,31",09,2012-08-21,{}
12099,"08,12,15,16,21,27",16,2012-08-23,{}
12100,"05,07,15,18,25,33",10,2012-08-26,{}
12101,"09,12,17,18,20,33",02,2012-08-28,{}
12102,"13,25,27,28,29,30",15,2012-08-30,{}
12103,"04,09,11,14,32,33",02,2012-09-02,{}
12104,"04,05,09,10,19,28",03,2012-09-04,{}
12105,"06,13,14,15,17,30",04,2012-09-06,{}
12106,"13,14,20,22,23,32",16,2012-09-09,{}
12107,"11,12,15,24,25,31",09,2012-09-11,{}
12108,"01,09,12,13,19,28",13,2012-09-13,{}
12109,"02,12,24,26,29,31",03,2012-09-16,{}
12110,"03,07,10,13,22,32",09,2012-09-18,{}
12111,"02,09,10,20,22,31",13,2012-09-20,{}
12112,"08,15,20,21,27,31",06,2012-09-23,{}
12113,"03,06,09,13,18,32",06,2012-09-25,{}
12114,"01,06,11,26,27,29",15,2012-09-27,{}
12115,"03,08,20,24,26,32",14,2012-09-30,{}
12116,"03,21,26,29,31,32",03,2012-10-02,{}
12117,"13,15,18,20,24,28",09,2012-10-04,{}
12118,"05,06,07,12,15,28",11,2012-10-07,{}
12119,"12,20,25,26,27,28",13,2012-10-09,{}
12120,"01,04,20,24,28,29",16,2012-10-11,{}
12121,"01,07,08,20,23,24",11,2012-10-14,{}
12122,"12,13,19,22,28,29",11,2012-10-16,{}
12123,"08,10,16,25,28,33",09,2012-10-18,{}
12124,"06,07,21,25,27,33",11,2012-10-21,{}
12125,"08,12,13,26,29,33",01,2012-10-23,{}
12126,"03,05,12,15,23,24",07,2012-10-25,{}
12127,"01,09,11,21,26,32",08,2012-10-28,{}
12128,"05,09,12,29,30,31",05,2012-10-30,{}
12129,"01,07,09,17,21,29",01,2012-11-01,{}
12130,"01,03,15,20,22,31",03,2012-11-04,{}
12131,"06,18,19,26,28,32",12,2012-11-06,{}
12132,"07,12,16,17,21,25",10,2012-11-08,{}
12133,"01,08,11,20,21,29",02,2012-11-11,{}
12134,"02,05,06,07,13,23",15,2012-11-13,{}
12135,"02,05,07,08,11,17",16,2012-11-15,{}
12136,"02,07,08,17,21,28",11,2012-11-18,{}
12137,"01,02,04,06,13,17",07,2012-11-20,{}
12138,"01,07,16,17,19,21",14,2012-11-22,{}
12139,"08,19,21,24,28,31",15,2012-11-25,{}
12140,"14,18,27,30,31,33",15,2012-11-27,{}
12141,"03,05,08,19,20,27",09,2012-11-29,{}
12142,"05,18,22,28,29,31",06,2012-12-02,{}
12143,"07,08,18,25,30,32",06,2012-12-04,{}
12144,"03,10,12,13,27,30",04,2012-12-06,{}
12145,"05,20,26,27,28,33",03,2012-12-09,{}
12146,"01,05,07,13,29,32",13,2012-12-11,{}
12147,"02,12,15,23,24,32",09,2012-12-13,{}
12148,"03,06,11,17,21,31",07,2012-12-16,{}
12149,"01,05,13,25,26,32",13,2012-12-18,{}
12150,"09,11,17,23,24,26",07,2012-12-20,{}
12151,"05,14,24,25,26,32",01,2012-12-23,{}
12152,"10,12,18,22,28,29",07,2012-12-25,{}
12153,"04,05,11,21,27,28",10,2012-12-27,{}
12154,"05,07,12,16,28,32",04,2012-12-30,{}
13001,"06,08,14,15,24,25",06,2013-01-01,{}
13002,"01,16,18,22,28,30",12,2013-01-03,{}
13003,"22,23,26,27,28,33",09,2013-01-06,{}
13004,"06,10,16,20,27,32",08,2013-01-08,{}
13005,"01,13,14,25,31,32",12,2013-01-10,{}
13006,"09,10,13,17,22,30",13,2013-01-13,{}
13007,"02,09,15,22,26,32",01,2013-01-15,{}
13008,"03,08,17,21,25,32",15,2013-01-17,{}
13009,"01,04,09,13,16,23",02,2013-01-20,{}
13010,"01,09,11,17,32,33",12,2013-01-22,{}
13011,"03,12,17,24,27,29",09,2013-01-24,{}
13012,"06,14,17,22,28,29",02,2013-01-27,{}
13013,"05,06,13,19,22,28",09,2013-01-29,{}
13014,"02,04,05,17,19,20",08,2013-01-31,{}
13015,"05,06,07,11,13,18",15,2013-02-03,{}
13016,"02,05,06,12,14,28",05,2013-02-05,{}
13017,"04,06,12,30,31,32",09,2013-02-07,{}
13018,"02,08,13,28,29,30",05,2013-02-17,{}
13019,"01,02,05,16,20,26",06,2013-02-19,{}
13020,"01,07,08,12,16,21",01,2013-02-21,{}
13021,"01,06,17,19,26,31",11,2013-02-24,{}
13022,"02,04,07,09,15,20",07,2013-02-26,{}
13023,"03,06,15,18,30,32",05,2013-02-28,{}
13024,"04,05,13,23,27,30",09,2013-03-03,{}
13025,"16,17,18,24,25,30",08,2013-03-05,{}
13026,"04,11,14,15,22,31",11,2013-03-07,{}
13027,"01,02,04,12,21,24",12,2013-03-10,{}
13028,"07,08,14,25,26,28",13,2013-03-12,{}
13029,"06,07,10,19,23,29",12,2013-03-14,{}
13030,"07,14,18,25,26,29",06,2013-03-17,{}
13031,"03,13,14,15,21,33",03,2013-03-19,{}
13032,"04,21,25,29,30,33",03,2013-03-21,{}
13033,"05,06,13,17,19,28",01,2013-03-24,{}
13034,"06,15,20,22,26,33",09,2013-03-26,{}
13035,"01,14,15,17,26,30",02,2013-03-28,{}
13036,"04,05,09,27,29,31",13,2013-03-31,{}
13037,"02,15,18,27,28,32",14,2013-04-02,{}
13038,"09,10,12,14,15,19",11,2013-04-04,{}
13039,"01,02,14,15,24,29",06,2013-04-07,{}
13040,"02,04,10,12,17,30",10,2013-04-09,{}
13041,"02,10,12,17,23,24",05,2013-04-11,{}
13042,"01,08,12,13,15,33",03,2013-04-14,{}
13043,"03,06,14,15,17,25",16,2013-04-16,{}
13044,"03,05,11,18,26,28",06,2013-04-18,{}
13045,"06,07,08,14,23,31",12,2013-04-21,{}
13046,"03,16,19,20,24,26",06,2013-04-23,{}
13047,"01,08,11,17,27,30",12,2013-04-25,{}
13048,"10,13,17,28,30,32",04,2013-04-28,{}
13049,"10,13,14,16,21,32",14,2013-04-30,{}
13050,"03,07,13,18,22,25",03,2013-05-02,{}
13051,"08,12,15,19,28,29",02,2013-05-05,{}
13052,"06,07,14,21,22,24",13,2013-05-07,{}
13053,"03,12,13,22,30,33",14,2013-05-09,{}
13054,"03,04,08,14,21,28",14,2013-05-12,{}
13055,"08,18,19,22,27,32",06,2013-05-14,{}
13056,"03,12,25,26,28,29",16,2013-05-16,{}
13057,"13,16,19,23,26,28",05,2013-05-19,{}
13058,"08,11,17,21,23,24",05,2013-05-21,{}
13059,"03,10,18,24,27,29",09,2013-05-23,{}
13060,"05,07,10,13,19,20",15,2013-05-26,{}
13061,"05,06,07,12,13,18",12,2013-05-28,{}
13062,"01,06,07,19,22,27",02,2013-05-30,{}
13063,"10,15,18,20,23,31",12,2013-06-02,{}
13064,"01,09,13,22,25,32",12,2013-06-04,{}
13065,"07,18,19,23,29,30",02,2013-06-06,{}
13066,"01,03,16,17,20,32",07,2013-06-09,{}
13067,"01,04,09,15,22,30",06,2013-06-11,{}
13068,"02,07,13,20,25,27",06,2013-06-13,{}
13069,"07,16,17,18,30,33",06,2013-06-16,{}
13070,"02,03,09,10,28,30",06,2013-06-18,{}
13071,"05,12,21,23,26,28",09,2013-06-20,{}
13072,"02,08,11,14,19,33",09,2013-06-23,{}
13073,"02,09,13,17,20,28",11,2013-06-25,{}
13074,"03,06,08,14,19,32",03,2013-06-27,{}
13075,"04,06,09,25,30,33",14,2013-06-30,{}
13076,"14,23,24,26,29,30",03,2013-07-02,{}
13077,"09,14,23,24,26,29",03,2013-07-04,{}
13078,"03,05,17,18,26,27",15,2013-07-07,{}
13079,"07,13,17,19,22,26",13,2013-07-09,{}
13080,"10,11,12,23,28,32",16,2013-07-11,{}
13081,"01,04,10,13,21,31",13,2013-07-14,{}
13082,"04,13,14,20,22,30",06,2013-07-16,{}
13083,"05,06,12,14,19,23",09,2013-07-18,{}
13084,"05,07,09,11,20,21",03,2013-07-21,{}
13085,"02,08,12,14,16,32",16,2013-07-23,{}
13086,"02,04,11,13,16,26",11,2013-07-25,{}
13087,"02,13,19,23,24,28",05,2013-07-28,{}
13088,"09,15,20,21,22,24",14,2013-07-30,{}
13089,"04,08,12,19,21,25",13,2013-08-01,{}
13090,"02,05,11,23,24,29",08,2013-08-04,{}
13091,"04,14,24,25,28,31",10,2013-08-06,{}
13092,"07,11,15,21,26,31",06,2013-08-08,{}
13093,"01,02,08,26,29,31",14,2013-08-11,{}
13094,"02,04,14,18,20,22",07,2013-08-13,{}
13095,"01,06,15,19,28,29",10,2013-08-15,{}
13096,"01,02,22,28,29,30",15,2013-08-18,{}
13097,"05,14,17,22,23,25",07,2013-08-20,{}
13098,"07,15,18,19,20,26",14,2013-08-22,{}
13099,"05,11,20,21,26,31",03,2013-08-25,{}
13100,"04,08,11,14,16,20",11,2013-08-27,{}
13101,"05,07,09,23,27,32",01,2013-08-29,{}
13102,"02,04,05,06,08,16",03,2013-09-01,{}
13103,"02,04,09,13,18,20",07,2013-09-03,{}
13104,"01,02,04,15,17,28",11,2013-09-05,{}
13105,"01,11,23,27,31,32",09,2013-09-08,{}
13106,"09,11,23,30,31,32",06,2013-09-10,{}
13107,"07,09,11,17,28,31",11,2013-09-12,{}
13108,"16,21,22,28,31,32",05,2013-09-15,{}
13109,"09,23,24,27,29,32",08,2013-09-17,{}
13110,"15,17,18,21,29,32",13,2013-09-19,{}
13111,"01,02,03,06,08,33",13,2013-09-22,{}
13112,"01,06,12,13,22,31",07,2013-09-24,{}
13113,"04,07,11,17,24,33",09,2013-09-26,{}
13114,"04,06,17,21,23,33",07,2013-09-29,{}
13115,"03,12,16,17,18,27",08,2013-10-01,{}
13116,"12,15,21,26,32,33",07,2013-10-03,{}
13117,"09,12,13,24,27,33",16,2013-10-06,{}
13118,"02,03,17,22,32,33",16,2013-10-08,{}
13119,"05,15,20,22,26,32",09,2013-10-10,{}
13120,"05,06,13,18,23,31",11,2013-10-13,{}
13121,"04,05,06,07,25,27",07,2013-10-15,{}
13122,"07,10,13,15,26,27",11,2013-10-17,{}
13123,"01,02,06,11,17,25",02,2013-10-20,{}
13124,"03,09,15,23,25,30",07,2013-10-22,{}
13125,"04,06,08,18,25,28",16,2013-10-24,{}
13126,"04,10,19,27,31,33",16,2013-10-27,{}
13127,"02,03,13,20,22,33",14,2013-10-29,{}
13128,"07,13,17,19,25,31",08,2013-10-31,{}
13129,"05,06,10,14,27,31",14,2013-11-03,{}
13130,"01,03,15,16,31,33",08,2013-11-05,{}
13131,"04,06,12,17,19,26",09,2013-11-07,{}
13132,"20,21,22,23,25,27",12,2013-11-10,{}
13133,"04,07,12,19,22,25",01,2013-11-12,{}
13134,"01,17,18,19,25,29",10,2013-11-14,{}
13135,"09,23,24,25,29,31",12,2013-11-17,{}
13136,"04,06,14,16,18,26",06,2013-11-19,{}
13137,"04,17,19,23,24,27",10,2013-11-21,{}
13138,"04,15,16,24,27,28",03,2013-11-24,{}
13139,"07,08,11,13,21,27",08,2013-11-26,{}
13140,"01,05,12,13,21,22",10,2013-11-28,{}
13141,"03,04,05,25,30,31",04,2013-12-01,{}
13142,"11,12,14,20,22,29",14,2013-12-03,{}
13143,"12,18,21,22,27,32",11,2013-12-05,{}
13144,"05,07,12,19,27,31",02,2013-12-08,{}
13145,"06,10,13,16,23,24",15,2013-12-10,{}
13146,"08,20,25,30,32,33",01,2013-12-12,{}
13147,"02,15,16,17,19,30",08,2013-12-15,{}
13148,"06,11,12,14,17,22",01,2013-12-17,{}
13149,"09,18,25,26,30,32",11,2013-12-19,{}
13150,"01,15,16,25,26,29",10,2013-12-22,{}
13151,"03,09,10,19,28,33",09,2013-12-24,{}
13152,"04,06,14,16,18,29",05,2013-12-26,{}
13153,"08,11,13,18,28,33",10,2013-12-29,{}
13154,"07,11,14,19,24,29",05,2013-12-31,{}
14001,"03,09,15,20,27,29",01,2014-01-02,{}
14002,"04,21,23,31,32,33",04,2014-01-05,{}
14003,"06,10,11,28,30,33",12,2014-01-07,{}
14004,"01,04,19,22,24,25",15,2014-01-09,{}
14005,"15,18,23,27,32,33",04,2014-01-12,{}
14006,"03,04,07,17,21,27",14,2014-01-14,{}
14007,"08,10,12,14,18,28",14,2014-01-16,{}
14008,"05,14,16,21,29,30",12,2014-01-19,{}
14009,"08,09,19,20,25,32",16,2014-01-21,{}
14010,"05,07,08,20,31,33",11,2014-01-23,{}
14011,"09,10,13,14,21,32",02,2014-01-26,{}
14012,"01,08,11,19,21,24",08,2014-01-28,{}
14013,"05,09,13,15,17,21",13,2014-02-09,{}
14014,"04,09,19,22,25,29",15,2014-02-11,{}
14015,"02,11,19,30,32,33",09,2014-02-13,{}
14016,"02,03,07,13,21,24",08,2014-02-16,{}
14017,"04,06,07,14,25,26",10,2014-02-18,{}
14018,"13,17,18,21,30,33",15,2014-02-20,{}
14019,"02,10,15,19,20,21",07,2014-02-23,{}
14020,"09,14,17,23,24,25",15,2014-02-25,{}
14021,"08,10,15,17,22,29",12,2014-02-27,{}
14022,"04,06,07,10,21,26",16,2014-03-02,{}
14023,"07,09,13,17,21,22",10,2014-03-04,{}
14024,"08,10,16,20,23,30",09,2014-03-06,{}
14025,"01,05,10,14,16,30",16,2014-03-09,{}
14026,"01,02,05,06,11,23",14,2014-03-11,{}
14027,"08,10,14,16,30,31",01,2014-03-13,{}
14028,"06,16,21,27,30,32",05,2014-03-16,{}
14029,"02,07,14,16,21,29",14,2014-03-18,{}
14030,"12,18,19,23,24,30",10,2014-03-20,{}
14031,"04,10,16,17,21,27",14,2014-03-23,{}
14032,"01,02,14,22,29,33",07,2014-03-25,{}
14033,"05,13,23,28,32,33",12,2014-03-27,{}
14034,"01,03,04,08,25,31",06,2014-03-30,{}
14035,"07,08,09,17,32,33",06,2014-04-01,{}
14036,"01,07,08,09,11,22",03,2014-04-03,{}
14037,"06,13,14,24,25,30",07,2014-04-06,{}
14038,"04,07,22,23,24,33",16,2014-04-08,{}
14039,"03,11,15,19,20,31",07,2014-04-10,{}
14040,"03,04,06,11,12,15",08,2014-04-13,{}
14041,"07,11,16,18,21,22",02,2014-04-15,{}
14042,"12,15,20,25,28,33",14,2014-04-17,{}
14043,"02,05,09,14,24,33",09,2014-04-20,{}
14044,"04,09,21,27,28,33",12,2014-04-22,{}
14045,"02,04,09,11,19,22",15,2014-04-24,{}
14046,"02,10,11,17,18,22",10,2014-04-27,{}
14047,"08,10,11,12,19,29",15,2014-04-29,{}
14048,"06,09,16,17,24,25",16,2014-05-01,{}
14049,"06,07,16,17,23,32",06,2014-05-04,{}
14050,"03,17,23,25,26,32",13,2014-05-06,{}
14051,"10,16,19,21,23,24",13,2014-05-08,{}
14052,"09,13,15,28,30,33",08,2014-05-11,{}
14053,"14,17,19,22,26,31",02,2014-05-13,{}
14054,"01,04,05,11,29,30",14,2014-05-15,{}
14055,"02,09,14,19,21,30",04,2014-05-18,{}
14056,"01,11,18,20,28,29",01,2014-05-20,{}
14057,"02,04,12,18,23,31",08,2014-05-22,{}
14058,"02,03,12,13,14,25",11,2014-05-25,{}
14059,"05,08,12,13,23,25",13,2014-05-27,{}
14060,"03,05,14,18,25,33",06,2014-05-29,{}
14061,"02,14,17,27,28,31",08,2014-06-01,{}
14062,"06,09,15,24,25,26",09,2014-06-03,{}
14063,"03,08,17,21,22,31",16,2014-06-05,{}
14064,"02,09,15,16,29,32",14,2014-06-08,{}
14065,"03,04,05,08,10,22",06,2014-06-10,{}
14066,"02,05,15,17,18,21",16,2014-06-12,{}
14067,"01,06,07,17,18,23",06,2014-06-15,{}
14068,"04,12,13,22,27,29",16,2014-06-17,{}
14069,"05,12,17,19,25,30",11,2014-06-19,{}
14070,"01,07,09,19,28,29",07,2014-06-22,{}
14071,"02,04,12,17,22,25",14,2014-06-24,{}
14072,"01,03,07,13,19,32",16,2014-06-26,{}
14073,"01,12,16,20,30,33",02,2014-06-29,{}
14074,"01,03,06,13,30,31",12,2014-07-01,{}
14075,"03,09,11,22,27,29",06,2014-07-03,{}
14076,"06,10,12,17,18,33",11,2014-07-06,{}
14077,"08,09,12,15,19,22",10,2014-07-08,{}
14078,"02,03,05,06,09,17",07,2014-07-10,{}
14079,"02,07,16,22,27,28",02,2014-07-13,{}
14080,"05,14,16,17,25,30",07,2014-07-15,{}
14081,"08,14,22,24,27,29",10,2014-07-17,{}
14082,"02,04,20,25,26,29",11,2014-07-20,{}
14083,"05,06,19,21,23,33",12,2014-07-22,{}
14084,"01,06,09,10,13,25",08,2014-07-24,{}
14085,"01,02,11,19,23,29",08,2014-07-27,{}
14086,"02,04,10,12,14,30",08,2014-07-29,{}
14087,"06,18,22,23,32,33",06,2014-07-31,{}
14088,"03,06,11,14,16,29",15,2014-08-03,{}
14089,"04,06,14,17,27,30",09,2014-08-05,{}
14090,"05,09,11,19,24,32",13,2014-08-07,{}
14091,"01,05,12,19,27,29",14,2014-08-10,{}
14092,"03,13,18,19,22,26",07,2014-08-12,{}
14093,"02,08,09,10,20,29",05,2014-08-14,{}
14094,"01,10,18,20,23,29",01,2014-08-17,{}
14095,"05,06,08,14,22,31",08,2014-08-19,{}
14096,"12,14,17,19,22,24",08,2014-08-21,{}
14097,"07,13,24,25,27,32",15,2014-08-24,{}
14098,"02,13,17,20,29,31",07,2014-08-26,{}
14099,"01,05,10,11,13,32",14,2014-08-28,{}
14100,"01,06,09,10,14,16",11,2014-08-31,{}
14101,"16,18,20,23,24,32",07,2014-09-02,{}
14102,"14,16,21,24,28,31",13,2014-09-04,{}
14103,"03,08,09,10,18,33",04,2014-09-07,{}
14104,"02,06,12,19,27,28",13,2014-09-09,{}
14105,"14,16,17,19,27,32",04,2014-09-11,{}
14106,"09,14,17,18,21,25",15,2014-09-14,{}
14107,"11,14,17,22,25,27",16,2014-09-16,{}
14108,"03,08,09,20,23,28",02,2014-09-18,{}
14109,"02,05,11,15,19,28",02,2014-09-21,{}
14110,"01,08,11,13,19,30",06,2014-09-23,{}
14111,"02,08,17,20,22,28",02,2014-09-25,{}
14112,"01,15,16,21,24,30",03,2014-09-28,{}
14113,"12,14,28,31,32,33",07,2014-09-30,{}
14114,"02,07,23,30,32,33",10,2014-10-02,{}
14115,"01,09,10,11,13,32",03,2014-10-05,{}
14116,"09,10,14,15,19,29",16,2014-10-07,{}
14117,"05,10,17,25,28,29",04,2014-10-09,{}
14118,"05,07,15,18,26,30",03,2014-10-12,{}
14119,"06,13,17,20,26,29",09,2014-10-14,{}
14120,"01,07,12,16,23,28",04,2014-10-16,{}
14121,"01,02,13,22,28,30",09,2014-10-19,{}
14122,"06,09,11,16,20,29",11,2014-10-21,{}
14123,"01,06,11,17,28,33",05,2014-10-23,{}
14124,"02,17,20,24,31,33",04,2014-10-26,{}
14125,"10,11,15,26,31,32",06,2014-10-28,{}
14126,"06,11,16,17,22,27",01,2014-10-30,{}
14127,"02,10,12,21,23,27",12,2014-11-02,{}
14128,"05,07,08,17,18,24",14,2014-11-04,{}
14129,"05,08,09,20,28,32",02,2014-11-06,{}
14130,"01,02,10,24,30,33",10,2014-11-09,{}
14131,"05,17,21,22,28,32",14,2014-11-11,{}
14132,"05,06,14,15,18,33",08,2014-11-13,{}
14133,"13,14,16,23,30,31",13,2014-11-16,{}
14134,"05,16,22,23,26,28",02,2014-11-18,{}
14135,"02,04,11,13,25,33",01,2014-11-20,{}
14136,"03,16,19,27,31,32",10,2014-11-23,{}
14137,"03,06,09,11,25,29",09,2014-11-25,{}
14138,"04,06,13,29,31,33",13,2014-11-27,{}
14139,"01,14,15,20,25,29",11,2014-11-30,{}
14140,"06,10,11,14,17,33",06,2014-12-02,{}
14141,"08,09,11,16,21,24",10,2014-12-04,{}
14142,"06,21,22,23,25,28",13,2014-12-07,{}
14143,"03,12,18,20,25,26",16,2014-12-09,{}
14144,"03,05,06,09,10,27",14,2014-12-11,{}
14145,"10,12,13,23,26,29",11,2014-12-14,{}
14146,"01,06,13,20,29,32",01,2014-12-16,{}
14147,"06,07,22,26,31,32",10,2014-12-18,{}
14148,"01,02,05,12,15,16",13,2014-12-21,{}
14149,"07,09,10,15,19,33",01,2014-12-23,{}
14150,"03,08,14,22,24,32",09,2014-12-25,{}
14151,"04,05,08,11,21,27",08,2014-12-28,{}
14152,"08,13,15,20,21,25",12,2014-12-30,{}
15001,"01,07,09,16,20,23",06,2015-01-01,{}
15002,"07,15,16,25,28,32",05,2015-01-04,{}
15003,"10,15,20,23,24,31",15,2015-01-06,{}
15004,"02,14,15,16,23,24",10,2015-01-08,{}
15005,"07,10,16,17,18,32",15,2015-01-11,{}
15006,"01,10,11,29,31,33",13,2015-01-13,{}
15007,"01,07,09,17,20,33",08,2015-01-15,{}
15008,"04,07,10,16,20,22",03,2015-01-18,{}
15009,"04,07,14,17,21,25",14,2015-01-20,{}
15010,"01,02,03,08,21,31",09,2015-01-22,{}
15011,"04,14,15,17,18,20",15,2015-01-25,{}
15012,"03,05,22,23,29,31",06,2015-01-27,{}
15013,"08,09,24,25,26,29",01,2015-01-29,{}
15014,"02,12,16,19,27,30",11,2015-02-01,{}
15015,"01,07,20,24,25,33",04,2015-02-03,{}
15016,"02,06,10,15,17,31",13,2015-02-05,{}
15017,"13,18,20,25,27,33",12,2015-02-08,{}
15018,"06,09,12,14,28,29",09,2015-02-10,{}
15019,"02,06,11,19,25,26",04,2015-02-12,{}
15020,"01,04,07,19,22,23",04,2015-02-15,{}
15021,"14,15,16,17,27,28",08,2015-02-17,{}
15022,"04,07,10,16,23,25",10,2015-02-26,{}
15023,"08,09,10,13,29,30",01,2015-03-01,{}
15024,"09,11,16,18,23,24",10,2015-03-03,{}
15025,"10,11,12,15,27,32",14,2015-03-05,{}
15026,"02,13,17,21,22,33",13,2015-03-08,{}
15027,"05,07,09,16,26,29",07,2015-03-10,{}
15028,"04,07,10,26,27,28",14,2015-03-12,{}
15029,"07,14,15,19,21,28",07,2015-03-15,{}
15030,"08,11,14,15,16,26",07,2015-03-17,{}
15031,"01,05,07,22,26,32",11,2015-03-19,{}
15032,"11,14,16,18,29,32",16,2015-03-22,{}
15033,"03,06,21,29,31,32",05,2015-03-24,{}
15034,"12,13,17,18,20,27",13,2015-03-26,{}
15035,"01,08,09,22,24,33",03,2015-03-29,{}
15036,"04,06,16,17,26,33",03,2015-03-31,{}
15037,"05,07,12,18,28,31",03,2015-04-02,{}
15038,"05,06,11,12,14,33",14,2015-04-05,{}
15039,"01,13,15,26,29,30",12,2015-04-07,{}
15040,"13,16,18,27,30,32",16,2015-04-09,{}
15041,"04,09,11,17,21,25",06,2015-04-12,{}
15042,"09,10,19,21,23,32",08,2015-04-14,{}
15043,"11,12,15,24,26,27",15,2015-04-16,{}
15044,"02,03,04,13,14,16",02,2015-04-19,{}
15045,"01,05,13,22,30,31",07,2015-04-21,{}
15046,"05,07,10,14,23,31",01,2015-04-23,{}
15047,"02,03,20,24,26,27",09,2015-04-26,{}
15048,"13,16,17,22,25,27",10,2015-04-28,{}
15049,"07,12,14,17,20,23",05,2015-04-30,{}
15050,"03,09,12,16,17,31",04,2015-05-03,{}
15051,"04,10,24,26,28,32",09,2015-05-05,{}
15052,"02,04,11,16,25,26",12,2015-05-07,{}
15053,"03,07,17,22,32,33",10,2015-05-10,{}
15054,"01,02,07,10,22,26",07,2015-05-12,{}
15055,"01,10,15,18,19,28",02,2015-05-14,{}
15056,"01,07,08,16,18,20",14,2015-05-17,{}
15057,"09,20,24,25,26,32",04,2015-05-19,{}
15058,"02,09,10,18,19,20",15,2015-05-21,{}
15059,"02,06,09,16,25,32",14,2015-05-24,{}
15060,"01,03,18,27,31,32",13,2015-05-26,{}
15061,"06,18,22,26,32,33",04,2015-05-28,{}
15062,"09,14,15,18,21,26",16,2015-05-31,{}
15063,"01,07,09,16,22,32",12,2015-06-02,{}
15064,"11,12,14,17,23,27",01,2015-06-04,{}
15065,"08,10,14,19,26,29",12,2015-06-07,{}
15066,"05,08,11,17,24,28",16,2015-06-09,{}
15067,"02,05,08,24,25,31",14,2015-06-11,{}
15068,"06,15,18,21,26,27",10,2015-06-14,{}
15069,"01,13,17,18,23,30",15,2015-06-16,{}
15070,"01,07,13,19,21,29",15,2015-06-18,{}
15071,"08,18,20,28,29,31",08,2015-06-21,{}
15072,"01,03,05,20,21,31",05,2015-06-23,{}
15073,"01,02,17,22,26,27",04,2015-06-25,{}
15074,"04,07,21,25,26,29",08,2015-06-28,{}
15075,"06,11,13,19,21,32",04,2015-06-30,{}
15076,"01,09,10,19,23,27",09,2015-07-02,{}
15077,"01,06,08,10,13,27",16,2015-07-05,{}
15078,"03,07,20,22,26,29",02,2015-07-07,{}
15079,"09,14,15,20,26,32",11,2015-07-09,{}
15080,"14,17,25,27,28,30",02,2015-07-12,{}
15081,"13,20,22,26,28,31",13,2015-07-14,{}
15082,"02,08,09,14,28,30",07,2015-07-16,{}
15083,"06,07,16,18,29,32",05,2015-07-19,{}
15084,"15,18,20,22,28,29",15,2015-07-21,{}
15085,"02,08,25,27,28,29",05,2015-07-23,{}
15086,"05,06,08,16,18,22",12,2015-07-26,{}
15087,"09,15,16,19,20,28",11,2015-07-28,{}
15088,"02,12,20,24,29,31",09,2015-07-30,{}
15089,"12,14,19,27,28,29",01,2015-08-02,{}
15090,"10,12,14,22,25,33",15,2015-08-04,{}
15091,"05,07,17,19,22,31",11,2015-08-06,{}
15092,"09,15,19,21,26,27",01,2015-08-09,{}
15093,"01,03,13,21,25,31",08,2015-08-11,{}
15094,"01,04,06,13,16,17",10,2015-08-13,{}
15095,"04,15,21,28,30,31",04,2015-08-16,{}
15096,"06,16,17,23,24,31",07,2015-08-18,{}
15097,"09,12,14,20,26,27",04,2015-08-20,{}
15098,"06,09,13,26,27,33",01,2015-08-23,{}
15099,"06,07,10,11,14,22",09,2015-08-25,{}
15100,"02,03,11,17,19,21",08,2015-08-27,{}
15101,"08,16,22,24,28,29",05,2015-08-30,{}
15102,"07,09,12,14,21,23",06,2015-09-01,{}
15103,"06,08,13,26,30,32",14,2015-09-03,{}
15104,"09,18,21,23,25,26",01,2015-09-06,{}
15105,"09,10,16,19,20,26",12,2015-09-08,{}
15106,"01,03,04,23,31,32",13,2015-09-10,{}
15107,"07,14,16,18,21,25",08,2015-09-13,{}
15108,"02,12,19,22,24,27",15,2015-09-15,{}
15109,"01,08,09,16,32,33",13,2015-09-17,{}
15110,"05,07,16,17,22,23",04,2015-09-20,{}
15111,"08,14,16,18,20,30",12,2015-09-22,{}
15112,"01,03,10,19,20,27",11,2015-09-24,{}
15113,"01,05,07,08,19,27",12,2015-09-27,{}
15114,"04,07,09,13,21,26",01,2015-09-29,{}
15115,"01,07,08,14,24,32",03,2015-10-01,{}
15116,"04,06,15,23,26,28",11,2015-10-04,{}
15117,"04,11,12,18,26,32",12,2015-10-06,{}
15118,"01,04,11,21,23,31",12,2015-10-08,{}
15119,"02,08,10,18,23,31",08,2015-10-11,{}
15120,"16,21,24,26,27,29",16,2015-10-13,{}
15121,"01,03,20,21,28,29",12,2015-10-15,{}
15122,"05,07,11,16,22,25",07,2015-10-18,{}
15123,"05,08,09,12,22,28",07,2015-10-20,{}
15124,"02,03,05,12,18,27",01,2015-10-22,{}
15125,"05,13,22,27,30,33",10,2015-10-25,{}
15126,"10,11,15,20,23,29",12,2015-10-27,{}
15127,"07,10,19,22,27,33",06,2015-10-29,{}
15128,"01,03,08,11,22,28",06,2015-11-01,{}
15129,"05,08,11,16,18,27",04,2015-11-03,{}
15130,"06,14,15,16,17,22",10,2015-11-05,{}
15131,"10,12,13,19,22,26",03,2015-11-08,{}
15132,"03,05,11,28,30,33",01,2015-11-10,{}
15133,"02,03,13,20,22,24",15,2015-11-12,{}
15134,"02,05,14,19,27,31",04,2015-11-15,{}
15135,"01,12,14,18,26,32",07,2015-11-17,{}
15136,"02,05,12,23,28,29",01,2015-11-19,{}
15137,"14,22,23,27,28,31",12,2015-11-22,{}
15138,"01,02,08,16,19,24",11,2015-11-24,{}
15139,"01,10,13,18,25,27",09,2015-11-26,{}
15140,"06,20,28,29,30,31",12,2015-11-29,{}
15141,"03,08,19,25,27,28",02,2015-12-01,{}
15142,"13,17,19,20,22,25",11,2015-12-03,{}
15143,"13,15,19,20,21,32",04,2015-12-06,{}
15144,"01,04,07,15,28,32",16,2015-12-08,{}
15145,"07,08,15,19,20,24",13,2015-12-10,{}
15146,"16,17,21,28,30,32",15,2015-12-13,{}
15147,"08,09,16,23,24,30",05,2015-12-15,{}
15148,"09,13,14,22,26,27",07,2015-12-17,{}
15149,"09,10,20,21,22,33",09,2015-12-20,{}
15150,"01,03,08,11,29,31",13,2015-12-22,{}
15151,"05,06,08,23,31,32",11,2015-12-24,{}
15152,"11,18,19,21,29,32",12,2015-12-27,{}
15153,"08,11,15,22,27,29",03,2015-12-29,{}
15154,"07,09,11,15,18,25",07,2015-12-31,{}
16001,"06,13,16,18,20,22",13,2016-01-03,{}
16002,"09,14,17,20,24,30",16,2016-01-05,{}
16003,"01,10,14,23,26,28",01,2016-01-07,{}
16004,"08,10,17,22,25,33",12,2016-01-10,{}
16005,"11,14,18,20,31,33",14,2016-01-12,{}
16006,"13,16,18,20,28,31",12,2016-01-14,{}
16007,"05,12,14,20,27,29",06,2016-01-17,{}
16008,"02,15,24,29,32,33",02,2016-01-19,{}
16009,"10,14,24,25,27,32",04,2016-01-21,{}
16010,"02,04,12,14,19,25",06,2016-01-24,{}
16011,"03,08,10,15,22,29",12,2016-01-26,{}
16012,"07,12,14,16,27,32",15,2016-01-28,{}
16013,"07,12,21,22,26,31",01,2016-01-31,{}
16014,"02,08,10,18,20,27",07,2016-02-02,{}
16015,"01,02,14,22,25,26",07,2016-02-04,{}
16016,"01,20,22,24,25,26",16,2016-02-14,{}
16017,"05,06,08,20,22,30",05,2016-02-16,{}
16018,"12,13,14,17,21,25",04,2016-02-18,{}
16019,"06,13,16,17,23,30",10,2016-02-21,{}
16020,"01,02,10,12,22,24",10,2016-02-23,{}
16021,"09,11,13,22,24,26",05,2016-02-25,{}
16022,"04,09,19,22,23,30",07,2016-02-28,{}
16023,"03,06,10,19,25,29",07,2016-03-01,{}
16024,"02,05,07,14,18,31",13,2016-03-03,{}
16025,"04,11,12,17,24,30",12,2016-03-06,{}
16026,"04,09,12,28,30,33",01,2016-03-08,{}
16027,"11,13,15,17,19,31",05,2016-03-10,{}
16028,"06,08,12,21,25,29",01,2016-03-13,{}
16029,"12,15,18,20,21,27",15,2016-03-15,{}
16030,"10,14,19,22,25,29",12,2016-03-17,{}
16031,"03,08,10,19,26,33",03,2016-03-20,{}
16032,"08,12,14,15,21,27",15,2016-03-22,{}
16033,"06,17,18,20,27,29",15,2016-03-24,{}
16034,"03,15,21,22,23,28",15,2016-03-27,{}
16035,"04,13,19,20,26,29",11,2016-03-29,{}
16036,"03,04,07,09,20,22",03,2016-03-31,{}
16037,"06,15,26,31,32,33",16,2016-04-03,{}
16038,"03,12,13,22,28,29",03,2016-04-05,{}
16039,"01,03,07,18,19,27",16,2016-04-07,{}
16040,"03,13,19,20,23,26",03,2016-04-10,{}
16041,"12,17,18,21,22,24",04,2016-04-12,{}
16042,"07,14,17,23,26,31",09,2016-04-14,{}
16043,"05,14,20,26,30,33",12,2016-04-17,{}
16044,"01,03,10,12,18,30",01,2016-04-19,{}
16045,"04,09,12,17,30,32",03,2016-04-21,{}
16046,"07,20,25,26,27,30",14,2016-04-24,{}
16047,"02,05,08,15,17,22",16,2016-04-26,{}
16048,"03,08,13,14,15,30",04,2016-04-28,{}
16049,"06,08,13,14,22,27",10,2016-05-01,{}
16050,"09,12,24,28,29,30",02,2016-05-03,{}
16051,"01,02,04,09,15,33",12,2016-05-05,{}
16052,"01,06,13,19,24,28",16,2016-05-08,{}
16053,"02,08,10,12,29,31",01,2016-05-10,{}
16054,"06,11,16,19,28,32",04,2016-05-12,{}
16055,"05,06,10,16,22,26",11,2016-05-15,{}
16056,"03,04,08,11,16,18",14,2016-05-17,{}
16057,"07,12,19,22,23,26",11,2016-05-19,{}
16058,"03,05,18,20,24,32",11,2016-05-22,{}
16059,"04,11,12,20,25,28",15,2016-05-24,{}
16060,"04,05,22,26,29,32",08,2016-05-26,{}
16061,"05,06,08,18,20,32",08,2016-05-29,{}
16062,"12,13,15,18,19,21",09,2016-05-31,{}
16063,"16,17,18,23,28,32",07,2016-06-02,{}
16064,"03,12,14,17,19,26",03,2016-06-05,{}
16065,"13,16,22,25,26,27",14,2016-06-07,{}
16066,"03,07,13,18,19,20",05,2016-06-09,{}
16067,"09,13,18,20,27,31",04,2016-06-12,{}
16068,"08,19,23,28,31,32",01,2016-06-14,{}
16069,"08,10,11,20,21,27",11,2016-06-16,{}
16070,"03,06,11,18,23,29",01,2016-06-19,{}
16071,"19,21,26,28,29,32",01,2016-06-21,{}
16072,"05,16,19,22,24,25",02,2016-06-23,{}
16073,"09,11,12,15,16,20",13,2016-06-26,{}
16074,"06,10,11,12,20,25",12,2016-06-28,{}
16075,"01,03,06,16,29,32",07,2016-06-30,{}
16076,"07,08,13,22,30,32",01,2016-07-03,{}
16077,"01,09,17,19,20,29",10,2016-07-05,{}
16078,"02,04,08,23,26,29",02,2016-07-07,{}
16079,"01,03,10,12,24,28",02,2016-07-10,{}
16080,"01,16,17,24,25,32",14,2016-07-12,{}
16081,"02,06,15,25,30,32",07,2016-07-14,{}
16082,"06,12,14,15,17,20",09,2016-07-17,{}
16083,"09,16,17,24,30,31",04,2016-07-19,{}
16084,"02,04,12,18,24,26",05,2016-07-21,{}
16085,"01,12,19,20,21,25",16,2016-07-24,{}
16086,"09,10,11,12,15,32",05,2016-07-26,{}
16087,"02,03,10,11,14,21",12,2016-07-28,{}
16088,"03,14,16,18,25,33",15,2016-07-31,{}
16089,"01,03,14,30,31,32",08,2016-08-02,{}
16090,"02,13,17,20,21,26",07,2016-08-04,{}
16091,"04,08,14,22,23,28",07,2016-08-07,{}
16092,"02,13,15,23,24,29",06,2016-08-09,{}
16093,"06,09,15,17,25,27",09,2016-08-11,{}
16094,"06,07,10,12,18,31",10,2016-08-14,{}
16095,"01,05,09,12,18,32",12,2016-08-16,{}
16096,"06,13,14,21,22,24",16,2016-08-18,{}
16097,"06,13,25,26,28,31",01,2016-08-21,{}
16098,"02,08,25,29,31,32",06,2016-08-23,{}
16099,"01,11,21,23,27,33",06,2016-08-25,{}
16100,"03,10,22,23,27,29",04,2016-08-28,{}
16101,"01,03,19,24,32,33",01,2016-08-30,{}
16102,"05,08,10,14,17,30",13,2016-09-01,{}
16103,"01,05,13,19,24,27",11,2016-09-04,{}
16104,"05,09,11,18,30,31",04,2016-09-06,{}
16105,"08,10,19,27,28,31",16,2016-09-08,{}
16106,"04,05,13,22,25,30",04,2016-09-11,{}
16107,"06,11,18,26,27,32",01,2016-09-13,{}
16108,"02,03,07,08,19,26",16,2016-09-15,{}
16109,"09,11,15,16,27,33",05,2016-09-18,{}
16110,"05,07,28,31,32,33",08,2016-09-20,{}
16111,"02,04,07,14,15,32",04,2016-09-22,{}
16112,"06,12,14,15,18,25",12,2016-09-25,{}
16113,"01,11,16,17,20,26",14,2016-09-27,{}
16114,"05,16,20,22,27,29",09,2016-09-29,{}
16115,"06,08,20,22,26,27",09,2016-10-02,{}
16116,"07,18,20,23,27,31",13,2016-10-04,{}
16117,"03,10,14,17,28,33",02,2016-10-06,{}
16118,"09,14,22,23,31,33",14,2016-10-09,{}
16119,"09,19,21,30,31,32",04,2016-10-11,{}
16120,"02,05,06,21,25,28",09,2016-10-13,{}
16121,"02,03,10,23,25,28",09,2016-10-16,{}
16122,"15,22,23,24,28,29",08,2016-10-18,{}
16123,"07,09,12,14,20,27",16,2016-10-20,{}
16124,"09,15,21,24,27,32",10,2016-10-23,{}
16125,"01,06,08,20,27,30",03,2016-10-25,{}
16126,"02,06,12,17,18,19",10,2016-10-27,{}
16127,"07,12,17,26,29,31",16,2016-10-30,{}
16128,"04,09,11,17,26,27",13,2016-11-01,{}
16129,"05,06,08,21,31,33",14,2016-11-03,{}
16130,"03,17,21,23,27,28",01,2016-11-06,{}
16131,"04,10,18,19,25,27",02,2016-11-08,{}
16132,"05,08,13,19,27,28",07,2016-11-10,{}
16133,"15,16,21,22,27,33",15,2016-11-13,{}
16134,"11,12,13,14,18,33",13,2016-11-15,{}
16135,"02,08,10,18,20,33",12,2016-11-17,{}
16136,"02,07,10,20,27,29",03,2016-11-20,{}
16137,"01,06,09,10,15,32",14,2016-11-22,{}
16138,"07,16,20,24,25,30",07,2016-11-24,{}
16139,"01,06,19,26,28,30",03,2016-11-27,{}
16140,"01,02,05,17,26,32",10,2016-11-29,{}
16141,"04,13,15,17,21,24",15,2016-12-01,{}
16142,"01,10,17,21,23,30",12,2016-12-04,{}
16143,"06,09,23,24,25,33",13,2016-12-06,{}
16144,"04,10,12,27,32,33",05,2016-12-08,{}
16145,"01,03,07,12,19,20",06,2016-12-11,{}
16146,"03,07,15,16,17,23",10,2016-12-13,{}
16147,"04,14,18,28,31,32",12,2016-12-15,{}
16148,"01,02,11,20,26,30",14,2016-12-18,{}
16149,"03,20,23,26,32,33",07,2016-12-20,{}
16150,"02,04,05,09,13,21",05,2016-12-22,{}
16151,"06,11,16,20,22,33",07,2016-12-25,{}
16152,"02,08,09,16,20,22",07,2016-12-27,{}
16153,"07,09,16,24,25,29",06,2016-12-29,{}
17001,"09,11,14,20,25,26",15,2017-01-01,{}
17002,"15,19,23,24,25,32",03,2017-01-03,{}
17003,"01,04,08,15,27,32",16,2017-01-05,{}
17004,"05,13,17,26,27,30",07,2017-01-08,{}
17005,"06,11,12,22,23,30",05,2017-01-10,{}
17006,"02,04,08,26,29,33",08,2017-01-12,{}
17007,"02,04,05,24,26,33",15,2017-01-15,{}
17008,"07,13,15,27,28,29",13,2017-01-17,{}
17009,"02,06,08,09,15,29",14,2017-01-19,{}
17010,"05,08,19,25,28,30",07,2017-01-22,{}
17011,"10,11,12,23,26,29",16,2017-01-24,{}
17012,"10,11,14,15,16,24",07,2017-01-26,{}
17013,"08,11,28,29,31,33",06,2017-02-05,{}
17014,"06,08,18,20,23,31",13,2017-02-07,{}
17015,"01,08,09,14,17,32",01,2017-02-09,{}
17016,"05,08,16,22,27,29",02,2017-02-12,{}
17017,"03,07,08,10,22,23",12,2017-02-14,{}
17018,"01,02,03,17,25,31",09,2017-02-16,{}
17019,"04,06,08,12,23,25",08,2017-02-19,{}
17020,"04,08,10,12,31,33",10,2017-02-21,{}
17021,"02,05,10,22,32,33",09,2017-02-23,{}
17022,"02,06,15,16,18,32",15,2017-02-26,{}
17023,"01,03,04,11,18,22",14,2017-02-28,{}
17024,"09,21,25,26,29,31",13,2017-03-02,{}
17025,"02,15,16,17,22,32",07,2017-03-05,{}
17026,"03,10,12,19,27,30",08,2017-03-07,{}
17027,"02,04,11,14,27,30",05,2017-03-09,{}
17028,"07,08,12,13,22,30",09,2017-03-12,{}
17029,"02,15,21,23,25,30",10,2017-03-14,{}
17030,"01,07,09,20,23,30",02,2017-03-16,{}
17031,"06,10,16,26,27,29",03,2017-03-19,{}
17032,"05,08,15,24,27,31",11,2017-03-21,{}
17033,"05,07,15,20,23,30",15,2017-03-23,{}
17034,"04,07,08,19,32,33",13,2017-03-26,{}
17035,"01,06,14,24,28,32",12,2017-03-28,{}
17036,"01,02,05,10,24,27",15,2017-03-30,{}
17037,"11,15,20,22,25,30",05,2017-04-02,{}
17038,"01,04,08,13,24,27",05,2017-04-04,{}
17039,"02,04,12,14,17,24",15,2017-04-06,{}
17040,"15,19,23,28,29,33",04,2017-04-09,{}
17041,"04,10,13,15,22,27",04,2017-04-11,{}
17042,"01,02,04,07,10,23",04,2017-04-13,{}
17043,"08,13,16,23,27,31",08,2017-04-16,{}
17044,"08,16,19,21,31,32",06,2017-04-18,{}
17045,"05,07,16,20,21,25",05,2017-04-20,{}
17046,"04,13,14,23,26,32",10,2017-04-23,{}
17047,"02,05,08,10,32,33",02,2017-04-25,{}
17048,"05,08,09,14,15,19",07,2017-04-27,{}
17049,"01,08,14,15,20,29",10,2017-04-30,{}
17050,"10,12,20,24,27,29",07,2017-05-02,{}
17051,"02,05,09,15,24,25",11,2017-05-04,{}
17052,"07,08,18,24,29,31",07,2017-05-07,{}
17053,"04,09,11,15,29,31",06,2017-05-09,{}
17054,"02,03,09,23,28,33",08,2017-05-11,{}
17055,"07,12,13,20,24,31",05,2017-05-14,{}
17056,"13,14,18,19,21,28",06,2017-05-16,{}
17057,"18,20,22,23,30,31",16,2017-05-18,{}
17058,"01,09,13,22,28,32",11,2017-05-21,{}
17059,"04,08,09,15,19,25",09,2017-05-23,{}
17060,"05,10,13,24,26,31",04,2017-05-25,{}
17061,"06,07,12,20,26,27",11,2017-05-28,{}
17062,"01,07,22,24,26,31",10,2017-05-30,{}
17063,"12,16,20,22,25,31",04,2017-06-01,{}
17064,"02,10,16,22,24,28",15,2017-06-04,{}
17065,"02,05,08,10,12,21",07,2017-06-06,{}
17066,"01,04,06,17,19,26",03,2017-06-08,{}
17067,"01,03,04,10,18,29",04,2017-06-11,{}
17068,"02,06,10,22,30,31",15,2017-06-13,{}
17069,"02,11,12,23,29,31",05,2017-06-15,{}
17070,"01,06,14,22,25,26",12,2017-06-18,{}
17071,"02,03,06,14,31,32",03,2017-06-20,{}
17072,"06,11,14,23,26,30",02,2017-06-22,{}
17073,"03,06,16,23,26,30",14,2017-06-25,{}
17074,"02,06,16,23,30,31",02,2017-06-27,{}
17075,"01,03,06,19,21,29",07,2017-06-29,{}
17076,"01,04,08,09,14,15",13,2017-07-02,{}
17077,"01,02,04,15,17,22",14,2017-07-04,{}
17078,"05,07,18,19,22,24",16,2017-07-06,{}
17079,"03,07,14,23,25,27",08,2017-07-09,{}
17080,"01,12,16,20,22,24",08,2017-07-11,{}
17081,"03,05,14,25,26,30",05,2017-07-13,{}
17082,"14,18,21,25,28,29",10,2017-07-16,{}
17083,"03,08,14,20,24,26",12,2017-07-18,{}
17084,"01,05,11,20,22,24",02,2017-07-20,{}
17085,"01,05,06,16,25,30",09,2017-07-23,{}
17086,"03,05,06,13,20,22",07,2017-07-25,{}
17087,"03,06,13,14,19,28",06,2017-07-27,{}
17088,"07,09,18,22,23,29",06,2017-07-30,{}
17089,"11,12,13,16,23,25",12,2017-08-01,{}
17090,"01,07,10,16,22,33",09,2017-08-03,{}
17091,"05,07,10,23,28,29",03,2017-08-06,{}
17092,"10,18,19,29,32,33",09,2017-08-08,{}
17093,"07,08,09,15,22,27",12,2017-08-10,{}
17094,"08,11,13,19,28,31",06,2017-08-13,{}
17095,"09,10,12,19,22,29",16,2017-08-15,{}
17096,"02,06,11,12,19,29",06,2017-08-17,{}
17097,"05,10,18,19,30,31",03,2017-08-20,{}
17098,"04,19,22,27,30,33",01,2017-08-22,{}
17099,"02,05,06,16,28,29",04,2017-08-24,{}
17100,"04,07,08,18,23,24",02,2017-08-27,{}
17101,"01,04,11,28,31,32",16,2017-08-29,{}
17102,"04,08,10,14,18,20",11,2017-08-31,{}
17103,"01,21,23,25,31,33",01,2017-09-03,{}
17104,"01,14,15,20,23,30",14,2017-09-05,{}
17105,"03,06,07,12,25,26",07,2017-09-07,{}
17106,"12,15,20,25,27,31",02,2017-09-10,{}
17107,"08,09,15,17,30,32",06,2017-09-12,{}
17108,"07,12,14,15,17,20",01,2017-09-14,{}
17109,"08,14,16,18,21,23",16,2017-09-17,{}
17110,"01,03,12,15,19,23",14,2017-09-19,{}
17111,"05,10,17,19,29,32",12,2017-09-21,{}
17112,"03,10,14,16,22,23",11,2017-09-24,{}
17113,"04,06,16,27,29,33",05,2017-09-26,{}
17114,"06,12,13,15,18,26",13,2017-09-28,{}
17115,"04,10,11,25,30,31",01,2017-10-01,{}
17116,"02,14,20,22,30,32",02,2017-10-03,{}
17117,"01,02,08,11,14,21",09,2017-10-05,{}
17118,"08,09,15,22,30,33",16,2017-10-08,{}
17119,"09,16,21,25,26,31",14,2017-10-10,{}
17120,"08,10,15,19,23,28",16,2017-10-12,{}
17121,"11,18,19,22,24,32",07,2017-10-15,{}
17122,"11,20,21,22,24,27",15,2017-10-17,{}
17123,"04,05,06,11,21,31",10,2017-10-19,{}
17124,"02,06,11,26,28,29",03,2017-10-22,{}
17125,"01,14,23,25,29,30",03,2017-10-24,{}
17126,"01,16,17,21,27,30",16,2017-10-26,{}
17127,"14,15,21,24,27,32",12,2017-10-29,{}
17128,"02,06,13,22,29,31",08,2017-10-31,{}
17129,"05,06,09,14,21,33",02,2017-11-02,{}
17130,"05,13,14,23,25,31",02,2017-11-05,{}
17131,"01,07,10,11,26,27",11,2017-11-07,{}
17132,"02,03,05,09,13,28",11,2017-11-09,{}
17133,"06,15,17,18,23,30",11,2017-11-12,{}
17134,"04,05,11,14,28,32",04,2017-11-14,{}
17135,"01,06,07,14,18,26",16,2017-11-16,{}
17136,"03,07,10,18,21,24",12,2017-11-19,{}
17137,"05,10,20,23,26,31",03,2017-11-21,{}
17138,"01,17,24,28,32,33",02,2017-11-23,{}
17139,"02,14,20,24,28,32",16,2017-11-26,{}
17140,"21,22,25,28,29,30",08,2017-11-28,{}
17141,"01,06,07,11,13,15",05,2017-11-30,{}
17142,"08,13,14,18,23,33",06,2017-12-03,{}
17143,"04,06,09,14,20,29",14,2017-12-05,{}
17144,"03,14,16,20,31,32",09,2017-12-07,{}
17145,"02,06,12,17,25,28",12,2017-12-10,{}
17146,"01,19,25,26,27,33",10,2017-12-12,{}
17147,"03,07,20,21,25,31",14,2017-12-14,{}
17148,"04,07,11,14,29,32",12,2017-12-17,{}
17149,"05,08,15,20,27,30",13,2017-12-19,{}
17150,"06,14,19,20,21,23",08,2017-12-21,{}
17151,"02,05,07,09,11,27",16,2017-12-24,{}
17152,"06,10,23,25,26,29",05,2017-12-26,{}
17153,"07,11,12,13,18,19",16,2017-12-28,{}
17154,"05,09,13,15,18,26",05,2017-12-31,{}
18001,"01,08,11,26,28,31",04,2018-01-02,{}
18002,"07,18,24,29,31,33",16,2018-01-04,{}
18003,"01,14,16,17,20,31",04,2018-01-07,{}
18004,"14,18,19,26,30,31",11,2018-01-09,{}
18005,"02,20,21,28,31,33",06,2018-01-11,{}
18006,"02,07,08,09,17,29",11,2018-01-14,{}
18007,"13,14,20,25,27,31",12,2018-01-16,{}
18008,"05,09,10,12,17,19",13,2018-01-18,{}
18009,"05,10,17,23,26,32",07,2018-01-21,{}
18010,"01,08,17,20,21,22",03,2018-01-23,{}
18011,"03,10,21,23,27,33",11,2018-01-25,{}
18012,"11,12,13,19,26,28",12,2018-01-28,{}
18013,"06,08,13,15,22,33",06,2018-01-30,{}
18014,"09,12,20,24,28,31",07,2018-02-01,{}
18015,"11,15,20,21,26,33",15,2018-02-04,{}
18016,"01,11,12,18,25,27",16,2018-02-06,{}
18017,"03,06,11,26,30,32",12,2018-02-08,{}
18018,"02,12,13,18,25,27",07,2018-02-11,{}
18019,"03,11,12,16,21,23",09,2018-02-13,{}
18020,"06,09,10,14,28,30",05,2018-02-22,{}
18021,"03,04,06,11,23,28",14,2018-02-25,{}
18022,"07,14,19,21,22,23",03,2018-02-27,{}
18023,"12,15,16,21,26,29",16,2018-03-01,{}
18024,"11,19,22,26,31,32",02,2018-03-04,{}
18025,"04,13,16,19,21,25",14,2018-03-06,{}
18026,"04,07,12,14,26,32",04,2018-03-08,{}
18027,"02,07,09,14,18,28",05,2018-03-11,{}
18028,"03,08,11,14,18,23",16,2018-03-13,{}
18029,"01,02,09,14,22,25",05,2018-03-15,{}
18030,"13,14,20,21,25,33",07,2018-03-18,{}
18031,"02,16,18,19,27,30",14,2018-03-20,{}
18032,"21,22,23,24,25,32",06,2018-03-22,{}
18033,"04,19,20,22,28,33",06,2018-03-25,{}
18034,"01,05,11,22,23,26",15,2018-03-27,{}
18035,"07,10,11,17,23,28",15,2018-03-29,{}
18036,"08,17,24,26,28,33",04,2018-04-01,{}
18037,"01,06,07,08,27,30",10,2018-04-03,{}
18038,"15,23,24,25,28,29",09,2018-04-05,{}
18039,"08,12,18,19,23,32",03,2018-04-08,{}
18040,"01,03,08,13,18,23",16,2018-04-10,{}
18041,"07,08,20,23,24,32",13,2018-04-12,{}
18042,"06,10,21,28,29,31",12,2018-04-15,{}
18043,"01,04,06,08,21,24",07,2018-04-17,{}
18044,"05,09,12,17,27,30",06,2018-04-19,{}
18045,"03,04,06,25,26,30",01,2018-04-22,{}
18046,"10,13,14,18,20,31",03,2018-04-24,{}
18047,"06,07,12,16,22,25",07,2018-04-26,{}
18048,"01,12,20,25,30,31",02,2018-04-29,{}
18049,"01,03,04,11,19,23",02,2018-05-01,{}
18050,"01,02,04,10,18,19",07,2018-05-03,{}
18051,"05,07,20,23,27,31",04,2018-05-06,{}
18052,"03,05,06,09,15,32",14,2018-05-08,{}
18053,"01,04,10,11,14,27",06,2018-05-10,{}
18054,"04,06,18,22,25,33",16,2018-05-13,{}
18055,"07,09,10,12,22,26",07,2018-05-15,{}
18056,"01,03,06,20,21,26",01,2018-05-17,{}
18057,"05,15,17,19,20,30",13,2018-05-20,{}
18058,"07,12,13,16,26,31",07,2018-05-22,{}
18059,"04,06,08,13,22,32",11,2018-05-24,{}
18060,"04,08,13,25,30,31",10,2018-05-27,{}
18061,"09,10,11,12,18,23",07,2018-05-29,{}
18062,"02,18,19,24,25,33",11,2018-05-31,{}
18063,"05,06,10,16,20,25",12,2018-06-03,{}
18064,"02,05,10,11,17,21",05,2018-06-05,{}
18065,"01,04,06,14,28,33",01,2018-06-07,{}
18066,"09,16,17,19,22,26",10,2018-06-10,{}
18067,"01,04,09,12,15,18",05,2018-06-12,{}
18068,"08,10,17,20,27,30",01,2018-06-14,{}
18069,"06,13,17,19,23,31",12,2018-06-17,{}
18070,"04,09,15,16,19,27",10,2018-06-19,{}
18071,"02,05,06,13,16,19",03,2018-06-21,{}
18072,"11,16,19,22,25,30",08,2018-06-24,{}
18073,"02,09,14,15,16,23",10,2018-06-26,{}
18074,"09,11,14,20,27,30",09,2018-06-28,{}
18075,"07,09,12,13,22,24",11,2018-07-01,{}
18076,"03,07,08,15,29,30",13,2018-07-03,{}
18077,"02,05,09,15,20,24",10,2018-07-05,{}
18078,"03,10,14,17,18,30",12,2018-07-08,{}
18079,"14,15,17,22,24,29",13,2018-07-10,{}
18080,"04,07,13,20,29,33",03,2018-07-12,{}
18081,"01,02,12,16,20,26",03,2018-07-15,{}
18082,"06,12,14,20,22,24",09,2018-07-17,{}
18083,"04,09,18,21,32,33",03,2018-07-19,{}
18084,"05,06,08,12,22,24",03,2018-07-22,{}
18085,"04,10,25,26,30,33",06,2018-07-24,{}
18086,"02,07,17,21,23,26",16,2018-07-26,{}
18087,"01,05,10,16,18,31",03,2018-07-29,{}
18088,"03,05,12,29,30,32",14,2018-07-31,{}
18089,"06,09,12,14,18,27",14,2018-08-02,{}
18090,"01,02,04,10,14,23",07,2018-08-05,{}
18091,"06,11,13,17,25,32",07,2018-08-07,{}
18092,"06,10,16,19,24,33",16,2018-08-09,{}
18093,"04,18,20,21,29,33",07,2018-08-12,{}
18094,"04,07,16,20,24,30",05,2018-08-14,{}
18095,"10,11,12,21,26,33",09,2018-08-16,{}
18096,"01,05,09,20,28,32",12,2018-08-19,{}
18097,"01,02,17,20,25,28",13,2018-08-21,{}
18098,"06,10,11,20,29,32",13,2018-08-23,{}
18099,"03,07,08,14,25,32",06,2018-08-26,{}
18100,"02,11,14,15,29,33",02,2018-08-28,{}
18101,"01,03,14,26,29,33",09,2018-08-30,{}
18102,"02,06,11,19,21,28",05,2018-09-02,{}
18103,"02,09,15,22,23,24",16,2018-09-04,{}
18104,"02,03,06,19,25,29",01,2018-09-06,{}
18105,"04,05,13,18,19,25",01,2018-09-09,{}
18106,"04,18,19,24,25,26",10,2018-09-11,{}
18107,"01,02,05,12,20,22",01,2018-09-13,{}
18108,"05,13,18,21,26,30",02,2018-09-16,{}
18109,"10,11,18,23,31,33",15,2018-09-18,{}
18110,"11,13,16,21,22,23",02,2018-09-20,{}
18111,"01,07,14,24,25,28",08,2018-09-23,{}
18112,"05,08,18,25,26,31",04,2018-09-25,{}
18113,"01,06,09,16,25,26",09,2018-09-27,{}
18114,"01,07,15,16,20,27",14,2018-09-30,{}
18115,"01,13,19,24,26,29",11,2018-10-02,{}
18116,"05,14,17,22,23,28",15,2018-10-04,{}
18117,"08,11,15,17,23,25",05,2018-10-07,{}
18118,"08,12,21,22,27,31",09,2018-10-09,{}
18119,"03,13,14,16,25,27",12,2018-10-11,{}
18120,"03,04,18,26,27,33",01,2018-10-14,{}
18121,"06,08,14,19,23,25",11,2018-10-16,{}
18122,"05,07,20,22,30,32",10,2018-10-18,{}
18123,"13,21,24,27,31,32",01,2018-10-21,{}
18124,"09,13,14,19,22,25",02,2018-10-23,{}
18125,"03,10,11,14,15,32",02,2018-10-25,{}
18126,"01,06,08,09,14,22",05,2018-10-28,{}
18127,"02,05,06,07,11,15",12,2018-10-30,{}
18128,"06,07,08,19,22,23",02,2018-11-01,{}
18129,"02,04,06,16,18,19",16,2018-11-04,{}
18130,"05,12,17,18,24,28",12,2018-11-06,{}
18131,"21,22,24,31,32,33",01,2018-11-08,{}
18132,"01,02,09,10,15,22",06,2018-11-11,{}
18133,"02,04,11,12,18,32",13,2018-11-13,{}
18134,"03,16,18,31,32,33",12,2018-11-15,{}
18135,"01,03,06,10,11,29",16,2018-11-18,{}
18136,"10,12,15,25,26,27",14,2018-11-20,{}
18137,"03,05,11,15,20,23",09,2018-11-22,{}
18138,"01,10,25,27,30,32",09,2018-11-25,{}
18139,"11,18,20,23,31,32",15,2018-11-27,{}
18140,"01,15,20,22,25,28",14,2018-11-29,{}
18141,"11,14,16,18,24,33",04,2018-12-02,{}
18142,"05,08,10,11,27,28",11,2018-12-04,{}
18143,"04,06,15,28,32,33",14,2018-12-06,{}
18144,"08,13,17,18,20,27",13,2018-12-09,{}
18145,"03,09,13,22,23,25",06,2018-12-11,{}
18146,"02,10,11,17,18,29",16,2018-12-13,{}
18147,"03,15,17,23,27,30",11,2018-12-16,{}
18148,"03,06,18,19,21,31",01,2018-12-18,{}
18149,"01,07,08,10,12,24",01,2018-12-20,{}
18150,"06,08,15,19,20,31",05,2018-12-23,{}
18151,"05,15,19,25,26,29",15,2018-12-25,{}
18152,"04,14,16,23,28,29",03,2018-12-27,{}
18153,"01,07,17,23,25,31",11,2018-12-30,{}
19001,"06,10,13,15,32,33",15,2019-01-01,{}
19002,"04,05,06,08,09,18",11,2019-01-03,{}
19003,"13,17,20,21,22,27",01,2019-01-06,{}
19004,"08,12,16,19,26,32",03,2019-01-08,{}
19005,"21,22,26,28,31,32",07,2019-01-10,{}
19006,"01,05,10,19,26,28",12,2019-01-13,{}
19007,"06,10,14,15,19,23",15,2019-01-15,{}
19008,"02,06,09,13,28,32",12,2019-01-17,{}
19009,"01,07,10,22,31,32",15,2019-01-20,{}
19010,"02,04,05,08,11,30",02,2019-01-22,{}
19011,"10,13,19,21,24,30",07,2019-01-24,{}
19012,"07,10,21,23,31,33",14,2019-01-27,{}
19013,"05,07,14,16,18,21",01,2019-01-29,{}
19014,"01,02,03,14,19,33",03,2019-01-31,{}
19015,"11,15,16,20,24,31",04,2019-02-03,{}
19016,"05,07,09,11,19,25",05,2019-02-12,{}
19017,"04,05,24,28,30,33",09,2019-02-14,{}
19018,"04,11,18,19,26,32",04,2019-02-17,{}
19019,"03,11,17,18,24,25",06,2019-02-19,{}
19020,"02,12,13,23,27,28",12,2019-02-21,{}
19021,"02,05,07,08,20,27",04,2019-02-24,{}
19022,"03,07,11,21,30,33",07,2019-02-26,{}
19023,"01,10,14,15,18,31",13,2019-02-28,{}
19024,"01,08,23,25,28,29",10,2019-03-03,{}
19025,"15,16,21,27,30,33",04,2019-03-05,{}
19026,"03,13,15,19,20,27",14,2019-03-07,{}
19027,"02,06,08,10,11,17",13,2019-03-10,{}
19028,"04,19,22,26,29,30",11,2019-03-12,{}
19029,"08,11,17,23,32,33",10,2019-03-14,{}
19030,"04,05,07,10,12,22",16,2019-03-17,{}
19031,"03,13,15,18,21,33",16,2019-03-19,{}
19032,"04,08,09,13,28,33",04,2019-03-21,{}
19033,"09,15,19,21,23,29",15,2019-03-24,{}
19034,"09,11,15,22,24,26",03,2019-03-26,{}
19035,"01,05,07,09,10,20",16,2019-03-28,{}
19036,"02,10,13,16,23,32",08,2019-03-31,{}
19037,"01,07,12,14,18,25",10,2019-04-02,{}
19038,"09,12,21,27,29,30",05,2019-04-04,{}
19039,"06,07,11,14,27,32",08,2019-04-07,{}
19040,"05,06,09,18,23,31",11,2019-04-09,{}
19041,"02,09,13,23,24,26",16,2019-04-11,{}
19042,"15,17,19,22,25,26",04,2019-04-14,{}
19043,"01,06,12,13,24,32",13,2019-04-16,{}
19044,"06,14,16,17,23,29",07,2019-04-18,{}
19045,"01,06,17,19,27,31",14,2019-04-21,{}
19046,"02,12,16,22,25,32",06,2019-04-23,{}
19047,"03,11,18,25,30,33",14,2019-04-25,{}
19048,"03,07,10,12,18,29",10,2019-04-28,{}
19049,"03,10,13,22,23,28",15,2019-04-30,{}
19050,"04,06,10,11,21,23",02,2019-05-02,{}
19051,"08,09,10,13,15,28",09,2019-05-05,{}
19052,"03,06,09,13,16,19",16,2019-05-07,{}
19053,"04,16,22,25,29,31",08,2019-05-09,{}
19054,"07,10,11,15,24,26",11,2019-05-12,{}
19055,"01,06,11,15,19,31",10,2019-05-14,{}
19056,"13,14,17,19,21,29",01,2019-05-16,{}
19057,"04,05,06,08,13,18",16,2019-05-19,{}
19058,"07,08,12,21,23,27",12,2019-05-21,{}
19059,"04,05,07,09,16,18",06,2019-05-23,{}
19060,"03,04,14,20,23,27",01,2019-05-26,{}
19061,"03,17,19,24,27,31",12,2019-05-28,{}
19062,"07,13,16,23,26,30",01,2019-05-30,{}
19063,"01,14,19,22,29,31",16,2019-06-02,{}
19064,"12,20,24,25,30,33",12,2019-06-04,{}
19065,"06,09,11,15,20,26",10,2019-06-06,{}
19066,"01,14,17,20,22,32",04,2019-06-09,{}
19067,"04,06,08,11,30,33",11,2019-06-11,{}
19068,"03,14,20,24,26,33",10,2019-06-13,{}
19069,"06,11,16,19,21,25",01,2019-06-16,{}
19070,"06,15,18,19,24,32",09,2019-06-18,{}
19071,"01,08,19,24,29,30",04,2019-06-20,{}
19072,"02,09,13,15,22,30",15,2019-06-23,{}
19073,"01,02,06,12,16,18",08,2019-06-25,{}
19074,"12,21,27,29,31,33",04,2019-06-27,{}
19075,"05,08,20,22,31,33",03,2019-06-30,{}
19076,"12,15,19,20,29,32",14,2019-07-02,{}
19077,"09,11,13,18,21,22",15,2019-07-04,{}
19078,"01,17,27,29,31,33",12,2019-07-07,{}
19079,"01,03,06,09,19,31",16,2019-07-09,{}
19080,"03,06,08,20,24,32",07,2019-07-11,{}
19081,"05,24,27,29,31,32",10,2019-07-14,{}
19082,"07,16,19,22,24,28",02,2019-07-16,{}
19083,"06,15,17,26,28,31",03,2019-07-18,{}
19084,"04,08,14,18,20,27",03,2019-07-21,{}
19085,"01,04,14,18,24,29",04,2019-07-23,{}
19086,"16,22,24,26,28,31",06,2019-07-25,{}
19087,"04,05,07,09,21,30",04,2019-07-28,{}
19088,"13,14,15,21,23,29",13,2019-07-30,{}
19089,"02,04,14,16,20,22",11,2019-08-01,{}
19090,"02,03,06,08,14,22",04,2019-08-04,{}
19091,"07,10,21,24,29,32",11,2019-08-06,{}
19092,"09,17,27,28,32,33",08,2019-08-08,{}
19093,"05,07,08,09,20,22",02,2019-08-11,{}
19094,"05,10,12,18,19,27",06,2019-08-13,{}
19095,"02,05,14,19,21,28",01,2019-08-15,{}
19096,"05,07,12,18,27,32",11,2019-08-18,{}
19097,"03,05,18,24,25,31",09,2019-08-20,{}
19098,"03,11,12,14,17,26",09,2019-08-22,{}
19099,"07,14,22,23,27,30",08,2019-08-25,{}
19100,"01,04,12,13,30,32",08,2019-08-27,{}
19101,"01,04,09,21,31,33",05,2019-08-29,{}
19102,"03,08,12,16,20,32",12,2019-09-01,{}
19103,"04,12,14,21,27,29",12,2019-09-03,{}
19104,"01,05,16,17,18,24",10,2019-09-05,{}
19105,"02,13,15,17,26,33",01,2019-09-08,{}
19106,"02,14,22,27,30,33",14,2019-09-10,{}
19107,"02,06,08,23,27,32",02,2019-09-12,{}
19108,"07,13,19,22,25,32",13,2019-09-15,{}
19109,"03,06,07,17,28,31",10,2019-09-17,{}
19110,"01,18,22,26,27,28",08,2019-09-19,{}
19111,"07,18,20,22,24,33",01,2019-09-22,{}
19112,"03,12,14,17,23,27",01,2019-09-24,{}
19113,"01,05,19,21,25,33",15,2019-09-26,{}
19114,"02,04,09,11,12,30",01,2019-09-29,{}
19115,"04,10,11,14,15,29",05,2019-10-08,{}
19116,"01,08,09,13,16,33",01,2019-10-10,{}
19117,"03,05,11,28,32,33",01,2019-10-13,{}
19118,"12,14,15,25,28,31",04,2019-10-15,{}
19119,"04,20,22,24,26,33",07,2019-10-17,{}
19120,"10,12,27,31,32,33",03,2019-10-20,{}
19121,"02,06,15,21,30,31",02,2019-10-22,{}
19122,"04,10,15,19,21,23",02,2019-10-24,{}
19123,"02,06,08,17,28,30",06,2019-10-27,{}
19124,"04,09,30,31,32,33",01,2019-10-29,{}
19125,"02,11,12,26,27,29",03,2019-10-31,{}
19126,"02,14,17,29,32,33",16,2019-11-03,{}
19127,"02,06,07,12,17,24",10,2019-11-05,{}
19128,"03,08,12,16,17,19",08,2019-11-07,{}
19129,"03,04,07,09,15,26",07,2019-11-10,{}
19130,"01,07,09,11,24,32",16,2019-11-12,{}
19131,"09,17,19,20,24,31",04,2019-11-14,{}
19132,"04,06,11,14,19,33",07,2019-11-17,{}
19133,"03,07,16,21,24,31",07,2019-11-19,{}
19134,"01,04,06,22,29,30",03,2019-11-21,{}
19135,"03,06,10,11,27,33",03,2019-11-24,{}
19136,"12,14,15,17,29,33",12,2019-11-26,{}
19137,"07,10,13,19,23,31",06,2019-11-28,{}
19138,"02,06,12,30,31,32",11,2019-12-01,{}
19139,"08,14,20,23,30,33",11,2019-12-03,{}
19140,"02,04,09,11,14,22",05,2019-12-05,{}
19141,"10,13,14,15,17,33",14,2019-12-08,{}
19142,"08,14,24,27,29,33",09,2019-12-10,{}
19143,"05,13,15,16,26,32",09,2019-12-12,{}
19144,"02,12,15,19,27,30",03,2019-12-15,{}
19145,"01,08,13,17,18,19",16,2019-12-17,{}
19146,"01,04,10,12,30,32",14,2019-12-19,{}
19147,"01,09,12,14,23,27",12,2019-12-22,{}
19148,"09,10,13,20,26,27",08,2019-12-24,{}
19149,"01,06,27,28,31,33",07,2019-12-26,{}
19150,"02,09,14,22,27,29",02,2019-12-29,{}
19151,"02,06,09,18,24,26",14,2019-12-31,{}
20001,"02,15,23,26,29,30",02,2020-01-02,{}
20002,"04,09,14,15,16,29",11,2020-01-05,{}
20003,"09,17,26,29,30,32",03,2020-01-07,{}
20004,"02,15,17,27,32,33",03,2020-01-09,{}
20005,"11,16,17,22,26,32",04,2020-01-12,{}
20006,"03,04,05,10,16,32",09,2020-01-14,{}
20007,"05,12,17,20,25,31",10,2020-01-16,{}
20008,"01,04,06,10,11,28",16,2020-01-19,{}
20009,"03,06,08,14,19,26",12,2020-01-21,{}
20010,"11,14,22,27,31,32",09,2020-03-12,{}
20011,"04,05,07,17,18,29",01,2020-03-15,{}
20012,"04,13,14,23,26,31",09,2020-03-17,{}
20013,"02,08,10,20,21,30",14,2020-03-19,{}
20014,"02,07,08,10,12,16",07,2020-03-22,{}
20015,"08,09,22,24,30,33",01,2020-03-24,{}
20016,"05,06,08,17,24,27",07,2020-03-26,{}
20017,"02,04,07,15,20,27",04,2020-03-29,{}
20018,"05,07,08,11,17,22",13,2020-03-31,{}
20019,"15,19,27,28,30,33",03,2020-04-02,{}
20020,"01,06,09,13,15,22",14,2020-04-05,{}
20021,"02,06,14,16,27,31",07,2020-04-07,{}
20022,"02,10,20,22,25,30",02,2020-04-09,{}
20023,"04,05,20,21,30,33",08,2020-04-12,{}
20024,"10,13,27,28,29,31",08,2020-04-14,{}
20025,"01,09,10,15,20,29",02,2020-04-16,{}
20026,"01,04,09,18,19,31",06,2020-04-19,{}
20027,"12,13,14,24,25,28",06,2020-04-21,{}
20028,"05,06,15,18,26,32",08,2020-04-23,{}
20029,"01,12,18,20,30,32",05,2020-04-26,{}
20030,"17,18,21,29,30,32",03,2020-04-28,{}
20031,"02,05,09,15,16,27",09,2020-04-30,{}
20032,"03,11,13,14,15,26",13,2020-05-03,{}
20033,"07,10,12,21,31,32",01,2020-05-05,{}
20034,"02,08,15,16,26,32",03,2020-05-07,{}
20035,"10,14,24,25,28,33",11,2020-05-10,{}
20036,"07,09,16,22,24,32",06,2020-05-12,{}
20037,"01,04,11,13,17,24",15,2020-05-14,{}
20038,"01,06,07,18,23,24",15,2020-05-17,{}
20039,"02,09,10,11,16,29",02,2020-05-19,{}
20040,"01,06,12,16,19,21",04,2020-05-21,{}
20041,"06,07,16,22,24,25",13,2020-05-24,{}
20042,"02,06,07,11,14,31",03,2020-05-26,{}
20043,"01,11,24,25,27,30",07,2020-05-28,{}
20044,"07,08,16,17,19,24",07,2020-05-31,{}
20045,"02,03,15,21,22,33",16,2020-06-02,{}
20046,"13,19,25,26,27,32",08,2020-06-04,{}
20047,"04,10,17,19,28,32",01,2020-06-07,{}
20048,"12,14,18,23,30,32",02,2020-06-09,{}
20049,"01,07,09,12,18,22",04,2020-06-11,{}
20050,"04,09,17,20,32,33",15,2020-06-14,{}
20051,"03,06,08,11,19,28",08,2020-06-16,{}
20052,"02,08,13,29,32,33",15,2020-06-18,{}
20053,"02,14,15,16,32,33",01,2020-06-21,{}
20054,"03,10,19,25,26,31",02,2020-06-23,{}
20055,"01,05,07,23,28,30",12,2020-06-25,{}
20056,"02,05,08,12,26,31",14,2020-06-28,{}
20057,"09,14,21,23,26,32",03,2020-06-30,{}
20058,"01,03,11,12,19,26",07,2020-07-02,{}
20059,"02,04,10,17,22,25",14,2020-07-05,{}
20060,"05,09,14,20,24,30",08,2020-07-07,{}
20061,"08,17,24,26,27,31",04,2020-07-09,{}
20062,"10,14,17,22,26,27",05,2020-07-12,{}
20063,"12,15,16,22,29,32",14,2020-07-14,{}
20064,"01,03,07,21,27,32",01,2020-07-16,{}
20065,"09,15,18,21,23,26",08,2020-07-19,{}
20066,"02,09,13,17,26,28",07,2020-07-21,{}
20067,"04,07,09,23,27,30",08,2020-07-23,{}
20068,"12,16,21,26,27,32",10,2020-07-26,{}
20069,"03,09,10,13,18,26",04,2020-07-28,{}
20070,"01,02,04,06,19,21",15,2020-07-30,{}
20071,"09,11,12,13,22,23",08,2020-08-02,{}
20072,"06,08,10,15,17,26",04,2020-08-04,{}
20073,"05,07,11,13,27,29",03,2020-08-06,{}
20074,"04,08,09,13,19,33",12,2020-08-09,{}
20075,"03,11,13,20,24,30",16,2020-08-11,{}
20076,"10,15,16,18,20,27",06,2020-08-13,{}
20077,"03,10,16,21,25,27",12,2020-08-16,{}
20078,"03,11,14,16,21,32",04,2020-08-18,{}
20079,"05,12,20,21,22,29",14,2020-08-20,{}
20080,"14,15,18,22,31,33",01,2020-08-23,{}
20081,"01,05,13,14,27,33",15,2020-08-25,{}
20082,"02,08,11,17,21,30",09,2020-08-27,{}
20083,"01,19,25,26,30,31",12,2020-08-30,{}
20084,"03,07,16,17,23,30",07,2020-09-01,{}
20085,"01,02,05,09,19,24",16,2020-09-03,{}
20086,"02,04,06,15,24,27",06,2020-09-06,{}
20087,"11,15,20,23,25,33",10,2020-09-08,{}
20088,"01,06,12,26,29,30",12,2020-09-10,{}
20089,"02,14,16,21,29,30",10,2020-09-13,{}
20090,"02,21,23,26,31,32",06,2020-09-15,{}
20091,"01,09,11,12,16,19",16,2020-09-17,{}
20092,"01,06,12,18,22,24",03,2020-09-20,{}
20093,"04,05,10,13,15,19",15,2020-09-22,{}
20094,"10,15,17,27,29,31",08,2020-09-24,{}
20095,"03,09,16,17,20,26",02,2020-09-27,{}
20096,"01,20,23,26,27,32",15,2020-09-29,{}
20097,"02,08,21,25,26,30",10,2020-10-06,{}
20098,"06,08,11,22,25,33",02,2020-10-08,{}
20099,"05,06,11,12,15,30",12,2020-10-11,{}
20100,"01,07,15,16,20,23",07,2020-10-13,{}
20101,"10,17,24,25,28,30",15,2020-10-15,{}
20102,"09,10,19,25,26,29",08,2020-10-18,{}
20103,"04,09,10,22,28,32",08,2020-10-20,{}
20104,"04,08,10,16,27,29",09,2020-10-22,{}
20105,"06,14,19,20,22,24",01,2020-10-25,{}
20106,"02,04,11,15,18,28",10,2020-10-27,{}
20107,"03,09,11,24,25,28",16,2020-10-29,{}
20108,"10,12,15,17,23,32",05,2020-11-01,{}
20109,"06,13,16,20,23,32",13,2020-11-03,{}
20110,"02,06,09,14,22,25",04,2020-11-05,{}
20111,"06,09,17,22,24,26",16,2020-11-08,{}
20112,"02,09,12,17,28,32",05,2020-11-10,{}
20113,"01,03,07,10,22,32",11,2020-11-12,{}
20114,"01,05,11,24,30,32",03,2020-11-15,{}
20115,"01,04,12,20,25,32",02,2020-11-17,{}
20116,"05,06,14,16,19,27",10,2020-11-19,{}
20117,"07,08,09,10,16,27",07,2020-11-22,{}
20118,"11,13,19,26,30,33",05,2020-11-24,{}
20119,"01,09,22,28,32,33",15,2020-11-26,{}
20120,"01,02,03,04,09,10",12,2020-11-29,{}
20121,"02,04,06,21,25,29",03,2020-12-01,{}
20122,"12,15,17,24,26,31",15,2020-12-03,{}
20123,"01,03,18,19,26,29",03,2020-12-06,{}
20124,"16,18,19,20,29,33",12,2020-12-08,{}
20125,"05,12,16,26,30,31",13,2020-12-10,{}
20126,"03,07,12,14,23,28",11,2020-12-13,{}
20127,"01,04,18,19,26,31",07,2020-12-15,{}
20128,"08,10,15,16,23,26",10,2020-12-17,{}
20129,"01,02,05,15,28,33",04,2020-12-20,{}
20130,"08,09,11,14,17,29",16,2020-12-22,{}
20131,"08,19,22,26,27,30",07,2020-12-24,{}
20132,"01,04,11,12,14,23",04,2020-12-27,{}
20133,"03,19,22,23,27,29",07,2020-12-29,{}
20134,"02,09,10,20,22,26",01,2020-12-31,{}
21001,"02,03,13,18,20,31",11,2021-01-03,{}
21002,"06,10,13,25,26,32",11,2021-01-05,{}
21003,"06,09,16,18,22,29",11,2021-01-07,{}
21004,"02,03,07,08,17,22",15,2021-01-10,{}
21005,"07,09,14,26,30,31",04,2021-01-12,{}
21006,"06,08,22,24,25,26",01,2021-01-14,{}
21007,"02,04,12,21,25,32",16,2021-01-17,{}
21008,"01,05,07,14,18,33",07,2021-01-19,{}
21009,"02,04,07,24,25,32",13,2021-01-21,{}
21010,"01,04,11,19,32,33",05,2021-01-24,{}
21011,"05,10,16,23,27,33",14,2021-01-26,{}
21012,"03,06,14,18,20,26",01,2021-01-28,{}
21013,"06,09,12,16,27,31",06,2021-01-31,{}
21014,"04,15,21,25,29,33",06,2021-02-02,{}
21015,"06,14,16,26,28,29",07,2021-02-04,{}
21016,"03,08,09,13,15,18",10,2021-02-07,{}
21017,"09,15,18,29,32,33",02,2021-02-21,{}
21018,"02,08,14,23,25,32",06,2021-02-23,{}
21019,"12,16,17,24,28,29",08,2021-02-25,{}
21020,"01,03,06,07,09,11",02,2021-02-28,{}
21021,"04,08,17,24,28,33",13,2021-03-02,{}
21022,"10,15,17,25,31,32",06,2021-03-04,{}
21023,"02,21,22,23,27,28",11,2021-03-07,{}
21024,"01,04,06,10,11,18",02,2021-03-09,{}
21025,"06,08,14,17,18,30",11,2021-03-11,{}
21026,"03,05,13,19,20,25",03,2021-03-14,{}
21027,"05,07,09,16,20,26",08,2021-03-16,{}
21028,"11,16,23,26,27,33",05,2021-03-18,{}
21029,"08,10,15,17,22,30",12,2021-03-21,{}
21030,"08,09,13,27,29,31",05,2021-03-23,{}
21031,"06,11,21,25,28,31",07,2021-03-25,{}
21032,"01,05,08,15,16,30",03,2021-03-28,{}
21033,"02,12,13,14,31,33",06,2021-03-30,{}
21034,"04,10,12,18,23,25",01,2021-04-01,{}
21035,"12,14,18,20,26,28",11,2021-04-04,{}
21036,"01,02,06,11,21,26",11,2021-04-06,{}
21037,"13,17,19,24,26,30",12,2021-04-08,{}
21038,"05,07,09,16,18,27",06,2021-04-11,{}
21039,"02,08,21,24,29,31",13,2021-04-13,{}
21040,"02,06,07,24,28,29",16,2021-04-15,{}
21041,"02,09,18,23,26,32",14,2021-04-18,{}
21042,"05,09,10,22,25,27",08,2021-04-20,{}
21043,"02,03,17,18,23,24",01,2021-04-22,{}
21044,"05,07,14,17,26,28",13,2021-04-25,{}
21045,"01,04,14,15,17,32",02,2021-04-27,{}
21046,"05,09,13,21,28,33",06,2021-04-29,{}
21047,"03,07,13,16,24,29",01,2021-05-02,{}
21048,"04,15,17,22,29,32",03,2021-05-04,{}
21049,"04,11,13,22,25,32",01,2021-05-06,{}
21050,"02,09,10,16,25,28",08,2021-05-09,{}
21051,"08,09,10,19,27,29",15,2021-05-11,{}
21052,"03,04,06,19,21,30",14,2021-05-13,{}
21053,"07,10,14,16,24,33",16,2021-05-16,{}
21054,"07,13,21,22,24,31",02,2021-05-18,{}
21055,"03,11,12,16,22,28",10,2021-05-20,{}
21056,"08,21,22,23,29,32",01,2021-05-23,{}
21057,"05,06,09,17,25,33",16,2021-05-25,{}
21058,"09,11,13,18,19,28",14,2021-05-27,{}
21059,"01,09,11,18,32,33",14,2021-05-30,{}
21060,"10,11,17,20,29,30",15,2021-06-01,{}
21061,"04,09,12,18,20,23",01,2021-06-03,{}
21062,"12,13,15,20,22,25",10,2021-06-06,{}
21063,"04,05,06,09,23,24",09,2021-06-08,{}
21064,"04,06,08,15,16,18",16,2021-06-10,{}
21065,"01,04,08,19,29,33",16,2021-06-13,{}
21066,"02,06,19,26,30,33",15,2021-06-15,{}
21067,"01,11,19,23,25,29",09,2021-06-17,{}
21068,"04,14,18,24,31,32",15,2021-06-20,{}
21069,"06,11,18,20,23,26",05,2021-06-22,{}
21070,"01,05,11,15,16,29",15,2021-06-24,{}
21071,"01,07,24,31,32,33",08,2021-06-27,{}
21072,"01,09,15,16,19,21",15,2021-06-29,{}
21073,"01,06,18,22,24,25",08,2021-07-01,{}
21074,"04,05,09,14,25,27",07,2021-07-04,{}
21075,"12,15,16,21,22,29",01,2021-07-06,{}
21076,"03,09,21,23,30,32",06,2021-07-08,{}
21077,"08,15,17,25,27,30",10,2021-07-11,{}
21078,"04,06,15,26,27,31",12,2021-07-13,{}
21079,"01,03,10,24,28,29",13,2021-07-15,{}
21080,"05,08,22,23,24,29",09,2021-07-18,{}
21081,"01,03,05,18,22,23",01,2021-07-20,{}
21082,"03,06,11,13,26,32",05,2021-07-22,{}
21083,"04,09,11,25,28,33",04,2021-07-25,{}
21084,"05,07,09,11,21,28",01,2021-07-27,{}
21085,"05,06,07,11,14,20",02,2021-07-29,{}
21086,"06,08,10,14,28,29",01,2021-08-01,{}
21087,"02,13,16,19,23,24",04,2021-08-03,{}
21088,"04,12,15,16,19,26",06,2021-08-05,{}
21089,"01,02,07,13,23,24",12,2021-08-08,{}
21090,"05,06,12,14,27,28",08,2021-08-10,{}
21091,"04,06,16,24,26,33",16,2021-08-12,{}
21092,"02,07,08,10,12,31",03,2021-08-15,{}
21093,"05,11,15,23,28,33",03,2021-08-17,{}
21094,"09,11,24,25,28,33",15,2021-08-19,{}
21095,"08,12,17,24,27,28",13,2021-08-22,{}
21096,"01,07,11,14,15,26",11,2021-08-24,{}
21097,"03,11,12,13,25,28",12,2021-08-26,{}
21098,"01,10,13,18,26,32",05,2021-08-29,{}
21099,"09,11,17,18,20,27",15,2021-08-31,{}
21100,"07,09,12,13,14,29",16,2021-09-02,{}
21101,"02,04,12,22,29,31",01,2021-09-05,{}
21102,"05,09,15,24,27,30",09,2021-09-07,{}
21103,"10,13,15,25,29,30",15,2021-09-09,{}
21104,"01,07,17,20,22,28",15,2021-09-12,{}
21105,"10,14,15,22,27,32",09,2021-09-14,{}
21106,"01,04,07,14,30,31",03,2021-09-16,{}
21107,"02,03,17,19,25,30",01,2021-09-19,{}
21108,"11,15,18,24,26,32",09,2021-09-21,{}
21109,"02,03,10,17,20,26",16,2021-09-23,{}
21110,"10,13,15,24,31,32",02,2021-09-26,{}
21111,"17,20,22,23,26,28",06,2021-09-28,{}
21112,"05,06,21,25,28,33",07,2021-09-30,{}
21113,"04,07,10,22,27,30",02,2021-10-05,{}
21114,"04,06,08,14,24,27",02,2021-10-07,{}
21115,"02,10,12,15,24,27",08,2021-10-10,{}
21116,"06,14,17,18,31,33",06,2021-10-12,{}
21117,"03,05,17,21,27,33",04,2021-10-14,{}
21118,"02,06,14,18,20,31",13,2021-10-17,{}
21119,"03,09,10,11,28,29",13,2021-10-19,{}
21120,"01,07,08,12,13,18",05,2021-10-21,{}
21121,"04,05,12,16,22,30",15,2021-10-24,{}
21122,"04,05,12,15,18,28",07,2021-10-26,{}
21123,"06,14,15,19,29,31",05,2021-10-28,{}
21124,"01,03,18,22,29,32",02,2021-10-31,{}
21125,"14,19,20,23,24,31",09,2021-11-02,{}
21126,"19,20,23,27,28,31",01,2021-11-04,{}
21127,"07,15,16,20,27,29",07,2021-11-07,{}
21128,"05,17,20,21,23,33",04,2021-11-09,{}
21129,"04,15,21,27,28,29",10,2021-11-11,{}
21130,"08,09,15,24,26,30",06,2021-11-14,{}
21131,"08,11,18,19,20,24",01,2021-11-16,{}
21132,"01,04,06,14,20,28",08,2021-11-18,{}
21133,"01,03,12,19,27,31",10,2021-11-21,{}
21134,"01,02,16,19,25,31",08,2021-11-23,{}
21135,"03,10,17,19,21,31",04,2021-11-25,{}
21136,"02,06,09,15,19,28",16,2021-11-28,{}
21137,"03,07,10,14,21,24",01,2021-11-30,{}
21138,"11,14,15,16,27,32",09,2021-12-02,{}
21139,"12,14,19,23,24,27",01,2021-12-05,{}
21140,"05,10,16,26,27,33",01,2021-12-07,{}
21141,"01,14,19,23,26,30",10,2021-12-09,{}
21142,"04,07,17,19,20,24",16,2021-12-12,{}
21143,"01,09,11,13,20,29",09,2021-12-14,{}
21144,"02,05,13,15,23,26",07,2021-12-16,{}
21145,"04,07,10,14,16,26",09,2021-12-19,{}
21146,"07,09,21,22,26,32",03,2021-12-21,{}
21147,"05,10,11,13,27,28",09,2021-12-23,{}
21148,"10,12,15,17,19,20",08,2021-12-26,{}
21149,"05,10,15,18,19,32",05,2021-12-28,{}
21150,"09,14,20,21,24,26",04,2021-12-30,{}
22001,"06,13,15,17,20,21",03,2022-01-02,{}
22002,"02,12,21,23,25,31",08,2022-01-04,{}
22003,"02,05,16,17,18,30",06,2022-01-06,{}
22004,"05,19,24,28,30,32",14,2022-01-09,{}
22005,"07,10,12,16,19,31",16,2022-01-11,{}
22006,"03,06,09,15,22,31",02,2022-01-13,{}
22007,"01,20,22,23,25,28",16,2022-01-16,{}
22008,"02,03,07,09,20,21",13,2022-01-18,{}
22009,"04,15,17,19,25,28",16,2022-01-20,{}
22010,"12,18,19,20,21,32",15,2022-01-23,{}
22011,"06,15,23,24,25,33",15,2022-01-25,{}
22012,"04,07,08,29,30,31",01,2022-01-27,{}
22013,"02,03,04,07,10,18",15,2022-02-08,{}
22014,"06,07,13,14,15,27",04,2022-02-10,{}
22015,"06,14,16,27,28,31",07,2022-02-13,{}
22016,"05,10,19,20,29,31",14,2022-02-15,{}
22017,"06,09,24,29,30,32",07,2022-02-17,{}
22018,"07,11,16,17,30,32",16,2022-02-20,{}
22019,"05,06,14,20,21,25",08,2022-02-22,{}
22020,"09,11,14,22,30,32",01,2022-02-24,{}
22021,"03,07,22,24,26,31",14,2022-02-27,{}
22022,"01,07,11,15,17,19",06,2022-03-01,{}
22023,"07,12,17,19,24,25",02,2022-03-03,{}
22024,"07,09,10,14,19,24",15,2022-03-06,{}
22025,"06,19,24,25,28,32",04,2022-03-08,{}
22026,"03,04,10,15,22,24",02,2022-03-10,{}
22027,"14,15,18,19,26,32",09,2022-03-13,{}
22028,"05,11,20,22,23,29",09,2022-03-15,{}
22029,"03,08,10,13,26,32",08,2022-03-17,{}
22030,"12,23,24,26,27,30",05,2022-03-20,{}
22031,"01,10,11,22,26,32",07,2022-03-22,{}
22032,"04,10,11,14,23,32",07,2022-03-24,{}
22033,"05,12,19,22,25,26",05,2022-03-27,{}
22034,"14,17,26,31,32,33",10,2022-03-29,{}
22035,"08,12,13,19,23,25",15,2022-03-31,{}
22036,"02,03,14,16,26,31",02,2022-04-03,{}
22037,"01,10,13,20,22,32",14,2022-04-05,{}
22038,"09,12,13,16,24,32",04,2022-04-07,{}
22039,"02,06,07,10,15,20",05,2022-04-10,{}
22040,"03,12,14,16,31,33",12,2022-04-12,{}
22041,"05,07,21,22,24,29",14,2022-04-14,{}
22042,"05,10,11,21,22,30",13,2022-04-17,{}
22043,"02,17,20,23,25,27",08,2022-04-19,{}
22044,"01,07,08,21,23,29",06,2022-04-21,{}
22045,"03,12,17,18,19,28",04,2022-04-24,{}
22046,"02,11,24,25,27,30",14,2022-04-26,{}
22047,"03,07,08,14,27,30",09,2022-04-28,{}
22048,"05,07,17,20,26,31",14,2022-05-01,{}
22049,"02,04,07,18,25,26",10,2022-05-03,{}
22050,"03,05,08,14,27,33",08,2022-05-05,{}
22051,"02,05,11,17,21,33",01,2022-05-08,{}
22052,"07,24,27,29,31,32",15,2022-05-10,{}
22053,"10,14,18,23,27,33",15,2022-05-12,{}
22054,"08,12,21,27,28,33",11,2022-05-15,{}
22055,"02,04,09,26,28,33",03,2022-05-17,{}
22056,"01,06,11,14,17,26",15,2022-05-19,{}
22057,"12,15,20,26,30,33",16,2022-05-22,{}
22058,"06,13,14,23,31,33",01,2022-05-24,{}
22059,"06,09,18,19,29,33",06,2022-05-26,{}
22060,"16,18,19,24,28,32",01,2022-05-29,{}
22061,"01,03,16,18,29,33",06,2022-05-31,{}
22062,"16,18,20,21,23,33",05,2022-06-02,{}
22063,"06,08,09,17,22,31",11,2022-06-05,{}
22064,"04,06,12,13,17,31",16,2022-06-07,{}
22065,"09,14,18,23,28,31",02,2022-06-09,{}
22066,"06,11,14,20,27,30",09,2022-06-12,{}
22067,"01,05,13,21,26,29",15,2022-06-14,{}
22068,"07,12,15,24,26,29",06,2022-06-16,{}
22069,"06,07,13,19,26,29",08,2022-06-19,{}
22070,"04,06,09,27,28,33",02,2022-06-21,{}
22071,"04,07,15,18,29,33",01,2022-06-23,{}
22072,"05,14,15,16,18,32",12,2022-06-26,{}
22073,"06,10,14,15,26,29",12,2022-06-28,{}
22074,"05,07,15,19,29,33",15,2022-06-30,{}
22075,"01,02,04,25,26,30",10,2022-07-03,{}
22076,"08,09,10,13,24,29",02,2022-07-05,{}
22077,"03,17,18,19,20,27",16,2022-07-07,{}
22078,"01,04,05,15,17,31",09,2022-07-10,{}
22079,"01,09,15,17,22,23",16,2022-07-12,{}
22080,"05,12,15,17,18,27",04,2022-07-14,{}
22081,"04,08,11,21,27,30",01,2022-07-17,{}
22082,"04,10,11,23,30,32",14,2022-07-19,{}
22083,"08,12,13,14,19,20",05,2022-07-21,{}
22084,"03,18,23,24,25,32",09,2022-07-24,{}
22085,"07,09,14,31,32,33",13,2022-07-26,{}
22086,"01,04,08,21,23,24",11,2022-07-28,{}
22087,"05,06,09,13,23,25",08,2022-07-31,{}
22088,"03,09,15,17,20,22",06,2022-08-02,{}
22089,"02,07,15,29,31,33",15,2022-08-04,{}
22090,"01,04,25,27,29,30",07,2022-08-07,{}
22091,"08,18,20,22,24,28",10,2022-08-09,{}
22092,"07,10,16,20,21,27",11,2022-08-11,{}
22093,"21,22,24,28,29,32",14,2022-08-14,{}
22094,"06,11,13,16,19,31",02,2022-08-16,{}
22095,"04,13,14,18,20,28",08,2022-08-18,{}
22096,"03,16,17,19,25,33",07,2022-08-21,{}
22097,"04,05,10,13,30,31",14,2022-08-23,{}
22098,"02,03,04,06,21,33",05,2022-08-25,{}
22099,"01,11,23,24,26,32",15,2022-08-28,{}
22100,"02,06,07,15,20,21",15,2022-08-30,{}
22101,"04,16,18,19,27,28",04,2022-09-01,{}
22102,"09,10,12,18,29,32",14,2022-09-04,{}
22103,"06,09,12,14,20,28",10,2022-09-06,{}
22104,"01,08,19,25,26,31",01,2022-09-08,{}
22105,"06,12,13,15,21,23",15,2022-09-11,{}
22106,"17,20,22,23,24,31",01,2022-09-13,{}
22107,"03,09,11,15,19,28",16,2022-09-15,{}
22108,"01,07,13,17,18,31",15,2022-09-18,{}
22109,"04,11,13,19,22,33",11,2022-09-20,{}
22110,"09,13,15,18,20,28",15,2022-09-22,{}
22111,"02,10,11,13,28,31",01,2022-09-25,{}
22112,"03,05,08,17,25,31",01,2022-09-27,{}
22113,"13,14,20,24,27,29",02,2022-09-29,{}
22114,"01,05,15,19,26,29",13,2022-10-06,{}
22115,"06,07,18,20,27,29",09,2022-10-09,{}
22116,"08,14,26,27,30,33",01,2022-10-11,{}
22117,"04,13,17,18,28,29",06,2022-10-13,{}
22118,"02,06,07,11,14,33",08,2022-10-16,{}
22119,"02,05,15,18,26,27",04,2022-10-18,{}
22120,"02,15,19,26,27,29",02,2022-10-20,{}
22121,"12,17,22,27,30,31",02,2022-10-23,{}
22122,"06,08,17,19,24,28",05,2022-10-25,{}
22123,"10,13,16,20,21,25",05,2022-10-27,{}
22124,"05,10,13,18,24,26",01,2022-10-30,{}
22125,"02,03,07,12,20,31",16,2022-11-01,{}
22126,"01,13,15,17,26,33",13,2022-11-03,{}
22127,"03,04,09,10,29,33",13,2022-11-06,{}
22128,"03,12,18,24,27,29",01,2022-11-08,{}
22129,"10,12,14,22,24,27",07,2022-11-10,{}
22130,"02,08,15,17,26,28",12,2022-11-13,{}
22131,"03,05,10,13,19,29",06,2022-11-15,{}
22132,"01,03,18,26,32,33",04,2022-11-17,{}
22133,"05,08,16,17,21,25",12,2022-11-20,{}
22134,"01,05,14,17,24,31",14,2022-11-22,{}
22135,"09,11,13,24,28,32",06,2022-11-24,{}
22136,"08,10,14,15,18,22",08,2022-11-27,{}
22137,"08,21,23,27,28,33",01,2022-11-29,{}
22138,"02,14,19,21,25,28",11,2022-12-01,{}
22139,"06,07,09,16,17,19",14,2022-12-04,{}
22140,"08,09,18,19,20,27",15,2022-12-06,{}
22141,"05,12,13,17,20,27",14,2022-12-08,{}
22142,"01,03,13,16,21,27",03,2022-12-11,{}
22143,"07,08,13,29,30,33",03,2022-12-13,{}
22144,"07,20,22,23,31,32",05,2022-12-15,{}
22145,"03,21,25,30,31,33",11,2022-12-18,{}
22146,"06,07,13,18,26,31",06,2022-12-20,{}
22147,"02,03,07,13,20,30",10,2022-12-22,{}
22148,"02,15,16,17,21,31",14,2022-12-25,{}
22149,"02,22,26,29,32,33",14,2022-12-27,{}
22150,"01,07,11,12,22,28",05,2022-12-29,{}
23001,"09,16,18,22,28,32",02,2023-01-01,{}
23002,"02,06,10,16,18,22",13,2023-01-03,{}
23003,"05,08,18,25,30,32",06,2023-01-05,{}
23004,"01,07,15,16,20,25",16,2023-01-08,{}
23005,"02,06,08,13,14,19",16,2023-01-10,{}
23006,"02,10,12,14,24,26",05,2023-01-12,{}
23007,"05,06,09,22,25,31",03,2023-01-15,{}
23008,"05,13,18,20,26,28",06,2023-01-17,{}
23009,"03,04,19,23,30,32",06,2023-01-29,{}
23010,"04,05,13,18,27,29",12,2023-01-31,{}
23011,"06,07,16,17,21,22",04,2023-02-02,{}
23012,"03,04,07,22,26,30",06,2023-02-05,{}
23013,"06,10,14,22,23,33",13,2023-02-07,{}
23014,"06,07,18,23,27,30",05,2023-02-09,{}
23015,"02,03,14,21,29,32",08,2023-02-12,{}
23016,"14,16,19,23,28,30",03,2023-02-14,{}
23017,"05,11,18,20,26,28",12,2023-02-16,{}
23018,"10,12,17,19,25,31",13,2023-02-19,{}
23019,"06,12,26,28,29,32",15,2023-02-21,{}
23020,"01,12,17,18,26,27",05,2023-02-23,{}
23021,"02,05,06,19,21,27",04,2023-02-26,{}
23022,"10,11,18,19,23,31",03,2023-02-28,{}
23023,"05,08,10,15,24,25",09,2023-03-02,{}
23024,"03,06,09,17,27,28",03,2023-03-05,{}
23025,"04,16,20,21,31,32",14,2023-03-07,{}
23026,"01,18,26,30,31,33",03,2023-03-09,{}
23027,"08,10,22,27,32,33",08,2023-03-12,{}
23028,"05,07,10,17,20,22",14,2023-03-14,{}
23029,"03,07,12,24,28,33",08,2023-03-16,{}
23030,"02,03,07,16,30,31",06,2023-03-19,{}
23031,"07,14,27,29,31,33",05,2023-03-21,{}
23032,"06,19,20,26,28,33",01,2023-03-23,{}
23033,"08,09,13,23,24,26",05,2023-03-26,{}
23034,"02,03,09,11,12,17",15,2023-03-28,{}
23035,"01,04,09,10,20,33",06,2023-03-30,{}
23036,"13,14,18,19,24,30",09,2023-04-02,{}
23037,"08,23,25,26,29,31",12,2023-04-04,{}
23038,"02,09,14,17,31,33",08,2023-04-06,{}
23039,"02,03,09,13,19,28",09,2023-04-09,{}
23040,"09,16,17,24,29,31",08,2023-04-11,{}
23041,"01,06,12,13,15,24",06,2023-04-13,{}
23042,"10,17,20,23,27,30",10,2023-04-16,{}
23043,"05,08,12,20,24,28",10,2023-04-18,{}
23044,"02,08,15,22,24,26",16,2023-04-20,{}
23045,"03,06,12,21,27,28",04,2023-04-23,{}
23046,"06,08,17,25,26,28",03,2023-04-25,{}
23047,"05,07,14,23,31,33",07,2023-04-27,{}
23048,"02,03,10,24,28,30",08,2023-04-30,{}
23049,"05,07,14,23,25,27",02,2023-05-02,{}
23050,"02,07,09,14,22,23",05,2023-05-04,{}
23051,"22,26,29,30,32,33",14,2023-05-07,{}
23052,"03,04,05,08,12,17",06,2023-05-09,{}
23053,"01,07,14,20,27,30",15,2023-05-11,{}
23054,"05,06,09,10,15,26",12,2023-05-14,{}
23055,"03,04,20,23,27,32",13,2023-05-16,{}
23056,"08,14,15,18,23,33",08,2023-05-18,{}
23057,"02,05,10,17,24,32",03,2023-05-21,{}
23058,"10,17,22,26,30,33",11,2023-05-23,{}
23059,"02,06,13,22,27,32",06,2023-05-25,{}
23060,"09,11,17,19,30,31",11,2023-05-28,{}
23061,"01,04,06,11,12,22",15,2023-05-30,{}
23062,"11,19,23,24,26,33",15,2023-06-01,{}
23063,"04,08,17,20,22,27",13,2023-06-04,{}
23064,"01,07,11,12,16,18",04,2023-06-06,{}
23065,"02,14,17,20,26,33",14,2023-06-08,{}
23066,"02,07,08,10,26,31",06,2023-06-11,{}
23067,"01,03,12,19,28,32",14,2023-06-13,{}
23068,"11,12,15,18,29,33",02,2023-06-15,{}
23069,"12,14,17,20,21,26",02,2023-06-18,{}
23070,"03,05,25,31,32,33",04,2023-06-20,{}
23071,"05,12,15,19,24,26",06,2023-06-22,{}
23072,"02,06,10,24,25,33",09,2023-06-25,{}
23073,"01,03,15,16,25,32",10,2023-06-27,{}
23074,"02,08,09,18,19,21",03,2023-06-29,{}
23075,"13,15,24,28,30,31",01,2023-07-02,{}
23076,"03,04,15,18,19,22",09,2023-07-04,{}
23077,"07,09,14,22,26,27",01,2023-07-06,{}
23078,"06,08,14,19,30,31",08,2023-07-09,{}
23079,"05,06,09,12,21,22",07,2023-07-11,{}
23080,"01,02,04,09,25,31",08,2023-07-13,{}
23081,"01,11,15,16,22,31",15,2023-07-16,{}
23082,"04,18,19,24,27,30",16,2023-07-18,{}
23083,"07,10,12,16,17,30",12,2023-07-20,{}
23084,"09,13,14,17,19,27",03,2023-07-23,{}
23085,"11,18,23,24,31,33",13,2023-07-25,{}
23086,"08,09,10,22,26,32",12,2023-07-27,{}
23087,"02,09,15,17,28,33",01,2023-07-30,{}
23088,"01,14,18,26,31,33",05,2023-08-01,{}
23089,"08,13,15,27,28,31",11,2023-08-03,{}
23090,"01,02,09,26,30,31",07,2023-08-06,{}
23091,"16,20,22,26,30,32",16,2023-08-08,{}
23092,"03,12,24,25,32,33",13,2023-08-10,{}
23093,"10,21,24,25,27,32",07,2023-08-13,{}
23094,"06,10,12,14,30,31",12,2023-08-15,{}
23095,"03,08,16,17,22,26",11,2023-08-17,{}
23096,"08,11,18,26,31,32",15,2023-08-20,{}
23097,"01,09,14,19,29,30",15,2023-08-22,{}
23098,"02,10,11,14,21,27",11,2023-08-24,{}
23099,"09,11,14,19,27,33",05,2023-08-27,{}
23100,"05,06,12,15,23,25",04,2023-08-29,{}
23101,"01,05,09,15,18,26",04,2023-08-31,{}
23102,"01,09,10,13,21,28",10,2023-09-03,{}
23103,"05,06,13,24,25,29",15,2023-09-05,{}
23104,"10,19,23,25,30,31",12,2023-09-07,{}
23105,"01,03,05,26,30,32",16,2023-09-10,{}
23106,"07,09,10,20,22,24",07,2023-09-12,{}
23107,"03,07,18,25,29,33",14,2023-09-14,{}
23108,"01,03,06,08,18,24",09,2023-09-17,{}
23109,"06,08,10,13,16,28",13,2023-09-19,{}
23110,"02,06,20,25,29,33",16,2023-09-21,{}
23111,"05,06,12,17,20,33",09,2023-09-24,{}
23112,"09,12,13,22,24,31",04,2023-09-26,{}
23113,"01,02,13,18,25,27",03,2023-09-28,{}
23114,"07,09,15,16,17,26",09,2023-10-05,{}
23115,"02,07,16,21,26,27",16,2023-10-08,{}
23116,"02,08,09,13,24,27",12,2023-10-10,{}
23117,"02,11,14,17,18,28",08,2023-10-12,{}
23118,"01,02,11,19,25,29",04,2023-10-15,{}
23119,"01,02,03,19,21,28",15,2023-10-17,{}
23120,"03,08,13,24,27,29",08,2023-10-19,{}
23121,"02,12,16,25,30,31",12,2023-10-22,{}
23122,"07,08,14,18,20,30",05,2023-10-24,{}
23123,"10,13,15,22,29,32",15,2023-10-26,{}
23124,"02,03,17,18,25,30",11,2023-10-29,{}
23125,"11,14,15,27,30,33",04,2023-10-31,{}
23126,"10,24,26,28,29,31",16,2023-11-02,{}
23127,"03,08,19,22,26,32",14,2023-11-05,{}
23128,"07,16,20,21,27,33",01,2023-11-07,{}
23129,"08,09,12,17,32,33",04,2023-11-09,{}
23130,"04,10,17,22,23,32",16,2023-11-12,{}
23131,"06,07,14,20,26,32",01,2023-11-14,{}
23132,"03,09,11,15,25,27",01,2023-11-16,{}
23133,"04,05,10,14,22,25",03,2023-11-19,{}
23134,"05,08,09,17,22,33",04,2023-11-21,{}
23135,"05,06,11,13,28,30",07,2023-11-23,{}
23136,"03,05,10,21,22,26",10,2023-11-26,{}
23137,"03,12,17,19,23,27",11,2023-11-28,{}
23138,"03,22,28,30,31,33",04,2023-11-30,{}
23139,"12,14,19,21,27,31",11,2023-12-03,{}
23140,"03,04,11,14,30,31",05,2023-12-05,{}
23141,"01,08,11,12,21,23",03,2023-12-07,{}
23142,"02,08,20,21,27,33",14,2023-12-10,{}
23143,"05,07,09,16,23,30",15,2023-12-12,{}
23144,"12,16,17,22,25,27",08,2023-12-14,{}
23145,"07,10,21,22,23,24",11,2023-12-17,{}
23146,"02,03,06,11,20,32",09,2023-12-19,{}
23147,"05,06,14,16,19,32",12,2023-12-21,{}
23148,"03,05,07,09,19,20",08,2023-12-24,{}
23149,"02,10,19,24,26,33",15,2023-12-26,{}
23150,"10,17,25,26,30,33",05,2023-12-28,{}
23151,"01,15,16,20,25,27",05,2023-12-31,{}
24001,"03,07,16,26,27,32",16,2024-01-02,{}
24002,"04,09,10,17,19,20",09,2024-01-04,{}
24003,"01,05,08,13,32,33",03,2024-01-07,{}
24004,"09,13,17,18,21,27",04,2024-01-09,{}
24005,"05,06,20,23,25,32",03,2024-01-11,{}
24006,"07,18,20,21,26,32",05,2024-01-14,{}
24007,"04,05,06,07,20,22",15,2024-01-16,{}
24008,"08,20,21,23,27,30",13,2024-01-18,{}
24009,"01,04,07,10,17,23",14,2024-01-21,{}
24010,"11,16,20,21,23,24",04,2024-01-23,{}
24011,"08,12,16,20,27,31",06,2024-01-25,{}
24012,"01,03,07,18,22,28",15,2024-01-28,{}
24013,"01,07,10,14,21,25",07,2024-01-30,{}
24014,"01,02,10,22,24,25",13,2024-02-01,{}
24015,"03,08,17,18,20,30",15,2024-02-04,{}
24016,"07,12,20,24,32,33",04,2024-02-06,{}
24017,"04,17,19,20,25,32",04,2024-02-18,{}
24018,"06,15,17,24,28,29",16,2024-02-20,{}
24019,"05,11,12,16,17,20",08,2024-02-22,{}
24020,"03,08,12,14,17,33",08,2024-02-25,{}
24021,"04,06,16,17,23,24",11,2024-02-27,{}
24022,"02,09,11,14,18,26",06,2024-02-29,{}
24023,"01,10,22,25,28,32",10,2024-03-03,{}
24024,"03,07,21,24,26,30",10,2024-03-05,{}
24025,"08,15,21,22,25,33",13,2024-03-07,{}
24026,"04,07,18,19,20,25",06,2024-03-10,{}
24027,"02,06,13,27,28,32",13,2024-03-12,{}
24028,"03,07,08,11,18,19",05,2024-03-14,{}
24029,"12,18,23,25,28,33",04,2024-03-17,{}
24030,"01,08,22,25,29,33",10,2024-03-19,{}
24031,"09,10,13,25,30,32",02,2024-03-21,{}
24032,"01,03,04,11,12,21",16,2024-03-24,{}
24033,"06,10,11,18,20,32",05,2024-03-26,{}
24034,"02,09,12,19,21,31",04,2024-03-28,{}
24035,"05,07,14,17,22,32",06,2024-03-31,{}
24036,"02,08,09,12,21,31",02,2024-04-02,{}
24037,"01,04,05,06,12,14",13,2024-04-04,{}
24038,"08,10,18,23,27,31",02,2024-04-07,{}
24039,"02,06,12,29,30,31",10,2024-04-09,{}
24040,"11,14,18,19,23,26",02,2024-04-11,{}
24041,"02,09,12,22,25,33",16,2024-04-14,{}
24042,"02,04,05,14,26,32",14,2024-04-16,{}
24043,"04,06,07,14,15,24",08,2024-04-18,{}
24044,"02,06,17,25,32,33",06,2024-04-21,{}
24045,"02,08,19,23,24,26",03,2024-04-23,{}
24046,"02,06,10,11,17,29",15,2024-04-25,{}
24047,"07,08,21,26,29,30",15,2024-04-28,{}
24048,"02,09,15,19,26,28",02,2024-04-30,{}
24049,"12,15,17,23,26,32",11,2024-05-02,{}
24050,"01,03,07,10,22,33",02,2024-05-05,{}
24051,"05,09,13,20,23,28",06,2024-05-07,{}
24052,"07,10,11,15,17,21",03,2024-05-09,{}
24053,"07,14,21,22,28,33",07,2024-05-12,{}
24054,"08,13,20,25,31,32",03,2024-05-14,{}
24055,"02,04,06,07,16,29",03,2024-05-16,{}
24056,"05,18,20,24,25,26",06,2024-05-19,{}
24057,"03,08,17,18,23,31",08,2024-05-21,{}
24058,"08,12,13,17,27,29",13,2024-05-23,{}
24059,"01,03,14,25,31,33",07,2024-05-26,{}
24060,"01,02,06,10,22,28",15,2024-05-28,{}
24061,"01,09,18,22,25,28",02,2024-05-30,{}
24062,"01,07,10,16,18,27",16,2024-06-02,{}
24063,"07,14,16,23,28,32",04,2024-06-04,{}
24064,"06,08,17,18,28,30",05,2024-06-06,{}
24065,"03,05,09,10,19,22",14,2024-06-09,{}
24066,"08,09,12,22,26,32",13,2024-06-11,{}
24067,"01,11,13,17,25,29",03,2024-06-13,{}
24068,"01,02,07,19,20,21",01,2024-06-16,{}
24069,"06,13,20,21,24,32",06,2024-06-18,{}
24070,"04,13,18,20,22,28",05,2024-06-20,{}
24071,"02,08,19,28,30,31",14,2024-06-23,{}
24072,"01,14,20,21,23,27",06,2024-06-25,{}
24073,"03,09,12,18,28,30",01,2024-06-27,{}
24074,"07,08,10,22,24,32",07,2024-06-30,{}
24075,"03,05,08,18,22,28",01,2024-07-02,{}
24076,"03,22,24,27,29,32",15,2024-07-04,{}
24077,"01,04,06,14,17,22",08,2024-07-07,{}
24078,"05,09,14,21,22,26",12,2024-07-09,{}
24079,"02,03,06,07,16,26",04,2024-07-11,{}
24080,"06,11,12,27,29,30",13,2024-07-14,{}
24081,"01,06,12,17,23,25",04,2024-07-16,{}
24082,"01,02,13,16,17,29",16,2024-07-18,{}
24083,"03,09,14,29,32,33",15,2024-07-21,{}
24084,"01,08,10,13,19,29",13,2024-07-23,{}
24085,"01,05,15,21,23,27",15,2024-07-25,{}
24086,"17,19,20,23,25,31",02,2024-07-28,{}
24087,"03,09,18,19,20,26",11,2024-07-30,{}
24088,"03,08,10,17,30,32",10,2024-08-01,{}
24089,"03,06,09,15,18,31",01,2024-08-04,{}
24090,"07,11,17,24,31,32",12,2024-08-06,{}
24091,"13,15,16,19,20,24",10,2024-08-08,{}
24092,"03,08,11,12,18,29",05,2024-08-11,{}
24093,"01,05,07,11,12,15",12,2024-08-13,{}
24094,"06,13,17,22,25,27",09,2024-08-15,{}
24095,"04,06,09,14,16,21",03,2024-08-18,{}
24096,"02,04,14,18,23,27",13,2024-08-20,{}
24097,"04,10,12,13,18,30",03,2024-08-22,{}
24098,"03,08,10,20,30,31",02,2024-08-25,{}
24099,"04,12,17,24,26,27",16,2024-08-27,{}
24100,"13,14,19,20,27,30",05,2024-08-29,{}
24101,"08,12,15,17,19,30",08,2024-09-01,{}
24102,"09,15,18,21,22,25",01,2024-09-03,{}
24103,"12,21,23,27,32,33",15,2024-09-05,{}
24104,"05,16,23,24,26,29",04,2024-09-08,{}
24105,"02,05,17,19,29,33",04,2024-09-10,{}
24106,"03,08,11,22,31,33",04,2024-09-12,{}
24107,"01,06,08,13,17,19",09,2024-09-15,{}
24108,"01,08,09,23,24,30",08,2024-09-17,{}
24109,"03,04,24,28,29,33",09,2024-09-19,{}
24110,"04,13,17,23,25,33",14,2024-09-22,{}
24111,"01,04,11,12,22,30",16,2024-09-24,{}
24112,"08,11,16,25,29,32",03,2024-09-26,{}
24113,"04,05,23,24,26,31",11,2024-09-29,{}
24114,"07,11,18,24,27,32",04,2024-10-06,{}
24115,"03,10,11,19,27,28",07,2024-10-08,{}
24116,"01,15,20,22,31,32",03,2024-10-10,{}
24117,"03,12,14,16,29,32",12,2024-10-13,{}
24118,"02,03,04,06,11,15",14,2024-10-15,{}
24119,"02,09,26,27,31,32",14,2024-10-17,{}
24120,"01,05,07,11,18,19",07,2024-10-20,{}
24121,"01,07,10,13,27,33",03,2024-10-22,{}
24122,"05,07,09,16,17,29",15,2024-10-24,{}
24123,"02,15,22,26,30,33",04,2024-10-27,{}
24124,"02,14,15,17,25,30",11,2024-10-29,{}
24125,"01,04,13,18,26,30",03,2024-10-31,{}
24126,"14,18,23,24,26,33",10,2024-11-03,{}
24127,"02,05,13,20,27,32",10,2024-11-05,{}
24128,"01,08,13,18,20,26",16,2024-11-07,{}
24129,"09,10,13,19,24,32",01,2024-11-10,{}
24130,"01,08,12,17,19,24",16,2024-11-12,{}
24131,"04,05,11,15,20,32",13,2024-11-14,{}
24132,"01,04,25,27,28,33",03,2024-11-17,{}
24133,"01,11,15,27,30,33",01,2024-11-19,{}
24134,"02,04,13,16,18,20",16,2024-11-21,{}
24135,"05,11,17,18,30,31",13,2024-11-24,{}
24136,"03,11,15,21,25,26",03,2024-11-26,{}
24137,"04,09,10,19,26,27",12,2024-11-28,{}
24138,"02,07,11,21,27,28",02,2024-12-01,{}
24139,"15,16,20,22,23,29",14,2024-12-03,{}
24140,"04,07,08,17,22,26",15,2024-12-05,{}
24141,"01,02,07,15,24,29",12,2024-12-08,{}
24142,"04,06,13,21,22,25",06,2024-12-10,{}
24143,"02,05,11,22,30,33",10,2024-12-12,{}
24144,"02,09,11,17,20,30",11,2024-12-15,{}
24145,"01,03,16,22,23,30",03,2024-12-17,{}
24146,"02,04,11,22,27,32",10,2024-12-19,{}
24147,"05,11,13,16,21,30",10,2024-12-22,{}
24148,"02,06,15,16,21,23",11,2024-12-24,{}
24149,"03,09,16,17,18,22",16,2024-12-26,{}
24150,"13,14,20,22,26,32",02,2024-12-29,{}
24151,"05,10,16,19,29,32",04,2024-12-31,{}
25001,"02,03,17,18,22,33",16,2025-01-02,{}
25002,"09,12,13,15,22,26",11,2025-01-05,{}
25003,"10,19,20,26,28,29",15,2025-01-07,{}
25004,"03,07,17,27,29,32",04,2025-01-09,{}
25005,"10,16,19,27,28,30",09,2025-01-12,{}
25006,"01,07,08,17,20,22",06,2025-01-14,{}
25007,"07,08,14,18,21,27",11,2025-01-16,{}
25008,"09,14,16,17,25,33",11,2025-01-19,{}
25009,"02,04,11,12,23,25",06,2025-01-21,{}
25010,"04,06,07,16,17,21",08,2025-01-23,{}
25011,"06,13,17,22,24,29",11,2025-01-26,{}
25012,"07,11,13,18,27,31",11,2025-02-06,{}
25013,"04,14,16,23,24,30",14,2025-02-09,{}
25014,"06,07,09,13,21,27",05,2025-02-11,{}
25015,"04,11,15,24,25,33",15,2025-02-13,{}
25016,"02,03,12,16,20,29",14,2025-02-16,{}
25017,"04,12,15,18,28,29",05,2025-02-18,{}
25018,"03,09,18,21,28,29",11,2025-02-20,{}
25019,"05,13,17,18,22,23",11,2025-02-23,{}
25020,"04,11,13,16,26,30",15,2025-02-25,{}
25021,"07,08,16,18,25,32",14,2025-02-27,{}
25022,"11,17,18,20,28,30",10,2025-03-02,{}
25023,"09,12,13,24,25,33",07,2025-03-04,{}
25024,"10,11,22,27,30,32",15,2025-03-06,{}
25025,"12,15,21,23,25,30",02,2025-03-09,{}
25026,"09,10,12,14,19,32",07,2025-03-11,{}
25027,"05,07,08,15,16,23",06,2025-03-13,{}
25028,"04,09,14,15,18,25",15,2025-03-16,{}
25029,"05,15,16,25,30,33",16,2025-03-18,{}
25030,"04,06,07,30,31,33",06,2025-03-20,{}
25031,"01,05,06,08,23,28",01,2025-03-23,{}
25032,"03,08,10,14,16,21",03,2025-03-25,{}
25033,"03,05,18,25,26,33",08,2025-03-27,{}
25034,"05,08,13,14,24,26",12,2025-03-30,{}
25035,"01,08,16,18,25,31",01,2025-04-01,{}
25036,"05,11,13,16,19,32",07,2025-04-03,{}
25037,"03,06,11,20,21,31",02,2025-04-06,{}
25038,"06,19,20,23,26,33",09,2025-04-08,{}
25039,"08,10,12,15,17,23",11,2025-04-10,{}
25040,"02,06,08,09,10,24",11,2025-04-13,{}
25041,"06,10,17,19,25,31",06,2025-04-15,{}
25042,"07,13,19,23,27,33",12,2025-04-17,{}
25043,"03,12,16,19,20,32",13,2025-04-20,{}
25044,"02,03,07,08,14,28",11,2025-04-22,{}
25045,"02,14,19,24,29,33",13,2025-04-24,{}
25046,"02,03,10,16,29,33",01,2025-04-27,{}
25047,"01,14,21,22,23,31",12,2025-04-29,{}
25048,"16,21,22,23,27,31",10,2025-05-01,{}
25049,"03,06,19,27,29,33",11,2025-05-04,{}
25050,"09,12,15,18,22,33",16,2025-05-06,{}
25051,"01,02,03,04,17,22",01,2025-05-08,{}
25052,"06,07,10,17,20,26",09,2025-05-11,{}
25053,"06,09,10,13,30,33",07,2025-05-13,{}
25054,"05,07,10,21,24,27",16,2025-05-15,{}
25055,"02,05,22,27,29,33",12,2025-05-18,{}
25056,"01,02,10,14,28,31",03,2025-05-20,{}
25057,"04,09,15,16,25,30",14,2025-05-22,{}
25058,"02,06,07,09,10,20",06,2025-05-25,{}
25059,"04,10,11,12,13,24",01,2025-05-27,{}
25060,"06,14,18,25,28,30",01,2025-05-29,{}
25061,"06,07,09,10,11,32",09,2025-06-01,{}
25062,"06,08,09,13,25,31",14,2025-06-03,{}
25063,"02,19,21,22,28,30",01,2025-06-05,{}
25064,"02,10,13,22,29,33",16,2025-06-08,{}
25065,"06,10,13,14,15,20",11,2025-06-10,{}
25066,"06,22,24,27,28,30",04,2025-06-12,{}
25067,"01,05,10,17,20,22",05,2025-06-15,{}
25068,"05,07,08,19,20,31",07,2025-06-17,{}
25069,"02,04,19,23,27,30",05,2025-06-19,{}
25070,"02,03,15,21,22,33",06,2025-06-22,{}
25071,"01,12,18,23,25,28",07,2025-06-24,{}
25072,"02,14,17,25,27,29",05,2025-06-26,{}
25073,"02,07,10,27,30,33",11,2025-06-29,{}
25074,"03,04,12,20,32,33",13,2025-07-01,{}
25075,"10,12,14,19,20,21",15,2025-07-03,{}
25076,"02,06,09,12,14,30",08,2025-07-06,{}
25077,"04,07,08,15,20,21",15,2025-07-08,{}
25078,"06,15,17,30,32,33",14,2025-07-10,{}
25079,"08,11,14,15,30,32",05,2025-07-13,{}
25080,"03,07,08,10,16,19",05,2025-07-15,{}
25081,"03,06,18,20,23,28",05,2025-07-17,{}
25082,"04,06,09,14,32,33",11,2025-07-20,{}
25083,"10,15,16,17,27,29",12,2025-07-22,{}
25084,"06,08,10,14,24,33",15,2025-07-24,{}
25085,"11,14,15,18,21,24",13,2025-07-27,{}
25086,"02,06,08,10,17,24",06,2025-07-29,{}
25087,"02,06,14,15,24,26",08,2025-07-31,{}
25088,"01,03,13,18,21,25",06,2025-08-03,{}
25089,"04,06,08,18,31,33",05,2025-08-05,{}
25090,"06,11,12,21,27,28",15,2025-08-07,{}
25091,"03,04,17,19,25,27",14,2025-08-10,{}
25092,"02,11,14,17,23,24",12,2025-08-12,{}
25093,"09,11,12,24,25,26",10,2025-08-14,{}
25094,"11,13,17,19,23,29",16,2025-08-17,{}
25095,"15,16,22,23,26,32",04,2025-08-19,{}
25096,"07,09,11,12,16,29",15,2025-08-21,{}
25097,"03,05,16,23,26,31",14,2025-08-24,{}
25098,"05,08,13,17,18,29",02,2025-08-26,{}
25099,"09,11,15,17,22,26",14,2025-08-28,{}
25100,"12,16,17,25,30,31",16,2025-08-31,{}
25101,"05,08,09,10,16,21",05,2025-09-02,{}
25102,"04,09,16,17,18,31",07,2025-09-04,{}
25103,"13,16,21,25,28,31",16,2025-09-07,{}
25104,"02,05,15,16,24,32",16,2025-09-09,{}
25105,"04,07,18,24,26,28",08,2025-09-11,{}
25106,"04,05,17,22,26,30",04,2025-09-14,{}
25107,"02,03,10,15,25,33",13,2025-09-16,{}
25108,"01,09,14,17,22,33",07,2025-09-18,{}
25109,"05,06,09,17,18,31",03,2025-09-21,{}
25110,"01,05,11,14,16,19",08,2025-09-23,{}
25111,"09,14,18,28,31,33",12,2025-09-25,{}
25112,"03,09,11,13,20,32",02,2025-09-28,{}
25113,"08,10,13,15,24,31",16,2025-09-30,{}
25114,"01,20,21,25,26,27",10,2025-10-05,{}
25115,"02,03,08,19,24,30",02,2025-10-07,{}
25116,"02,04,08,24,28,31",09,2025-10-09,{}
25117,"06,08,17,20,25,33",10,2025-10-12,{}
25118,"01,10,11,16,24,26",03,2025-10-14,{}
25119,"06,09,23,26,28,32",11,2025-10-16,{}
25120,"01,02,04,07,13,32",07,2025-10-19,{}
25121,"06,08,10,25,29,30",08,2025-10-21,{}
25122,"16,18,19,20,25,31",13,2025-10-23,{}
25123,"07,09,23,24,25,26",10,2025-10-26,{}
25124,"01,02,18,19,21,33",13,2025-10-28,{}
25125,"03,09,12,13,26,32",09,2025-10-30,{}
25126,"02,12,13,16,19,25",10,2025-11-02,{}
25127,"03,09,15,17,19,28",03,2025-11-04,{}
25128,"02,10,18,19,24,27",01,2025-11-06,{}
25129,"03,04,07,13,20,30",03,2025-11-09,{}
25130,"01,05,08,14,19,23",06,2025-11-11,{}
25131,"03,13,14,18,24,31",03,2025-11-13,{}
25132,"04,08,10,21,23,32",11,2025-11-16,{}
25133,"05,14,17,19,20,33",07,2025-11-18,{}
25134,"03,05,09,13,26,29",12,2025-11-20,{}
25135,"01,02,05,09,25,32",10,2025-11-23,{}
25136,"08,10,14,23,28,32",12,2025-11-25,{}
25137,"02,08,11,23,27,29",05,2025-11-27,{}
25138,"10,13,14,23,24,27",15,2025-11-30,{}
25139,"02,05,17,22,30,33",06,2025-12-02,{}
25140,"01,03,04,12,18,24",05,2025-12-04,{}
25141,"02,04,05,10,12,13",06,2025-12-07,{}
25142,"02,13,15,23,27,31",16,2025-12-09,{}
25143,"02,09,12,13,15,24",03,2025-12-11,{}
25144,"01,08,15,20,26,33",13,2025-12-14,{}
25145,"11,12,15,18,25,32",14,2025-12-16,{}
25146,"05,07,12,24,26,28",02,2025-12-18,{}
25147,"01,03,05,08,22,33",08,2025-12-21,{}
25148,"03,04,09,10,15,22",16,2025-12-23,{}
25149,"01,02,04,06,22,30",10,2025-12-25,{}
25150,"06,13,17,19,24,31",08,2025-12-28,{}
25151,"08,09,14,22,28,30",04,2025-12-30,{}
26001,"02,06,11,12,13,33",15,2026-01-01,{}
26002,"01,05,07,18,30,32",02,2026-01-04,{}
26003,"05,06,09,21,28,30",16,2026-01-06,{}
26004,"03,07,08,09,18,32",10,2026-01-08,{}
26005,"01,20,22,27,30,33",10,2026-01-11,{}
26006,"02,06,22,23,24,28",15,2026-01-13,{}
26007,"09,13,19,27,29,30",01,2026-01-15,{}
26008,"06,09,16,27,31,33",10,2026-01-18,{}
26009,"03,06,13,19,23,25",10,2026-01-20,{}
26010,"04,09,10,15,19,26",12,2026-01-22,{}
26011,"02,03,04,20,31,32",04,2026-01-25,{}
26012,"03,05,07,16,20,24",08,2026-01-27,{}
26013,"04,09,12,13,16,20",01,2026-01-29,{}
26014,"07,13,19,22,26,32",01,2026-02-01,{}
26015,"07,10,13,22,27,31",12,2026-02-03,{}
26016,"04,05,09,10,27,30",13,2026-02-05,{}
26017,"01,03,05,18,29,32",04,2026-02-08,{}
26018,"11,15,17,22,25,30",07,2026-02-10,{}
26019,"07,08,16,17,18,30",01,2026-02-12,{}
26020,"01,13,14,21,24,30",02,2026-02-24,{}
26021,"03,13,25,26,30,31",04,2026-02-26,{}
26022,"15,18,23,25,28,32",11,2026-03-01,{}
26023,"01,03,08,10,23,29",06,2026-03-03,{}
26024,"01,02,13,21,23,29",14,2026-03-05,{}
26025,"02,03,15,20,23,24",10,2026-03-08,{}
26026,"02,09,16,22,25,29",03,2026-03-10,{}
26027,"02,13,17,18,25,26",13,2026-03-12,{}
26028,"02,06,09,17,25,28",15,2026-03-15,{}
26029,"06,19,22,23,28,31",05,2026-03-17,{}
26030,"10,11,14,19,22,24",04,2026-03-19,{}
26031,"03,10,12,13,18,33",08,2026-03-22,{}
26032,"01,03,11,18,31,33",02,2026-03-24,{}
26033,"03,06,13,21,28,29",06,2026-03-26,{}
26034,"01,03,07,13,22,23",07,2026-03-29,{}
26035,"02,06,12,24,25,32",02,2026-03-31,{}
26036,"06,10,12,15,22,28",08,2026-04-02,{}
26037,"11,22,27,29,31,33",12,2026-04-05,{}
26038,"01,02,13,23,25,27",05,2026-04-07,{}
26039,"08,17,18,21,25,30",05,2026-04-09,{}
26040,"03,04,14,22,23,33",04,2026-04-12,{}
26041,"02,08,10,17,19,24",13,2026-04-14,{}
26042,"02,07,12,19,24,31",10,2026-04-16,{}
26043,"06,09,14,16,25,32",16,2026-04-19,{}
26044,"02,14,17,18,22,30",01,2026-04-21,{}
26045,"04,11,15,17,24,30",15,2026-04-23,{}
26046,"02,09,10,24,31,33",16,2026-04-26,{}
26047,"07,16,21,24,27,30",07,2026-04-28,{}
26048,"09,15,18,24,28,33",01,2026-04-30,{}
26049,"03,04,14,15,18,20",02,2026-05-03,{}
26050,"06,09,25,27,28,30",03,2026-05-05,{}
26051,"09,14,15,16,29,30",10,2026-05-07,{}
26052,"01,03,11,22,26,31",11,2026-05-10,{}
26053,"01,02,03,08,13,14",02,2026-05-12,{}
26054,"13,20,25,29,30,33",02,2026-05-14,{}
26055,"04,11,24,25,32,33",13,2026-05-17,{}
26056,"10,19,21,22,31,33",05,2026-05-19,{}
26057,"01,10,22,24,28,30",07,2026-05-21,{}
26058,"01,04,07,21,29,30",01,2026-05-24,{}
26059,"08,16,26,28,29,30",15,2026-05-26,{}
26060,"07,09,10,16,22,27",11,2026-05-28,{}
26061,"01,04,05,15,23,28",07,2026-05-31,{}
26062,"02,04,07,14,28,29",09,2026-06-02,{}
26063,"02,08,25,28,30,31",02,2026-06-04,{}
26064,"01,09,15,18,29,33",15,2026-06-07,{}
26065,"07,08,16,24,30,32",02,2026-06-09,{}
26066,"05,11,21,23,24,29",16,2026-06-11,{}
26067,"04,19,27,29,30,32",13,2026-06-14,{}
26068,"03,05,16,18,29,32",04,2026-06-16,{}
26069,"12,14,16,17,18,32",08,2026-06-18,{}
26070,"03,06,08,14,26,27",08,2026-06-21,{}
26071,"03,08,19,25,31,33",05,2026-06-23,{}
26072,"07,08,12,15,17,21",01,2026-06-25,{}
26073,"09,10,13,16,19,21",08,2026-06-28,{}
26074,"02,23,24,26,28,32",04,2026-06-30,{}
26075,"08,12,18,21,24,30",01,2026-07-02,{}
26076,"01,03,19,20,24,25",07,2026-07-05,{}
26077,"01,04,05,14,18,25",04,2026-07-07,{}
26078,"07,11,14,16,27,28",06,2026-07-09,{}
26081,"06,10,12,15,24,27",12,2026-07-16
26080,"04,05,11,19,27,32",01,2026-07-14
26079,"01,11,17,22,24,29",04,2026-07-12
26084,"01,05,06,10,12,16",05,2026-07-23
26083,"07,14,15,23,28,33",03,2026-07-21
26082,"05,07,10,14,21,28",04,2026-07-19
26087,"04,06,10,18,23,31",11,2026-07-30
26086,"02,05,14,25,30,32",05,2026-07-28
26085,"06,09,13,17,24,28",15,2026-07-26
26088,"06,07,11,18,22,33",05,2026-08-02
